#separator:tab,,,,,,,,,,,,,,,,,,,,,,,,
#html:true,,,,,,,,,,,,,,,,,,,,,,,,
#tags column:25,,,,,,,,,,,,,,,,,,,,,,,,
dar + imperativo,dar,"<b><span style=""color: rgb(255, 85, 127);"">imperativo</span></b>",,Dá,Dê,Demos,Dêem,,Não dês,Não dê,Não demos,Não dêem,,ˈda,ˈde,ˈdɛmuʃ,ˈdeɐ̃j,,ˈnɐ̃w ˈdeʃ,ˈnɐ̃w ˈde,ˈnɐ̃w̃ ˈdɛmuʃ,ˈnɐ̃w ˈdeɐ̃j,,course-code::pt-conjugation verbs::tense::pt::presente-imperativo verbs::ending::pt::ar verbs::flag::pt::irregulares verbs::mood::pt::imperativo verbs::tense::pt::presente-imperativo verbs::unit-code::pt-conjugation::presente-imperativo
estar + imperativo,estar,"<b><span style=""color: rgb(255, 85, 127);"">imperativo</span></b>",,Está,Esteja,Estejamos,Estejam,,Não estejas,Não esteja,Não estejamos,Não estejam,,ʃˈta,ʃˈtɐjʒɐ,ʃtɨˈʒɐmuʃ,ʃˈtɐjʒɐ̃w,,ˈnɐ̃w ʃˈtɐjʒɐʃ,ˈnɐ̃w ʃˈtɐjʒɐ,ˈnɐ̃w̃ ʃtɨˈʒɐmuʃ,ˈnɐ̃w ʃˈtɐjʒɐ̃w,,course-code::pt-conjugation verbs::tense::pt::presente-imperativo verbs::ending::pt::ar verbs::flag::pt::irregulares verbs::mood::pt::imperativo verbs::tense::pt::presente-imperativo verbs::unit-code::pt-conjugation::presente-imperativo
ir + imperativo,ir,"<b><span style=""color: rgb(255, 85, 127);"">imperativo</span></b>",,Vai,Vá,Vamos,Vão,,Não vás,Não vá,Não vamos,Não vão,,ˈvaj,ˈva,ˈvɐmuʃ,ˈvɐ̃w,,ˈnɐ̃w ˈvaʃ,ˈnɐ̃w ˈva,ˈnɐ̃w̃ ˈvɐmuʃ,ˈnɐ̃w ˈvɐ̃w,,course-code::pt-conjugation verbs::tense::pt::presente-imperativo verbs::ending::pt::ir verbs::flag::pt::irregulares verbs::mood::pt::imperativo verbs::tense::pt::presente-imperativo verbs::unit-code::pt-conjugation::presente-imperativo
Abranger + passado (PPS),"Abranger (abarcar, alcanzar)","<span style=""color: rgb(255, 0, 0);""><b>passado (PPS)</b></span>",Abrangi,Abrangeste,Abrangeu,Abrangemos,Abrangeram,,,,,,/ɐ.bɾɐ̃.ˈʒi/,/ɐ.bɾɐ̃.ˈʒeʃ.tɨ/,/ɐ.bɾɐ̃.ˈʒew/,/ɐ.bɾɐ̃.ˈʒe.muʃ/,/ɐ.bɾɐ̃.ˈʒe.ɾɐ̃w/,,,,,,,course-code::pt-conjugation verbs verbs::ending::pt::er verbs::mood::pt::indicativo verbs::tense::pt::preterito-perfeito-simples-pps verbs::unit-code::pt-conjugation::preterito-perfeito-simples-pps
Abrir + passado (PPS),Abrir,"<span style=""color: rgb(255, 0, 0);""><b>passado (PPS)</b></span>",Abri,Abriste,Abriu,Abrimos,Abriram,,,,,,/ɐ.ˈbɾi/,/ɐ.ˈbɾiʃ.tɨ/,/ɐ.ˈbɾiw/,/ɐ.ˈbɾi.muʃ/,/ɐ.ˈbɾi.ɾɐ̃w/,,,,,,,course-code::pt-conjugation verbs verbs::ending::pt::ir verbs::flag::pt::basicos verbs::mood::pt::indicativo verbs::tense::pt::preterito-perfeito-simples-pps verbs::unit-code::pt-conjugation::preterito-perfeito-simples-pps
Acabar + passado (PPS),Acabar,"<span style=""color: rgb(255, 0, 0);""><b>passado (PPS)</b></span>",Acabei,Acabaste,Acabou,Acabámos,Acabaram,,,,,,/ɐ.kɐ.ˈbɐj/,/ɐ.kɐ.ˈbaʃ.tɨ/,/ɐ.kɐ.ˈbo/,/ɐ.kɐ.ˈba.muʃ/,/ɐ.kɐ.ˈba.ɾɐ̃w/,,,,,,,course-code::pt-conjugation verbs verbs::ending::pt::ar verbs::mood::pt::indicativo verbs::tense::pt::preterito-perfeito-simples-pps verbs::unit-code::pt-conjugation::preterito-perfeito-simples-pps
Acender + passado (PPS),"Acender  (encender, un cigarro, una cerilla...)","<span style=""color: rgb(255, 0, 0);""><b>passado (PPS)</b></span>",Acendi,Acendeste,Acendeu,Acendemos,Acenderam,,,,,,/ɐ.sẽ.ˈdi/,/ɐ.sẽ.ˈdeʃ.tɨ/,/ɐ.sẽ.ˈdew/,/ɐ.sẽ.ˈde.muʃ/,/ɐ.sẽ.ˈde.ɾɐ̃w/,,,,,,,course-code::pt-conjugation verbs verbs::ending::pt::er verbs::mood::pt::indicativo verbs::tense::pt::preterito-perfeito-simples-pps verbs::unit-code::pt-conjugation::preterito-perfeito-simples-pps
Acompanhar + passado (PPS),Acompanhar,"<span style=""color: rgb(255, 0, 0);""><b>passado (PPS)</b></span>",Acompanhei,Acompanhaste,Acompanhou,Acompanhámos,Acompanharam,,,,,,/ɐ.kõ.pɐ.ˈɲɐj/,/ɐ.kõ.pɐ.ˈɲaʃ.tɨ/,/ɐ.kõ.pɐ.ˈɲo/,/ɐ.kõ.pɐ.ˈɲa.muʃ/,/ɐ.kõ.pɐ.ˈɲa.ɾɐ̃w/,,,,,,,course-code::pt-conjugation verbs verbs::ending::pt::ar verbs::mood::pt::indicativo verbs::tense::pt::preterito-perfeito-simples-pps verbs::unit-code::pt-conjugation::preterito-perfeito-simples-pps
Acordar + passado (PPS),Acordar (despertarse),"<span style=""color: rgb(255, 0, 0);""><b>passado (PPS)</b></span>",Acordei,Acordaste,Acordou,Acordámos,Acordaram,,,,,,/ɐ.kuɾ.ˈdɐj/,/ɐ.kuɾ.ˈdaʃ.tɨ/,/ɐ.kuɾ.ˈdo/,/ɐ.kuɾ.ˈda.muʃ/,/ɐ.kuɾ.ˈda.ɾɐ̃w/,,,,,,,course-code::pt-conjugation verbs verbs::ending::pt::ar verbs::mood::pt::indicativo verbs::tense::pt::preterito-perfeito-simples-pps verbs::unit-code::pt-conjugation::preterito-perfeito-simples-pps
Acrescentar + passado (PPS),"Acrescentar  (añadir, p.e. a una receta)","<span style=""color: rgb(255, 0, 0);""><b>passado (PPS)</b></span>",Acrescentei,Acrescentaste,Acrescentou,Acrescentámos,Acrescentaram,,,,,,/ɐ.kɾɨʃ.sẽ.ˈtɐj/,/ɐ.kɾɨʃ.sẽ.ˈtaʃ.tɨ/,/ɐ.kɾɨʃ.sẽ.ˈto/,/ɐ.kɾɨʃ.sẽ.ˈta.muʃ/,/ɐ.kɾɨʃ.sẽ.ˈta.ɾɐ̃w/,,,,,,,course-code::pt-conjugation verbs verbs::ending::pt::ar verbs::mood::pt::indicativo verbs::tense::pt::preterito-perfeito-simples-pps verbs::unit-code::pt-conjugation::preterito-perfeito-simples-pps
Admitir + passado (PPS),Admitir,"<span style=""color: rgb(255, 0, 0);""><b>passado (PPS)</b></span>",Admiti,Admitiste,Admitiu,Admitimos,Admitiram,,,,,,/ɐd.mɨ.ˈti/,/ɐd.mɨ.ˈtiʃ.tɨ/,/ɐd.mɨ.ˈtiw/,/ɐd.mɨ.ˈti.muʃ/,/ɐd.mɨ.ˈti.ɾɐ̃w/,,,,,,,course-code::pt-conjugation verbs verbs::ending::pt::ir verbs::mood::pt::indicativo verbs::tense::pt::preterito-perfeito-simples-pps verbs::unit-code::pt-conjugation::preterito-perfeito-simples-pps
Agradecer + passado (PPS),Agradecer,"<span style=""color: rgb(255, 0, 0);""><b>passado (PPS)</b></span>",Agradeci,Agradeceste,Agradeceu,Agradecemos,Agradeceram,,,,,,/ɐ.gɾɐ.dɨ.ˈsi/,/ɐ.gɾɐ.dɨ.ˈseʃ.tɨ/,/ɐ.gɾɐ.dɨ.ˈsew/,/ɐ.gɾɐ.dɨ.ˈse.muʃ/,/ɐ.gɾɐ.dɨ.ˈse.ɾɐ̃w/,,,,,,,course-code::pt-conjugation verbs verbs::ending::pt::er verbs::mood::pt::indicativo verbs::tense::pt::preterito-perfeito-simples-pps verbs::unit-code::pt-conjugation::preterito-perfeito-simples-pps
Ajudar + passado (PPS),Ajudar  (ayudar),"<span style=""color: rgb(255, 0, 0);""><b>passado (PPS)</b></span>",Ajudei,Ajudaste,Ajudou,Ajudámos,Ajudaram,,,,,,/ɐ.ʒu.ˈdɐj/,/ɐ.ʒu.ˈdaʃ.tɨ/,/ɐ.ʒu.ˈdo/,/ɐ.ʒu.ˈda.muʃ/,/ɐ.ʒu.ˈda.ɾɐ̃w/,,,,,,,course-code::pt-conjugation verbs verbs::ending::pt::ar verbs::mood::pt::indicativo verbs::tense::pt::preterito-perfeito-simples-pps verbs::unit-code::pt-conjugation::preterito-perfeito-simples-pps
Almoçar + passado (PPS),"Almoçar (comer, almorzar)","<span style=""color: rgb(255, 0, 0);""><b>passado (PPS)</b></span>",Almocei,Almoçaste,Almoçou,Almoçámos,Almoçaram,,,,,,/aɫ.mu.ˈsɐj/,/aɫ.mu.ˈsaʃ.tɨ/,/aɫ.mu.ˈso/,/aɫ.mu.ˈsa.muʃ/,/aɫ.mu.ˈsa.ɾɐ̃w/,,,,,,,course-code::pt-conjugation verbs verbs::ending::pt::ar verbs::flag::pt::basicos verbs::mood::pt::indicativo verbs::tense::pt::preterito-perfeito-simples-pps verbs::unit-code::pt-conjugation::preterito-perfeito-simples-pps
Andar + passado (PPS),Andar,"<span style=""color: rgb(255, 0, 0);""><b>passado (PPS)</b></span>",Andei,Andaste,Andou,Andámos,Andaram,,,,,,/ɐ̃.ˈdɐj/,/ɐ̃.ˈdaʃ.tɨ/,/ɐ̃.ˈdo/,/ɐ̃.ˈda.muʃ/,/ɐ̃.ˈda.ɾɐ̃w/,,,,,,,course-code::pt-conjugation verbs verbs::ending::pt::ar verbs::mood::pt::indicativo verbs::tense::pt::preterito-perfeito-simples-pps verbs::unit-code::pt-conjugation::preterito-perfeito-simples-pps
Apanhar + passado (PPS),"Apanhar (tomar medio transporte, enfermedad, etc.)","<span style=""color: rgb(255, 0, 0);""><b>passado (PPS)</b></span>",Apanhei,Apanhaste,Apanhou,Apanhámos,Apanharam,,,,,,/ɐ.pɐ.ˈɲɐj/,/ɐ.pɐ.ˈɲaʃ.tɨ/,/ɐ.pɐ.ˈɲo/,/ɐ.pɐ.ˈɲa.muʃ/,/ɐ.pɐ.ˈɲa.ɾɐ̃w/,,,,,,,course-code::pt-conjugation verbs verbs::ending::pt::ar verbs::mood::pt::indicativo verbs::tense::pt::preterito-perfeito-simples-pps verbs::unit-code::pt-conjugation::preterito-perfeito-simples-pps
Apertar + passado (PPS),Apertar  (apretar),"<span style=""color: rgb(255, 0, 0);""><b>passado (PPS)</b></span>",Apertei,Apertaste,Apertou,Apertámos,Apertaram,,,,,,/ɐ.pɨɾ.ˈtɐj/,/ɐ.pɨɾ.ˈtaʃ.tɨ/,/ɐ.pɨɾ.ˈto/,/ɐ.pɨɾ.ˈta.muʃ/,/ɐ.pɨɾ.ˈta.ɾɐ̃w/,,,,,,,course-code::pt-conjugation verbs verbs::ending::pt::ar verbs::mood::pt::indicativo verbs::tense::pt::preterito-perfeito-simples-pps verbs::unit-code::pt-conjugation::preterito-perfeito-simples-pps
Aprender + passado (PPS),Aprender,"<span style=""color: rgb(255, 0, 0);""><b>passado (PPS)</b></span>",Aprendi,Aprendeste,Aprendeu,Aprendemos,Aprenderam,,,,,,/ɐ.pɾẽ.ˈdi/,/ɐ.pɾẽ.ˈdeʃ.tɨ/,/ɐ.pɾẽ.ˈdew/,/ɐ.pɾẽ.ˈde.muʃ/,/ɐ.pɾẽ.ˈde.ɾɐ̃w/,,,,,,,course-code::pt-conjugation verbs verbs::ending::pt::er verbs::flag::pt::basicos verbs::mood::pt::indicativo verbs::tense::pt::preterito-perfeito-simples-pps verbs::unit-code::pt-conjugation::preterito-perfeito-simples-pps
Aquecer + passado (PPS),Aquecer  (calentar),"<span style=""color: rgb(255, 0, 0);""><b>passado (PPS)</b></span>",Aqueci,Aqueceste,Aqueceu,Aquecemos,Aqueceram,,,,,,/ɐ.kɨ.ˈsi/,/ɐ.kɨ.ˈseʃ.tɨ/,/ɐ.kɨ.ˈsew/,/ɐ.kɨ.ˈse.muʃ/,/ɐ.kɨ.ˈse.ɾɐ̃w/,,,,,,,course-code::pt-conjugation verbs verbs::ending::pt::er verbs::flag::pt::basicos verbs::mood::pt::indicativo verbs::tense::pt::preterito-perfeito-simples-pps verbs::unit-code::pt-conjugation::preterito-perfeito-simples-pps
Assinar + passado (PPS),Assinar (firmar),"<span style=""color: rgb(255, 0, 0);""><b>passado (PPS)</b></span>",Assinei,Assinaste,Assinou,Assinámos,Assinaram,,,,,,/ɐ.si.ˈnɐj/,/ɐ.si.ˈnaʃ.tɨ/,/ɐ.si.ˈno/,/ɐ.si.ˈna.muʃ/,/ɐ.si.ˈna.ɾɐ̃w/,,,,,,,course-code::pt-conjugation verbs verbs::ending::pt::ar verbs::mood::pt::indicativo verbs::tense::pt::preterito-perfeito-simples-pps verbs::unit-code::pt-conjugation::preterito-perfeito-simples-pps
Assistir + passado (PPS),"Assistir (asistir, ayudar)","<span style=""color: rgb(255, 0, 0);""><b>passado (PPS)</b></span>",Assisti,Assististe,Assistiu,Assistimos,Assistiram,,,,,,/ɐ.sɨʃ.ˈti/,/ɐ.sɨʃ.ˈtiʃ.tɨ/,/ɐ.sɨʃ.ˈtiw/,/ɐ.sɨʃ.ˈti.muʃ/,/ɐ.sɨʃ.ˈti.ɾɐ̃w/,,,,,,,course-code::pt-conjugation verbs verbs::ending::pt::ir verbs::mood::pt::indicativo verbs::tense::pt::preterito-perfeito-simples-pps verbs::unit-code::pt-conjugation::preterito-perfeito-simples-pps
Atender + passado (PPS),"Atender (atender, contestar el teléfono)","<span style=""color: rgb(255, 0, 0);""><b>passado (PPS)</b></span>",Atendi,Atendeste,Atendeu,Atendemos,Atenderam,,,,,,/ɐ.tẽ.ˈdi/,/ɐ.tẽ.ˈdeʃ.tɨ/,/ɐ.tẽ.ˈdew/,/ɐ.tẽ.ˈde.muʃ/,/ɐ.tẽ.ˈde.ɾɐ̃w/,,,,,,,course-code::pt-conjugation verbs verbs::ending::pt::er verbs::mood::pt::indicativo verbs::tense::pt::preterito-perfeito-simples-pps verbs::unit-code::pt-conjugation::preterito-perfeito-simples-pps
Atrapalhar + passado (PPS),Atrapalhar  (estorbar),"<span style=""color: rgb(255, 0, 0);""><b>passado (PPS)</b></span>",Atrapalhei,Atrapalhaste,Atrapalhou,Atrapalhámos,Atrapalharam,,,,,,/ɐ.tɾɐ.pɐ.ˈʎɐj/,/ɐ.tɾɐ.pɐ.ˈʎaʃ.tɨ/,/ɐ.tɾɐ.pɐ.ˈʎo/,/ɐ.tɾɐ.pɐ.ˈʎa.muʃ/,/ɐ.tɾɐ.pɐ.ˈʎa.ɾɐ̃w/,,,,,,,course-code::pt-conjugation verbs verbs::ending::pt::ar verbs::mood::pt::indicativo verbs::tense::pt::preterito-perfeito-simples-pps verbs::unit-code::pt-conjugation::preterito-perfeito-simples-pps
Atribuir + passado (PPS),Atribuir,"<span style=""color: rgb(255, 0, 0);""><b>passado (PPS)</b></span>",Atribuí,Atribuíste,Atribuiu,Atribuímos,Atribuíram,,,,,,/ɐ.tɾi.bu.ˈi/,/ɐ.tɾi.bu.ˈiʃ.tɨ/,/ɐ.tɾi.bu.ˈiw/,/ɐ.tɾi.bu.ˈi.muʃ/,/ɐ.tɾi.bu.ˈi.ɾɐ̃w/,,,,,,,course-code::pt-conjugation verbs verbs::ending::pt::ir verbs::mood::pt::indicativo verbs::tense::pt::preterito-perfeito-simples-pps verbs::unit-code::pt-conjugation::preterito-perfeito-simples-pps
Bater + passado (PPS),"Bater (batir, golpear)","<span style=""color: rgb(255, 0, 0);""><b>passado (PPS)</b></span>",Bati,Bateste,Bateu,Batemos,Bateram,,,,,,/bɐ.ˈti/,/bɐ.ˈteʃ.tɨ/,/bɐ.ˈtew/,/bɐ.ˈte.muʃ/,/bɐ.ˈte.ɾɐ̃w/,,,,,,,course-code::pt-conjugation verbs verbs::ending::pt::er verbs::mood::pt::indicativo verbs::tense::pt::preterito-perfeito-simples-pps verbs::unit-code::pt-conjugation::preterito-perfeito-simples-pps
Beber + passado (PPS),Beber,"<span style=""color: rgb(255, 0, 0);""><b>passado (PPS)</b></span>",Bebi,Bebeste,Bebeu,Bebemos,Beberam,,,,,,/bɨ.ˈbi/,/bɨ.ˈbeʃ.tɨ/,/bɨ.ˈbew/,/bɨ.ˈbe.muʃ/,/bɨ.ˈbe.ɾɐ̃w/,,,,,,,course-code::pt-conjugation verbs verbs::ending::pt::er verbs::mood::pt::indicativo verbs::tense::pt::preterito-perfeito-simples-pps verbs::unit-code::pt-conjugation::preterito-perfeito-simples-pps
Beijar + passado (PPS),Beijar  (besarI,"<span style=""color: rgb(255, 0, 0);""><b>passado (PPS)</b></span>",Beijei,Beijaste,Beijou,Beijámos,Beijaram,,,,,,/bɐj.ˈʒɐj/,/bɐj.ˈʒaʃ.tɨ/,/bɐj.ˈʒo/,/bɐj.ˈʒa.muʃ/,/bɐj.ˈʒa.ɾɐ̃w/,,,,,,,course-code::pt-conjugation verbs verbs::ending::pt::ar verbs::flag::pt::basicos verbs::mood::pt::indicativo verbs::tense::pt::preterito-perfeito-simples-pps verbs::unit-code::pt-conjugation::preterito-perfeito-simples-pps
Cair + passado (PPS),Cair  (caer),"<span style=""color: rgb(255, 0, 0);""><b>passado (PPS)</b></span>",Cai,Caíste,Caiu,Caímos,Caíram,,,,,,/ˈkaj/,/kɐ.ˈiʃ.tɨ/,/kɐ.ˈiw/,/kɐ.ˈi.muʃ/,/kɐ.ˈi.ɾɐ̃w/,,,,,,,course-code::pt-conjugation verbs verbs::ending::pt::ir verbs::mood::pt::indicativo verbs::tense::pt::preterito-perfeito-simples-pps verbs::unit-code::pt-conjugation::preterito-perfeito-simples-pps
Calar + passado (PPS),Calar  (callar),"<span style=""color: rgb(255, 0, 0);""><b>passado (PPS)</b></span>",Calei,Calaste,Calou,Calámos,Calaram,,,,,,/kɐ.ˈɫɐj/,/kɐ.ˈɫaʃ.tɨ/,/kɐ.ˈɫo/,/kɐ.ˈɫa.muʃ/,/kɐ.ˈɫa.ɾɐ̃w/,,,,,,,course-code::pt-conjugation verbs verbs::ending::pt::ar verbs::mood::pt::indicativo verbs::tense::pt::preterito-perfeito-simples-pps verbs::unit-code::pt-conjugation::preterito-perfeito-simples-pps
Calar-se + passado (PPS),Calar-se  (callarse),"<span style=""color: rgb(255, 0, 0);""><b>passado (PPS)</b></span>",Calei-me,Calaste-te,Calou-se,Calámo-nos,Calaram-se,,,,,,/kɐ.ˈɫɐj-mɨ/,/kɐ.ˈɫaʃ.tɨ-tɨ/,/kɐ.ˈɫo-sɨ/,/kɐ.ˈɫa.mu-nuʃ/,/kɐ.ˈɫa.ɾɐ̃w-sɨ/,,,,,,,course-code::pt-conjugation verbs verbs::ending::pt::ar verbs::mood::pt::indicativo verbs::flag::pt::reflexos verbs::tense::pt::preterito-perfeito-simples-pps verbs::unit-code::pt-conjugation::preterito-perfeito-simples-pps
Cantar + passado (PPS),Cantar,"<span style=""color: rgb(255, 0, 0);""><b>passado (PPS)</b></span>",Cantei,Cantaste,Cantou,Cantámos,Cantaram,,,,,,/kɐ̃.ˈtɐj/,/kɐ̃.ˈtaʃ.tɨ/,/kɐ̃.ˈto/,/kɐ̃.ˈta.muʃ/,/kɐ̃.ˈta.ɾɐ̃w/,,,,,,,course-code::pt-conjugation verbs verbs::ending::pt::ar verbs::flag::pt::basicos verbs::mood::pt::indicativo verbs::tense::pt::preterito-perfeito-simples-pps verbs::unit-code::pt-conjugation::preterito-perfeito-simples-pps
Chamar + passado (PPS),Chamar (llamar),"<span style=""color: rgb(255, 0, 0);""><b>passado (PPS)</b></span>",Chamei,Chamaste,Chamou,Chamámos,Chamaram,,,,,,/ʃɐ.ˈmɐj/,/ʃɐ.ˈmaʃ.tɨ/,/ʃɐ.ˈmo/,/ʃɐ.ˈma.muʃ/,/ʃɐ.ˈma.ɾɐ̃w/,,,,,,,course-code::pt-conjugation verbs verbs::ending::pt::ar verbs::flag::pt::basicos verbs::mood::pt::indicativo verbs::tense::pt::preterito-perfeito-simples-pps verbs::unit-code::pt-conjugation::preterito-perfeito-simples-pps
Colocar + passado (PPS),Colocar,"<span style=""color: rgb(255, 0, 0);""><b>passado (PPS)</b></span>",Coloquei,Colocaste,Colocou,Colocámos,Colocaram,,,,,,/ku.ɫu.ˈkɐj/,/ku.ɫu.ˈkaʃ.tɨ/,/ku.ɫu.ˈko/,/ku.ɫu.ˈka.muʃ/,/ku.ɫu.ˈka.ɾɐ̃w/,,,,,,,course-code::pt-conjugation verbs verbs::ending::pt::ar verbs::mood::pt::indicativo verbs::tense::pt::preterito-perfeito-simples-pps verbs::unit-code::pt-conjugation::preterito-perfeito-simples-pps
Combinar + passado (PPS),"Combinar (acordar, pactar)","<span style=""color: rgb(255, 0, 0);""><b>passado (PPS)</b></span>",Combinei,Combinaste,Combinou,Combinámos,Combinaram,,,,,,/kõ.bi.ˈnɐj/,/kõ.bi.ˈnaʃ.tɨ/,/kõ.bi.ˈno/,/kõ.bi.ˈna.muʃ/,/kõ.bi.ˈna.ɾɐ̃w/,,,,,,,course-code::pt-conjugation verbs verbs::ending::pt::ar verbs::flag::pt::basicos verbs::mood::pt::indicativo verbs::tense::pt::preterito-perfeito-simples-pps verbs::unit-code::pt-conjugation::preterito-perfeito-simples-pps
Começar + passado (PPS),Começar  (comenzar),"<span style=""color: rgb(255, 0, 0);""><b>passado (PPS)</b></span>",Comecei,Começaste,Começou,Começámos,Começaram,,,,,,/ku.mɨ.ˈsɐj/,/ku.mɨ.ˈsaʃ.tɨ/,/ku.mɨ.ˈso/,/ku.mɨ.ˈsa.muʃ/,/ku.mɨ.ˈsa.ɾɐ̃w/,,,,,,,course-code::pt-conjugation verbs verbs::ending::pt::ar verbs::flag::pt::basicos verbs::mood::pt::indicativo verbs::tense::pt::preterito-perfeito-simples-pps verbs::unit-code::pt-conjugation::preterito-perfeito-simples-pps
Comer + passado (PPS),Comer,"<span style=""color: rgb(255, 0, 0);""><b>passado (PPS)</b></span>",Comi,Comeste,Comeu,Comemos,Comeram,,,,,,/ku.ˈmi/,/ku.ˈmeʃ.tɨ/,/ku.ˈmew/,/ku.ˈme.muʃ/,/ku.ˈme.ɾɐ̃w/,,,,,,,course-code::pt-conjugation verbs verbs::ending::pt::er verbs::flag::pt::basicos verbs::mood::pt::indicativo verbs::tense::pt::preterito-perfeito-simples-pps verbs::unit-code::pt-conjugation::preterito-perfeito-simples-pps
Compreender + passado (PPS),Compreender,"<span style=""color: rgb(255, 0, 0);""><b>passado (PPS)</b></span>",Compreendi,Compreendeste,Compreendeu,Compreendemos,Compreenderam,,,,,,/kõ.pɾi.ẽ.ˈdi/,/kõ.pɾi.ẽ.ˈdeʃ.tɨ/,/kõ.pɾi.ẽ.ˈdew/,/kõ.pɾi.ẽ.ˈde.muʃ/,/kõ.pɾi.ẽ.ˈde.ɾɐ̃w/,,,,,,,course-code::pt-conjugation verbs verbs::ending::pt::er verbs::mood::pt::indicativo verbs::tense::pt::preterito-perfeito-simples-pps verbs::unit-code::pt-conjugation::preterito-perfeito-simples-pps
Conduzir + passado (PPS),Conduzir,"<span style=""color: rgb(255, 0, 0);""><b>passado (PPS)</b></span>",Conduzi,Conduziste,Conduziu,Conduzimos,Conduziram,,,,,,/kõ.du.ˈzi/,/kõ.du.ˈziʃ.tɨ/,/kõ.du.ˈziw/,/kõ.du.ˈzi.muʃ/,/kõ.du.ˈzi.ɾɐ̃w/,,,,,,,course-code::pt-conjugation verbs verbs::ending::pt::ir verbs::mood::pt::indicativo verbs::tense::pt::preterito-perfeito-simples-pps verbs::unit-code::pt-conjugation::preterito-perfeito-simples-pps
Conhecer + passado (PPS),Conhecer,"<span style=""color: rgb(255, 0, 0);""><b>passado (PPS)</b></span>",Conheci,Conheceste,Conheceu,Conhecemos,Conheceram,,,,,,/ku.ɲɨ.ˈsi/,/ku.ɲɨ.ˈseʃ.tɨ/,/ku.ɲɨ.ˈsew/,/ku.ɲɨ.ˈse.muʃ/,/ku.ɲɨ.ˈse.ɾɐ̃w/,,,,,,,course-code::pt-conjugation verbs verbs::ending::pt::er verbs::mood::pt::indicativo verbs::tense::pt::preterito-perfeito-simples-pps verbs::unit-code::pt-conjugation::preterito-perfeito-simples-pps
Conseguir + passado (PPS),Conseguir,"<span style=""color: rgb(255, 0, 0);""><b>passado (PPS)</b></span>",Consegui,Conseguiste,Conseguiu,Conseguimos,Conseguiram,,,,,,/kõ.sɨ.ˈgi/,/kõ.sɨ.ˈgiʃ.tɨ/,/kõ.sɨ.ˈgiw/,/kõ.sɨ.ˈgi.muʃ/,/kõ.sɨ.ˈgi.ɾɐ̃w/,,,,,,,course-code::pt-conjugation verbs verbs::ending::pt::ir verbs::mood::pt::indicativo verbs::tense::pt::preterito-perfeito-simples-pps verbs::unit-code::pt-conjugation::preterito-perfeito-simples-pps
Constituir + passado (PPS),Constituir,"<span style=""color: rgb(255, 0, 0);""><b>passado (PPS)</b></span>",Constituí,Constituíste,Constituiu,Constituímos,Constituíram,,,,,,/kõʃ.ti.tu.ˈi/,/kõʃ.ti.tu.ˈiʃ.tɨ/,/kõʃ.ti.tu.ˈiw/,/kõʃ.ti.tu.ˈi.muʃ/,/kõʃ.ti.tu.ˈi.ɾɐ̃w/,,,,,,,course-code::pt-conjugation verbs verbs::ending::pt::ir verbs::mood::pt::indicativo verbs::tense::pt::preterito-perfeito-simples-pps verbs::unit-code::pt-conjugation::preterito-perfeito-simples-pps
Construir + passado (PPS),Construir,"<span style=""color: rgb(255, 0, 0);""><b>passado (PPS)</b></span>",Construí,Construíste,Construiu,Construímos,Construíram,,,,,,/kõʃ.tɾu.ˈi/,/kõʃ.tɾu.ˈiʃ.tɨ/,/kõʃ.tɾu.ˈiw/,/kõʃ.tɾu.ˈi.muʃ/,/kõʃ.tɾu.ˈi.ɾɐ̃w/,,,,,,,course-code::pt-conjugation verbs verbs::ending::pt::ir verbs::mood::pt::indicativo verbs::tense::pt::preterito-perfeito-simples-pps verbs::unit-code::pt-conjugation::preterito-perfeito-simples-pps
Convidar + passado (PPS),Convidar (invitar),"<span style=""color: rgb(255, 0, 0);""><b>passado (PPS)</b></span>",Convidei,Convidaste,Convidou,Convidámos,Convidaram,,,,,,/kõ.vi.ˈdɐj/,/kõ.vi.ˈdaʃ.tɨ/,/kõ.vi.ˈdo/,/kõ.vi.ˈda.muʃ/,/kõ.vi.ˈda.ɾɐ̃w/,,,,,,,course-code::pt-conjugation verbs verbs::ending::pt::ar verbs::flag::pt::basicos verbs::mood::pt::indicativo verbs::tense::pt::preterito-perfeito-simples-pps verbs::unit-code::pt-conjugation::preterito-perfeito-simples-pps
Correr + passado (PPS),Correr,"<span style=""color: rgb(255, 0, 0);""><b>passado (PPS)</b></span>",Corri,Correste,Correu,Corremos,Correram,,,,,,/ku.ˈʁi/,/ku.ˈʁeʃ.tɨ/,/ku.ˈʁew/,/ku.ˈʁe.muʃ/,/ku.ˈʁe.ɾɐ̃w/,,,,,,,course-code::pt-conjugation verbs verbs::ending::pt::er verbs::mood::pt::indicativo verbs::tense::pt::preterito-perfeito-simples-pps verbs::unit-code::pt-conjugation::preterito-perfeito-simples-pps
Corrigir + passado (PPS),Corrigir,"<span style=""color: rgb(255, 0, 0);""><b>passado (PPS)</b></span>",Corrigi,Corrigiste,Corrigiu,Corrigimos,Corrigiram,,,,,,/ku.ʁɨ.ˈʒi/,/ku.ʁɨ.ˈʒiʃ.tɨ/,/ku.ʁɨ.ˈʒiw/,/ku.ʁɨ.ˈʒi.muʃ/,/ku.ʁɨ.ˈʒi.ɾɐ̃w/,,,,,,,course-code::pt-conjugation verbs verbs::ending::pt::ir verbs::mood::pt::indicativo verbs::tense::pt::preterito-perfeito-simples-pps verbs::unit-code::pt-conjugation::preterito-perfeito-simples-pps
Cortar + passado (PPS),Cortar,"<span style=""color: rgb(255, 0, 0);""><b>passado (PPS)</b></span>",Cortei,Cortaste,Cortou,Cortámos,Cortaram,,,,,,/kuɾ.ˈtɐj/,/kuɾ.ˈtaʃ.tɨ/,/kuɾ.ˈto/,/kuɾ.ˈta.muʃ/,/kuɾ.ˈta.ɾɐ̃w/,,,,,,,course-code::pt-conjugation verbs verbs::ending::pt::ar verbs::mood::pt::indicativo verbs::tense::pt::preterito-perfeito-simples-pps verbs::unit-code::pt-conjugation::preterito-perfeito-simples-pps
Costumar + passado (PPS),Costumar (soler),"<span style=""color: rgb(255, 0, 0);""><b>passado (PPS)</b></span>",Costumei,Costumaste,Costumou,Costumámos,Costumaram,,,,,,/kuʃ.tu.ˈmɐj/,/kuʃ.tu.ˈmaʃ.tɨ/,/kuʃ.tu.ˈmo/,/kuʃ.tu.ˈma.muʃ/,/kuʃ.tu.ˈma.ɾɐ̃w/,,,,,,,course-code::pt-conjugation verbs verbs::ending::pt::ar verbs::flag::pt::basicos verbs::mood::pt::indicativo verbs::tense::pt::preterito-perfeito-simples-pps verbs::unit-code::pt-conjugation::preterito-perfeito-simples-pps
Crer + passado (PPS),Crer  (creer),"<span style=""color: rgb(255, 0, 0);""><b>passado (PPS)</b></span>",Cri,Creste,Creu,Cremos,Creram,,,,,,/ˈkɾi/,/ˈkɾeʃ.tɨ/,/ˈkɾew/,/ˈkɾe.muʃ/,/ˈkɾe.ɾɐ̃w/,,,,,,,course-code::pt-conjugation verbs verbs::ending::pt::er verbs::mood::pt::indicativo verbs::tense::pt::preterito-perfeito-simples-pps verbs::unit-code::pt-conjugation::preterito-perfeito-simples-pps
Crescer + passado (PPS),Crescer,"<span style=""color: rgb(255, 0, 0);""><b>passado (PPS)</b></span>",Cresci,Cresceste,Cresceu,Crescemos,Cresceram,,,,,,/kɾɨʃ.ˈsi/,/kɾɨʃ.ˈseʃ.tɨ/,/kɾɨʃ.ˈsew/,/kɾɨʃ.ˈse.muʃ/,/kɾɨʃ.ˈse.ɾɐ̃w/,,,,,,,course-code::pt-conjugation verbs verbs::ending::pt::er verbs::mood::pt::indicativo verbs::tense::pt::preterito-perfeito-simples-pps verbs::unit-code::pt-conjugation::preterito-perfeito-simples-pps
Cruzar + passado (PPS),Cruzar,"<span style=""color: rgb(255, 0, 0);""><b>passado (PPS)</b></span>",Cruzei,Cruzaste,Cruzou,Cruzámos,Cruzaram,,,,,,/kɾu.ˈzɐj/,/kɾu.ˈzaʃ.tɨ/,/kɾu.ˈzo/,/kɾu.ˈza.muʃ/,/kɾu.ˈza.ɾɐ̃w/,,,,,,,course-code::pt-conjugation verbs verbs::ending::pt::ar verbs::mood::pt::indicativo verbs::tense::pt::preterito-perfeito-simples-pps verbs::unit-code::pt-conjugation::preterito-perfeito-simples-pps
Cruzar-se + passado (PPS),Cruzar-se,"<span style=""color: rgb(255, 0, 0);""><b>passado (PPS)</b></span>",Cruzei-me,Cruzaste-te,Cruzou-se,Cruzámo-nos,Cruzaram-se,,,,,,/kɾu.ˈzɐj-mɨ/,/kɾu.ˈzaʃ.tɨ-tɨ/,/kɾu.ˈzo-sɨ/,/kɾu.ˈza.mu-nuʃ/,/kɾu.ˈza.ɾɐ̃w-sɨ/,,,,,,,course-code::pt-conjugation verbs verbs::ending::pt::ar verbs::mood::pt::indicativo verbs::flag::pt::reflexos verbs::tense::pt::preterito-perfeito-simples-pps verbs::unit-code::pt-conjugation::preterito-perfeito-simples-pps
Cumprir + passado (PPS),Cumprir (cumplir e.g. años),"<span style=""color: rgb(255, 0, 0);""><b>passado (PPS)</b></span>",Cumpri,Cumpriste,Cumpriu,Cumprimos,Cumpriram,,,,,,/kũ.ˈpɾi/,/kũ.ˈpɾiʃ.tɨ/,/kũ.ˈpɾiw/,/kũ.ˈpɾi.muʃ/,/kũ.ˈpɾi.ɾɐ̃w/,,,,,,,course-code::pt-conjugation verbs verbs::ending::pt::ir verbs::mood::pt::indicativo verbs::tense::pt::preterito-perfeito-simples-pps verbs::unit-code::pt-conjugation::preterito-perfeito-simples-pps
Dançar + passado (PPS),Dançar  (bailar),"<span style=""color: rgb(255, 0, 0);""><b>passado (PPS)</b></span>",Dancei,Dançaste,Dançou,Dançámos,Dançaram,,,,,,/dɐ̃.ˈsɐj/,/dɐ̃.ˈsaʃ.tɨ/,/dɐ̃.ˈso/,/dɐ̃.ˈsa.muʃ/,/dɐ̃.ˈsa.ɾɐ̃w/,,,,,,,course-code::pt-conjugation verbs verbs::ending::pt::ar verbs::mood::pt::indicativo verbs::tense::pt::preterito-perfeito-simples-pps verbs::unit-code::pt-conjugation::preterito-perfeito-simples-pps
Dar + passado (PPS),Dar,"<span style=""color: rgb(255, 0, 0);""><b>passado (PPS)</b></span>",Dei,Deste,Deu,Demos,Deram,,,,,,/ˈdɐj/,/ˈdeʃ.tɨ/,/ˈdew/,/ˈde.muʃ/,/ˈde.ɾɐ̃w/,,,,,,,course-code::pt-conjugation verbs::flag::pt::irregulares verbs::mood::pt::indicativo verbs::tense::pt::preterito-perfeito-simples-pps verbs::unit-code::pt-conjugation::preterito-perfeito-simples-pps
Decidir + passado (PPS),Decidir,"<span style=""color: rgb(255, 0, 0);""><b>passado (PPS)</b></span>",Decidi,Decidiste,Decidiu,Decidimos,Decidiram,,,,,,dɨ.sɨ.ˈdi/,/dɨ.sɨ.ˈdiʃ.tɨ/,/dɨ.sɨ.ˈdiw/,/dɨ.sɨ.ˈdi.muʃ/,/dɨ.sɨ.ˈdi.ɾɐ̃w/,,,,,,,course-code::pt-conjugation verbs verbs::ending::pt::ir verbs::mood::pt::indicativo verbs::tense::pt::preterito-perfeito-simples-pps verbs::unit-code::pt-conjugation::preterito-perfeito-simples-pps
Deitar + passado (PPS),"Deitar (acostar, recostar)","<span style=""color: rgb(255, 0, 0);""><b>passado (PPS)</b></span>",Deitei,Deitaste,Deitou,Deitámos,Deitaram,,,,,,/dɐj.ˈtɐj/,/dɐj.ˈtaʃ.tɨ/,/dɐj.ˈto/,/dɐj.ˈta.muʃ/,/dɐj.ˈta.ɾɐ̃w/,,,,,,,course-code::pt-conjugation verbs verbs::ending::pt::ar verbs::mood::pt::indicativo verbs::tense::pt::preterito-perfeito-simples-pps verbs::unit-code::pt-conjugation::preterito-perfeito-simples-pps
Deitar-se + passado (PPS),Deitar-se  (acostarse),"<span style=""color: rgb(255, 0, 0);""><b>passado (PPS)</b></span>",Deitei-me,Deitaste-te,Deitou-se,Deitamo-nos,Deitaram-se,,,,,,/dɐj.ˈtɐj-mɨ/,/dɐj.ˈtaʃ.tɨ-tɨ/,/dɐj.ˈto-sɨ/,/dɐj.ˈtɐ.mu-nuʃ/,/dɐj.ˈta.ɾɐ̃w-sɨ/,,,,,,,course-code::pt-conjugation verbs verbs::ending::pt::ar verbs::flag::pt::basicos verbs::mood::pt::indicativo verbs::flag::pt::reflexos verbs::tense::pt::preterito-perfeito-simples-pps verbs::unit-code::pt-conjugation::preterito-perfeito-simples-pps
Deixar + passado (PPS),Deixar  (dejar),"<span style=""color: rgb(255, 0, 0);""><b>passado (PPS)</b></span>",Deixei,Deixaste,Deixou,Deixámos,Deixaram,,,,,,/dɐj.ˈʃɐj/,/dɐj.ˈʃaʃ.tɨ/,/dɐj.ˈʃo/,/dɐj.ˈʃa.muʃ/,/dɐj.ˈʃa.ɾɐ̃w/,,,,,,,course-code::pt-conjugation verbs verbs::ending::pt::ar verbs::mood::pt::indicativo verbs::tense::pt::preterito-perfeito-simples-pps verbs::unit-code::pt-conjugation::preterito-perfeito-simples-pps
Descer + passado (PPS),Descer  (bajar),"<span style=""color: rgb(255, 0, 0);""><b>passado (PPS)</b></span>",Desci,Desceste,Desceu,Descemos,Desceram,,,,,,/dɨʃ.ˈsi/,/dɨʃ.ˈseʃ.tɨ/,/dɨʃ.ˈsew/,/dɨʃ.ˈse.muʃ/,/dɨʃ.ˈse.ɾɐ̃w/,,,,,,,course-code::pt-conjugation verbs verbs::ending::pt::er verbs::mood::pt::indicativo verbs::tense::pt::preterito-perfeito-simples-pps verbs::unit-code::pt-conjugation::preterito-perfeito-simples-pps
Desistir + passado (PPS),Desistir,"<span style=""color: rgb(255, 0, 0);""><b>passado (PPS)</b></span>",Desisti,Desististe,Desistiu,Desistimos,Desistiram,,,,,,/dɨ.zɨʃ.ˈti/,/dɨ.zɨʃ.ˈtiʃ.tɨ/,/dɨ.zɨʃ.ˈtiw/,/dɨ.zɨʃ.ˈti.muʃ/,/dɨ.zɨʃ.ˈti.ɾɐ̃w/,,,,,,,course-code::pt-conjugation verbs verbs::ending::pt::ir verbs::mood::pt::indicativo verbs::tense::pt::preterito-perfeito-simples-pps verbs::unit-code::pt-conjugation::preterito-perfeito-simples-pps
Despir + passado (PPS),Despir (Desvestir),"<span style=""color: rgb(255, 0, 0);""><b>passado (PPS)</b></span>",Despi,Despiste,Despiu,Despimos,Despiram,,,,,,/dɨʃ.ˈpi/,/dɨʃ.ˈpiʃ.tɨ/,/dɨʃ.ˈpiw/,/dɨʃ.ˈpi.muʃ/,/dɨʃ.ˈpi.ɾɐ̃w/,,,,,,,course-code::pt-conjugation verbs verbs::ending::pt::ir verbs::mood::pt::indicativo verbs::tense::pt::preterito-perfeito-simples-pps verbs::unit-code::pt-conjugation::preterito-perfeito-simples-pps
Despir-se + passado (PPS),Despir-se  (desvestirse),"<span style=""color: rgb(255, 0, 0);""><b>passado (PPS)</b></span>",Despi-me,Despiu-te,Despiu-se,Despimo-nos,Despiram-se,,,,,,/dɨʃ.ˈpi-mɨ/,/dɨʃ.ˈpiw-tɨ/,/dɨʃ.ˈpiw-sɨ/,/dɨʃ.ˈpi.mu-nuʃ/,/dɨʃ.ˈpi.ɾɐ̃w-sɨ/,,,,,,,course-code::pt-conjugation verbs verbs::ending::pt::ir verbs::flag::pt::basicos verbs::mood::pt::indicativo verbs::flag::pt::reflexos verbs::tense::pt::preterito-perfeito-simples-pps verbs::unit-code::pt-conjugation::preterito-perfeito-simples-pps
Destruir + passado (PPS),Destruir,"<span style=""color: rgb(255, 0, 0);""><b>passado (PPS)</b></span>",Destruí,Destruíste,Destruíu,Destruímos,Destruíram,,,,,,/dɨʃ.tɾu.ˈi/,/dɨʃ.tɾu.ˈiʃ.tɨ/,/dɨʃ.tɾu.ˈi.u/,/dɨʃ.tɾu.ˈi.muʃ/,/dɨʃ.tɾu.ˈi.ɾɐ̃w/,,,,,,,course-code::pt-conjugation verbs verbs::ending::pt::ir verbs::mood::pt::indicativo verbs::tense::pt::preterito-perfeito-simples-pps verbs::unit-code::pt-conjugation::preterito-perfeito-simples-pps
Dever + passado (PPS),Dever  (deber),"<span style=""color: rgb(255, 0, 0);""><b>passado (PPS)</b></span>",Devi,Deveste,Deveu,Devmos,Deveram,,,,,,/dɨ.ˈvi/,/dɨ.ˈveʃ.tɨ/,/dɨ.ˈvew/,/ˈdev.muʃ/,/dɨ.ˈve.ɾɐ̃w/,,,,,,,course-code::pt-conjugation verbs verbs::ending::pt::er verbs::mood::pt::indicativo verbs::tense::pt::preterito-perfeito-simples-pps verbs::unit-code::pt-conjugation::preterito-perfeito-simples-pps
Dirigir + passado (PPS),Dirigir,"<span style=""color: rgb(255, 0, 0);""><b>passado (PPS)</b></span>",Dirigi,Dirigiste,Dirigiu,Dirigimos,Dirigiram,,,,,,/dɨ.ɾɨ.ˈʒi/,/dɨ.ɾɨ.ˈʒiʃ.tɨ/,/dɨ.ɾɨ.ˈʒiw/,/dɨ.ɾɨ.ˈʒi.muʃ/,/dɨ.ɾɨ.ˈʒi.ɾɐ̃w/,,,,,,,course-code::pt-conjugation verbs verbs::ending::pt::ir verbs::mood::pt::indicativo verbs::tense::pt::preterito-perfeito-simples-pps verbs::unit-code::pt-conjugation::preterito-perfeito-simples-pps
Discutir + passado (PPS),Discutir,"<span style=""color: rgb(255, 0, 0);""><b>passado (PPS)</b></span>",Discuti,Discutiste,Discutiu,Discutimos,Discutiram,,,,,,/dɨʃ.ku.ˈti/,/dɨʃ.ku.ˈtiʃ.tɨ/,/dɨʃ.ku.ˈtiw/,/dɨʃ.ku.ˈti.muʃ/,/dɨʃ.ku.ˈti.ɾɐ̃w/,,,,,,,course-code::pt-conjugation verbs verbs::ending::pt::ir verbs::mood::pt::indicativo verbs::tense::pt::preterito-perfeito-simples-pps verbs::unit-code::pt-conjugation::preterito-perfeito-simples-pps
Dissolver + passado (PPS),Dissolver,"<span style=""color: rgb(255, 0, 0);""><b>passado (PPS)</b></span>",Dissolvi,Dissolveste,Dissolveu,Dissolvemos,Dissolveram,,,,,,/di.sɔɫ.ˈvi/,/di.sɔɫ.ˈveʃ.tɨ/,/di.sɔɫ.ˈvew/,/di.sɔɫ.ˈve.muʃ/,/di.sɔɫ.ˈve.ɾɐ̃w/,,,,,,,course-code::pt-conjugation verbs verbs::ending::pt::er verbs::mood::pt::indicativo verbs::tense::pt::preterito-perfeito-simples-pps verbs::unit-code::pt-conjugation::preterito-perfeito-simples-pps
Distribuir + passado (PPS),Distribuir,"<span style=""color: rgb(255, 0, 0);""><b>passado (PPS)</b></span>",Distribuí,Distribuíste,Distribuíu,Distribuímos,Distribuíram,,,,,,/dɨʃ.tɾi.bu.ˈi/,/dɨʃ.tɾi.bu.ˈiʃ.tɨ/,/dɨʃ.tɾi.bu.ˈi.u/,/dɨʃ.tɾi.bu.ˈi.muʃ/,/dɨʃ.tɾi.bu.ˈi.ɾɐ̃w/,,,,,,,course-code::pt-conjugation verbs verbs::ending::pt::ir verbs::mood::pt::indicativo verbs::tense::pt::preterito-perfeito-simples-pps verbs::unit-code::pt-conjugation::preterito-perfeito-simples-pps
Dizer + passado (PPS),Dizer,"<span style=""color: rgb(255, 0, 0);""><b>passado (PPS)</b></span>",Disse,Disses,Disse,Dissemos,Disseram,,,,,,/ˈdi.sɨ/,/ˈdi.sɨʃ/,/ˈdi.sɨ/,/di.ˈse.muʃ/,/di.ˈse.ɾɐ̃w/,,,,,,,course-code::pt-conjugation verbs::flag::pt::irregulares verbs::mood::pt::indicativo verbs::tense::pt::preterito-perfeito-simples-pps verbs::unit-code::pt-conjugation::preterito-perfeito-simples-pps
Doer + passado (PPS),Doer  (doler),"<span style=""color: rgb(255, 0, 0);""><b>passado (PPS)</b></span>",Doeu,Doeste,Doeu,Doemos,Doeram,,,,,,/du.ˈew/,/du.ˈeʃ.tɨ/,/du.ˈew/,/du.ˈe.muʃ/,/du.ˈe.ɾɐ̃w/,,,,,,,course-code::pt-conjugation verbs verbs::ending::pt::er verbs::mood::pt::indicativo verbs::tense::pt::preterito-perfeito-simples-pps verbs::unit-code::pt-conjugation::preterito-perfeito-simples-pps
Dormir + passado (PPS),Dormir,"<span style=""color: rgb(255, 0, 0);""><b>passado (PPS)</b></span>",Dormi,Dormiste,Dormiu,Dormimos,Dormiram,,,,,,/duɾ.ˈmi/,/duɾ.ˈmiʃ.tɨ/,/duɾ.ˈmiw/,/duɾ.ˈmi.muʃ/,/duɾ.ˈmi.ɾɐ̃w/,,,,,,,course-code::pt-conjugation verbs verbs::ending::pt::ir verbs::flag::pt::basicos verbs::mood::pt::indicativo verbs::tense::pt::preterito-perfeito-simples-pps verbs::unit-code::pt-conjugation::preterito-perfeito-simples-pps
Encontrar + passado (PPS),Encontrar,"<span style=""color: rgb(255, 0, 0);""><b>passado (PPS)</b></span>",Encontrei,Encontraste,Encontrou,Encontrámos,Encontraram,,,,,,/ẽkõˈtɾɐj/,/ẽ.kõ.ˈtɾaʃ.tɨ/,/ẽ.kõ.ˈtɾo/,/ẽ.kõ.ˈtɾa.muʃ/,/ẽ.kõ.ˈtɾa.ɾɐ̃w/,,,,,,,course-code::pt-conjugation verbs verbs::ending::pt::ar verbs::mood::pt::indicativo verbs::tense::pt::preterito-perfeito-simples-pps verbs::unit-code::pt-conjugation::preterito-perfeito-simples-pps
Ensinar + passado (PPS),Ensinar (enseñar),"<span style=""color: rgb(255, 0, 0);""><b>passado (PPS)</b></span>",Ensinei,Ensinaste,Ensinou,Ensinámos,Ensinaram,,,,,,/ẽsiˈnɐj/,/ẽ.si.ˈnaʃ.tɨ/,/ẽ.si.ˈno/,/ẽ.si.ˈna.muʃ/,/ẽ.si.ˈna.ɾɐ̃w/,,,,,,,course-code::pt-conjugation verbs verbs::ending::pt::ar verbs::mood::pt::indicativo verbs::tense::pt::preterito-perfeito-simples-pps verbs::unit-code::pt-conjugation::preterito-perfeito-simples-pps
Entender + passado (PPS),Entender,"<span style=""color: rgb(255, 0, 0);""><b>passado (PPS)</b></span>",Entendi,Entendeste,Entendeu,Entendemos,Entenderam,,,,,,/ẽtẽˈdi/,/ẽ.tẽ.ˈdeʃ.tɨ/,/ẽ.tẽ.ˈdew/,/ẽ.tẽ.ˈde.muʃ/,/ẽ.tẽ.ˈde.ɾɐ̃w/,,,,,,,course-code::pt-conjugation verbs verbs::ending::pt::er verbs::mood::pt::indicativo verbs::tense::pt::preterito-perfeito-simples-pps verbs::unit-code::pt-conjugation::preterito-perfeito-simples-pps
Entrar + passado (PPS),Entrar,"<span style=""color: rgb(255, 0, 0);""><b>passado (PPS)</b></span>",Entrei,Entraste,Entrou,Entrámos,Entraram,,,,,,/ẽˈtɾɐj/,/ẽ.ˈtɾaʃ.tɨ/,/ẽ.ˈtɾo/,/ẽ.ˈtɾa.muʃ/,/ẽ.ˈtɾa.ɾɐ̃w/,,,,,,,course-code::pt-conjugation verbs verbs::ending::pt::ar verbs::mood::pt::indicativo verbs::tense::pt::preterito-perfeito-simples-pps verbs::unit-code::pt-conjugation::preterito-perfeito-simples-pps
Escolher + passado (PPS),Escolher (escoger),"<span style=""color: rgb(255, 0, 0);""><b>passado (PPS)</b></span>",Escolhi,Escolheste,Escolheu,Escolhemos,Escolheram,,,,,,/ʃkuˈʎi/,/ʃ.ku.ˈʎeʃ.tɨ/,/ʃ.ku.ˈʎew/,/ʃ.ku.ˈʎe.muʃ/,/ʃ.ku.ˈʎe.ɾɐ̃w/,,,,,,,course-code::pt-conjugation verbs verbs::ending::pt::er verbs::mood::pt::indicativo verbs::tense::pt::preterito-perfeito-simples-pps verbs::unit-code::pt-conjugation::preterito-perfeito-simples-pps
Escrever + passado (PPS),Escrever  (escribir),"<span style=""color: rgb(255, 0, 0);""><b>passado (PPS)</b></span>",Escrevi,Ecreveste,Escreveu,Ecrevemos,Escreveram,,,,,,/ʃkɾɨˈvi/,/i.kɾɨ.ˈveʃ.tɨ/,/ʃ.kɾɨ.ˈvew/,/i.kɾɨ.ˈve.muʃ/,/ʃ.kɾɨ.ˈve.ɾɐ̃w/,,,,,,,course-code::pt-conjugation verbs verbs::ending::pt::er verbs::mood::pt::indicativo verbs::tense::pt::preterito-perfeito-simples-pps verbs::unit-code::pt-conjugation::preterito-perfeito-simples-pps
Esmagar + passado (PPS),Esmagar (aplastar),"<span style=""color: rgb(255, 0, 0);""><b>passado (PPS)</b></span>",Esmaguei,Esmagaste,Esmagou,Esmagámos,Esmagaram,,,,,,/ʒmɐˈgɐj/,/ʒ.mɐ.ˈgaʃ.tɨ/,/ʒ.mɐ.ˈgo/,/ʒ.mɐ.ˈga.muʃ/,/ʒ.mɐ.ˈga.ɾɐ̃w/,,,,,,,course-code::pt-conjugation verbs verbs::ending::pt::ar verbs::mood::pt::indicativo verbs::tense::pt::preterito-perfeito-simples-pps verbs::unit-code::pt-conjugation::preterito-perfeito-simples-pps
Esperar + passado (PPS),Esperar,"<span style=""color: rgb(255, 0, 0);""><b>passado (PPS)</b></span>",Esperei,Esperaste,Esperou,Esperámos,Esperaram,,,,,,/ʃpɨˈɾɐj/,/ʃ.pɨ.ˈɾaʃ.tɨ/,/ʃ.pɨ.ˈɾo/,/ʃ.pɨ.ˈɾa.muʃ/,/ʃ.pɨ.ˈɾa.ɾɐ̃w/,,,,,,,course-code::pt-conjugation verbs verbs::ending::pt::ar verbs::mood::pt::indicativo verbs::tense::pt::preterito-perfeito-simples-pps verbs::unit-code::pt-conjugation::preterito-perfeito-simples-pps
Esquecer + passado (PPS),Esquecer (olvidar),"<span style=""color: rgb(255, 0, 0);""><b>passado (PPS)</b></span>",Esqueci,Esqueceste,Esqueceu,Esquecemos,Esqueceram,,,,,,/ʃkɨˈsi/,/ʃ.kɨ.ˈseʃ.tɨ/,/ʃ.kɨ.ˈsew/,/ʃ.kɨ.ˈse.muʃ/,/ʃ.kɨ.ˈse.ɾɐ̃w/,,,,,,,course-code::pt-conjugation verbs verbs::ending::pt::er verbs::mood::pt::indicativo verbs::tense::pt::preterito-perfeito-simples-pps verbs::unit-code::pt-conjugation::preterito-perfeito-simples-pps
Esquecer-se + passado (PPS),Esquecer-se  (olvidarse),"<span style=""color: rgb(255, 0, 0);""><b>passado (PPS)</b></span>",Esqueci-me,Esqueceste-te,Esqueceu-se,Esquecemo-nos,Esqueceram-se,,,,,,/ʃkɨˈsi-mɨ/,/ʃ.kɨ.ˈseʃ.tɨ-tɨ/,/ʃ.kɨ.ˈsew-sɨ/,/ʃ.kɨ.ˈse.mu-nuʃ/,/ʃ.kɨ.ˈse.ɾɐ̃w-sɨ/,,,,,,,course-code::pt-conjugation verbs verbs::ending::pt::er verbs::flag::pt::basicos verbs::mood::pt::indicativo verbs::flag::pt::reflexos verbs::tense::pt::preterito-perfeito-simples-pps verbs::unit-code::pt-conjugation::preterito-perfeito-simples-pps
Esquentar + passado (PPS),esquentar (calentar),"<span style=""color: rgb(255, 0, 0);""><b>passado (PPS)</b></span>",Esquentei,Esquentaste,Esquentou,Esquentámos,Esquentaram,,,,,,/ʃkẽˈtɐj/,/ʃ.kẽ.ˈtaʃ.tɨ/,/ʃ.kẽ.ˈto/,/ʃ.kẽ.ˈta.muʃ/,/ʃ.kẽ.ˈta.ɾɐ̃w/,,,,,,,course-code::pt-conjugation verbs verbs::ending::pt::ar verbs::mood::pt::indicativo verbs::tense::pt::preterito-perfeito-simples-pps verbs::unit-code::pt-conjugation::preterito-perfeito-simples-pps
Estar + passado (PPS),Estar,"<span style=""color: rgb(255, 0, 0);""><b>passado (PPS)</b></span>",Estive,Estiveste,Esteve,Estivemos,Estiveram,,,,,,/ʃˈtivɨ/,/ʃ.ti.ˈveʃ.tɨ/,/ʃ.ˈte.vɨ/,/ʃ.ti.ˈve.muʃ/,/ʃ.ti.ˈve.ɾɐ̃w/,,,,,,,course-code::pt-conjugation verbs::flag::pt::irregulares verbs::mood::pt::indicativo verbs::tense::pt::preterito-perfeito-simples-pps verbs::unit-code::pt-conjugation::preterito-perfeito-simples-pps
Experimentar + passado (PPS),Experimentar,"<span style=""color: rgb(255, 0, 0);""><b>passado (PPS)</b></span>",Experimentei,Experimentaste,Experimentou,Experimentámos,Experimentaram,,,,,,/ʃpɨɾimẽˈtɐj/,/ʃ.pɨ.ɾi.mẽ.ˈtaʃ.tɨ/,/ʃ.pɨ.ɾi.mẽ.ˈto/,/ʃ.pɨ.ɾi.mẽ.ˈta.muʃ/,/ʃ.pɨ.ɾi.mẽ.ˈta.ɾɐ̃w/,,,,,,,course-code::pt-conjugation verbs verbs::ending::pt::ar verbs::mood::pt::indicativo verbs::tense::pt::preterito-perfeito-simples-pps verbs::unit-code::pt-conjugation::preterito-perfeito-simples-pps
Falar + passado (PPS),Falar (hablar),"<span style=""color: rgb(255, 0, 0);""><b>passado (PPS)</b></span>",Falei,Falaste,Falou,Falámos,Falaram,,,,,,/fɐˈɫɐj/,/fɐˈɫaʃtɨ/,/fɐˈɫo/,/fɐˈɫamuʃ/,/fɐˈɫaɾɐ̃w/,,,,,,,course-code::pt-conjugation verbs verbs::ending::pt::ar verbs::flag::pt::basicos verbs::mood::pt::indicativo verbs::tense::pt::preterito-perfeito-simples-pps verbs::unit-code::pt-conjugation::preterito-perfeito-simples-pps
Fazer + passado (PPS),Fazer (hacer),"<span style=""color: rgb(255, 0, 0);""><b>passado (PPS)</b></span>",Fiz,Fizeste,Fez,Fizemos,Fizeram,,,,,,/ˈfiʃ/,/fiˈzeʃtɨ/,/ˈfeʃ/,/fiˈzemuʃ/,/fiˈzeɾɐ̃w/,,,,,,,course-code::pt-conjugation verbs::flag::pt::irregulares verbs::mood::pt::indicativo verbs::tense::pt::preterito-perfeito-simples-pps verbs::unit-code::pt-conjugation::preterito-perfeito-simples-pps
Fechar + passado (PPS),Fechar (cerrar),"<span style=""color: rgb(255, 0, 0);""><b>passado (PPS)</b></span>",Fechei,Fechaste,Fechou,Fechámos,Fecharam,,,,,,/fɨˈʃɐj/,/fɨˈʃaʃtɨ/,/fɨˈʃo/,/fɨˈʃamuʃ/,/fɨˈʃaɾɐ̃w/,,,,,,,course-code::pt-conjugation verbs verbs::ending::pt::ar verbs::mood::pt::indicativo verbs::tense::pt::preterito-perfeito-simples-pps verbs::unit-code::pt-conjugation::preterito-perfeito-simples-pps
Ficar + passado (PPS),Ficar (permanecer),"<span style=""color: rgb(255, 0, 0);""><b>passado (PPS)</b></span>",Fiquei,Ficaste,Ficou,Ficámos,Ficaram,,,,,,/fiˈkɐj/,/fiˈkaʃtɨ/,/fiˈko/,/fiˈkamuʃ/,/fiˈkaɾɐ̃w/,,,,,,,course-code::pt-conjugation verbs verbs::ending::pt::ar verbs::flag::pt::basicos verbs::mood::pt::indicativo verbs::tense::pt::preterito-perfeito-simples-pps verbs::unit-code::pt-conjugation::preterito-perfeito-simples-pps
Fugir + passado (PPS),Fugir  (huir),"<span style=""color: rgb(255, 0, 0);""><b>passado (PPS)</b></span>",Fugi,Fugiste,Fugiu,Fugimos,Fugiram,,,,,,/fuˈʒi/,/fuˈʒiʃtɨ/,/fuˈʒiw/,/fuˈʒimuʃ/,/fuˈʒiɾɐ̃w/,,,,,,,course-code::pt-conjugation verbs verbs::ending::pt::ir verbs::flag::pt::basicos verbs::mood::pt::indicativo verbs::tense::pt::preterito-perfeito-simples-pps verbs::unit-code::pt-conjugation::preterito-perfeito-simples-pps
Ganhar + passado (PPS),Ganhar  (ganar),"<span style=""color: rgb(255, 0, 0);""><b>passado (PPS)</b></span>",Ganhei,Ganhaste,Ganhou,Ganhámos,Ganharam,,,,,,/gɐˈɲɐj/,/gɐˈɲaʃtɨ/,/gɐˈɲo/,/gɐˈɲamuʃ/,/gɐˈɲaɾɐ̃w/,,,,,,,course-code::pt-conjugation verbs verbs::ending::pt::ar verbs::mood::pt::indicativo verbs::tense::pt::preterito-perfeito-simples-pps verbs::unit-code::pt-conjugation::preterito-perfeito-simples-pps
Girar + passado (PPS),Girar,"<span style=""color: rgb(255, 0, 0);""><b>passado (PPS)</b></span>",Girei,Giraste,Girou,Girámos,Giraram,,,,,,/ʒiˈɾɐj/,/ʒiˈɾaʃtɨ/,/ʒiˈɾo/,/ʒiˈɾamuʃ/,/ʒiˈɾaɾɐ̃w/,,,,,,,course-code::pt-conjugation verbs verbs::ending::pt::ar verbs::mood::pt::indicativo verbs::tense::pt::preterito-perfeito-simples-pps verbs::unit-code::pt-conjugation::preterito-perfeito-simples-pps
Imprimir + passado (PPS),Imprimir,"<span style=""color: rgb(255, 0, 0);""><b>passado (PPS)</b></span>",Imprimi,Imprimiste,Imprimiu,Imprimimos,Imprimiram,,,,,,/ĩpɾɨˈmi/,/ĩpɾɨˈmiʃtɨ/,/ĩpɾɨˈmiw/,/ĩpɾɨˈmimuʃ/,/ĩpɾɨˈmiɾɐ̃w/,,,,,,,course-code::pt-conjugation verbs verbs::ending::pt::ir verbs::mood::pt::indicativo verbs::tense::pt::preterito-perfeito-simples-pps verbs::unit-code::pt-conjugation::preterito-perfeito-simples-pps
Insirar + passado (PPS),Insirar (insertar),"<span style=""color: rgb(255, 0, 0);""><b>passado (PPS)</b></span>",Insirei,Insiraste,Insirou,Insirámos,Insiraram,,,,,,/ĩsɨˈɾɐj/,/ĩsɨˈɾaʃtɨ/,/ĩsɨˈɾo/,/ĩsɨˈɾamuʃ/,/ĩsɨˈɾaɾɐ̃w/,,,,,,,course-code::pt-conjugation verbs verbs::ending::pt::ar verbs::mood::pt::indicativo verbs::tense::pt::preterito-perfeito-simples-pps verbs::unit-code::pt-conjugation::preterito-perfeito-simples-pps
Insistir + passado (PPS),Insistir,"<span style=""color: rgb(255, 0, 0);""><b>passado (PPS)</b></span>",Insisti,Insististe,Insistiu,Insistimos,Insistiram,,,,,,/ĩsɨʃˈti/,/ĩsɨʃˈtiʃtɨ/,/ĩsɨʃˈtiw/,/ĩsɨʃˈtimuʃ/,/ĩsɨʃˈtiɾɐ̃w/,,,,,,,course-code::pt-conjugation verbs verbs::ending::pt::ir verbs::mood::pt::indicativo verbs::tense::pt::preterito-perfeito-simples-pps verbs::unit-code::pt-conjugation::preterito-perfeito-simples-pps
Introduzir + passado (PPS),Introduzir,"<span style=""color: rgb(255, 0, 0);""><b>passado (PPS)</b></span>",Introduzi,Introduziste,Introduziu,Introduzimos,Introduziram,,,,,,/ĩtɾuduˈzi/,/ĩtɾuduˈziʃtɨ/,/ĩtɾuduˈziw/,/ĩtɾuduˈzimuʃ/,/ĩtɾuduˈziɾɐ̃w/,,,,,,,course-code::pt-conjugation verbs verbs::ending::pt::ir verbs::mood::pt::indicativo verbs::tense::pt::preterito-perfeito-simples-pps verbs::unit-code::pt-conjugation::preterito-perfeito-simples-pps
Ir + passado (PPS),Ir,"<span style=""color: rgb(255, 0, 0);""><b>passado (PPS)</b></span>",Fui,Foste,Foi,Fomos,Foram,,,,,,/ˈfuj/,/ˈfoʃtɨ/,/ˈfoj/,/ˈfomuʃ/,/ˈfoɾɐ̃w/,,,,,,,course-code::pt-conjugation verbs::flag::pt::irregulares verbs::mood::pt::indicativo verbs::tense::pt::preterito-perfeito-simples-pps verbs::unit-code::pt-conjugation::preterito-perfeito-simples-pps
Jantar + passado (PPS),Jantar  (cenar),"<span style=""color: rgb(255, 0, 0);""><b>passado (PPS)</b></span>",Jantei,Jantaste,Jantou,Jantámos,Jantaram,,,,,,/ʒɐ̃ˈtɐj/,/ʒɐ̃ˈtaʃtɨ/,/ʒɐ̃ˈto/,/ʒɐ̃ˈtamuʃ/,/ʒɐ̃ˈtaɾɐ̃w/,,,,,,,course-code::pt-conjugation verbs verbs::ending::pt::ar verbs::flag::pt::basicos verbs::mood::pt::indicativo verbs::tense::pt::preterito-perfeito-simples-pps verbs::unit-code::pt-conjugation::preterito-perfeito-simples-pps
Jogar + passado (PPS),"Jogar (jugar c/reglas e.g. fútbol, ajedrez)","<span style=""color: rgb(255, 0, 0);""><b>passado (PPS)</b></span>",Joguei,Jogaste,Jogou,Jogámos,Jogaram,,,,,,/ʒuˈgɐj/,/ʒuˈgaʃtɨ/,/ʒuˈgo/,/ʒuˈgamuʃ/,/ʒuˈgaɾɐ̃w/,,,,,,,course-code::pt-conjugation verbs verbs::ending::pt::ar verbs::mood::pt::indicativo verbs::tense::pt::preterito-perfeito-simples-pps verbs::unit-code::pt-conjugation::preterito-perfeito-simples-pps
Juntar + passado (PPS),Juntar,"<span style=""color: rgb(255, 0, 0);""><b>passado (PPS)</b></span>",Juntei,Juntaste,Juntou,Juntámos,Juntaram,,,,,,/ʒũˈtɐj/,/ʒũˈtaʃtɨ/,/ʒũˈto/,/ʒũˈtamuʃ/,/ʒũˈtaɾɐ̃w/,,,,,,,course-code::pt-conjugation verbs verbs::ending::pt::ar verbs::mood::pt::indicativo verbs::tense::pt::preterito-perfeito-simples-pps verbs::unit-code::pt-conjugation::preterito-perfeito-simples-pps
Lavar + passado (PPS),Lavar,"<span style=""color: rgb(255, 0, 0);""><b>passado (PPS)</b></span>",Lavei,Lavaste,Lavou,Lavámos,Lavaram,,,,,,/ɫɐˈvɐj/,/ɫɐˈvaʃtɨ/,/ɫɐˈvo/,/ɫɐˈvamuʃ/,/ɫɐˈvaɾɐ̃w/,,,,,,,course-code::pt-conjugation verbs verbs::ending::pt::ar verbs::flag::pt::basicos verbs::mood::pt::indicativo verbs::tense::pt::preterito-perfeito-simples-pps verbs::unit-code::pt-conjugation::preterito-perfeito-simples-pps
Lembrar-se + passado (PPS),Lembrar-se  (acordarse),"<span style=""color: rgb(255, 0, 0);""><b>passado (PPS)</b></span>",Lembrei-me,Lembraste-te,Lembrou-se,Lembrámo-nos,Lembraram-se,,,,,,/ɫẽˈbɾɐj-mɨ/,/ɫẽˈbɾaʃtɨ-tɨ/,/ɫẽˈbɾo-sɨ/,/ɫẽˈbɾamu-nuʃ/,/ɫẽˈbɾaɾɐ̃w-sɨ/,,,,,,,course-code::pt-conjugation verbs verbs::ending::pt::ar verbs::flag::pt::basicos verbs::mood::pt::indicativo verbs::flag::pt::reflexos verbs::tense::pt::preterito-perfeito-simples-pps verbs::unit-code::pt-conjugation::preterito-perfeito-simples-pps
Ler + passado (PPS),Ler (leer),"<span style=""color: rgb(255, 0, 0);""><b>passado (PPS)</b></span>",Li,Leste,Leu,Lemos,Leram,,,,,,/ˈɫi/,/ˈɫeʃtɨ/,/ˈɫew/,/ˈɫemuʃ/,/ˈɫe.ɾɐ̃w/,,,,,,,course-code::pt-conjugation verbs verbs::ending::pt::er verbs::flag::pt::basicos verbs::mood::pt::indicativo verbs::tense::pt::preterito-perfeito-simples-pps verbs::unit-code::pt-conjugation::preterito-perfeito-simples-pps
Levantar + passado (PPS),Levantar,"<span style=""color: rgb(255, 0, 0);""><b>passado (PPS)</b></span>",Levantei,Levantaste,Levantou,Levantámos,Levantaram,,,,,,/ɫɨvɐ̃ˈtɐj/,/ɫɨvɐ̃ˈtaʃtɨ/,/ɫɨvɐ̃ˈto/,/ɫɨvɐ̃ˈtamuʃ/,/ɫɨvɐ̃ˈtaɾɐ̃w/,,,,,,,course-code::pt-conjugation verbs verbs::ending::pt::ar verbs::mood::pt::indicativo verbs::tense::pt::preterito-perfeito-simples-pps verbs::unit-code::pt-conjugation::preterito-perfeito-simples-pps
Ligar + passado (PPS),"Ligar (encender, prender)","<span style=""color: rgb(255, 0, 0);""><b>passado (PPS)</b></span>",Liguei,Ligaste,Ligou,Ligámos,Ligaram,,,,,,/ɫiˈgɐj/,/ɫiˈgaʃtɨ/,/ɫiˈgo/,/ɫiˈgamuʃ/,/ɫiˈgaɾɐ̃w/,,,,,,,course-code::pt-conjugation verbs verbs::ending::pt::ar verbs::flag::pt::basicos verbs::mood::pt::indicativo verbs::tense::pt::preterito-perfeito-simples-pps verbs::unit-code::pt-conjugation::preterito-perfeito-simples-pps
Marcar + passado (PPS),Marcar (sacar una cita),"<span style=""color: rgb(255, 0, 0);""><b>passado (PPS)</b></span>",Marquei,Marcaste,Marcou,Marcámos,Marcaram,,,,,,/maɾˈkɐj/,/maɾˈkaʃtɨ/,/maɾˈko/,/maɾˈkamuʃ/,/maɾˈkaɾɐ̃w/,,,,,,,course-code::pt-conjugation verbs verbs::ending::pt::ar verbs::mood::pt::indicativo verbs::tense::pt::preterito-perfeito-simples-pps verbs::unit-code::pt-conjugation::preterito-perfeito-simples-pps
Medir + passado (PPS),Medir,"<span style=""color: rgb(255, 0, 0);""><b>passado (PPS)</b></span>",Medi,Mediste,Mediu,Medimos,Mediram,,,,,,/mɨˈdi/,/mɨˈdiʃtɨ/,/mɨˈdiw/,/mɨˈdimuʃ/,/mɨˈdiɾɐ̃w/,,,,,,,course-code::pt-conjugation verbs verbs::ending::pt::ir verbs::mood::pt::indicativo verbs::tense::pt::preterito-perfeito-simples-pps verbs::unit-code::pt-conjugation::preterito-perfeito-simples-pps
Misturar + passado (PPS),Misturar (mezclar),"<span style=""color: rgb(255, 0, 0);""><b>passado (PPS)</b></span>",Misturei,Misturaste,Misturou,Misturámos,Misturaram,,,,,,/mɨʃtuˈɾɐj/,/mɨʃtuˈɾaʃtɨ/,/mɨʃtuˈɾo/,/mɨʃtuˈɾamuʃ/,/mɨʃtuˈɾaɾɐ̃w/,,,,,,,course-code::pt-conjugation verbs verbs::ending::pt::ar verbs::mood::pt::indicativo verbs::tense::pt::preterito-perfeito-simples-pps verbs::unit-code::pt-conjugation::preterito-perfeito-simples-pps
Morar + passado (PPS),Morar (residir),"<span style=""color: rgb(255, 0, 0);""><b>passado (PPS)</b></span>",Morei,Moraste,Morou,Morámos,Moraram,,,,,,/muˈɾɐj/,/muˈɾaʃtɨ/,/muˈɾo/,/muˈɾamuʃ/,/muˈɾaɾɐ̃w/,,,,,,,course-code::pt-conjugation verbs verbs::ending::pt::ar verbs::flag::pt::basicos verbs::mood::pt::indicativo verbs::tense::pt::preterito-perfeito-simples-pps verbs::unit-code::pt-conjugation::preterito-perfeito-simples-pps
Morrer + passado (PPS),Morrer  (morir),"<span style=""color: rgb(255, 0, 0);""><b>passado (PPS)</b></span>",Morri,Morreste,Morreu,Morremos,Morreram,,,,,,/muˈʁi/,/muˈʁeʃtɨ/,/muˈʁew/,/muˈʁemuʃ/,/muˈʁeɾɐ̃w/,,,,,,,course-code::pt-conjugation verbs verbs::ending::pt::er verbs::mood::pt::indicativo verbs::tense::pt::preterito-perfeito-simples-pps verbs::unit-code::pt-conjugation::preterito-perfeito-simples-pps
Oferecer + passado (PPS),Oferecer (ofrecer),"<span style=""color: rgb(255, 0, 0);""><b>passado (PPS)</b></span>",Ofereci,Ofereceste,Ofereceu,Oferecemos,Ofereceram,,,,,,/ofɨɾɨˈsi/,/ofɨɾɨˈseʃtɨ/,/ofɨɾɨˈsew/,/ofɨɾɨˈsemuʃ/,/ofɨɾɨˈseɾɐ̃w/,,,,,,,course-code::pt-conjugation verbs verbs::ending::pt::er verbs::mood::pt::indicativo verbs::tense::pt::preterito-perfeito-simples-pps verbs::unit-code::pt-conjugation::preterito-perfeito-simples-pps
Olhar + passado (PPS),Olhar (mirar),"<span style=""color: rgb(255, 0, 0);""><b>passado (PPS)</b></span>",Olhei,Olhaste,Olhou,Olhámos,Olharam,,,,,,/oˈʎɐj/,/oˈʎaʃtɨ/,/oˈʎo/,/oˈʎamuʃ/,/oˈʎaɾɐ̃w/,,,,,,,course-code::pt-conjugation verbs verbs::ending::pt::ar verbs::flag::pt::basicos verbs::mood::pt::indicativo verbs::tense::pt::preterito-perfeito-simples-pps verbs::unit-code::pt-conjugation::preterito-perfeito-simples-pps
Ouvir + passado (PPS),Ouvir  (oir),"<span style=""color: rgb(255, 0, 0);""><b>passado (PPS)</b></span>",Ouvi,Ouviste,Ouviu,Ouvimos,Ouviram,,,,,,/oˈvi/,/oˈviʃtɨ/,/oˈviw/,/oˈvimuʃ/,/oˈviɾɐ̃w/,,,,,,,course-code::pt-conjugation verbs verbs::ending::pt::ir verbs::flag::pt::basicos verbs::mood::pt::indicativo verbs::tense::pt::preterito-perfeito-simples-pps verbs::unit-code::pt-conjugation::preterito-perfeito-simples-pps
Pagar + passado (PPS),Pagar,"<span style=""color: rgb(255, 0, 0);""><b>passado (PPS)</b></span>",Paguei,Pagaste,Pagou,Pagámos,Pagaram,,,,,,/pɐˈgɐj/,/pɐˈgaʃtɨ/,/pɐˈgo/,/pɐˈgamuʃ/,/pɐˈgaɾɐ̃w/,,,,,,,course-code::pt-conjugation verbs verbs::ending::pt::ar verbs::mood::pt::indicativo verbs::tense::pt::preterito-perfeito-simples-pps verbs::unit-code::pt-conjugation::preterito-perfeito-simples-pps
Parecer + passado (PPS),Parecer,"<span style=""color: rgb(255, 0, 0);""><b>passado (PPS)</b></span>",Pareci,Pareceste,Pareceu,Parecemos,Pareceram,,,,,,/pɐɾɨˈsi/,/pɐɾɨˈseʃtɨ/,/pɐɾɨˈsew/,/pɐɾɨˈsemuʃ/,/pɐɾɨˈseɾɐ̃w/,,,,,,,course-code::pt-conjugation verbs verbs::ending::pt::er verbs::mood::pt::indicativo verbs::tense::pt::preterito-perfeito-simples-pps verbs::unit-code::pt-conjugation::preterito-perfeito-simples-pps
Partir + passado (PPS),Partir,"<span style=""color: rgb(255, 0, 0);""><b>passado (PPS)</b></span>",Parti,Partiste,Partiu,Partimos,Partiram,,,,,,/paɾˈti/,/paɾˈtiʃtɨ/,/paɾˈtiw/,/paɾˈtimuʃ/,/paɾˈtiɾɐ̃w/,,,,,,,course-code::pt-conjugation verbs verbs::ending::pt::ir verbs::flag::pt::basicos verbs::mood::pt::indicativo verbs::tense::pt::preterito-perfeito-simples-pps verbs::unit-code::pt-conjugation::preterito-perfeito-simples-pps
Passar + passado (PPS),Passar,"<span style=""color: rgb(255, 0, 0);""><b>passado (PPS)</b></span>",Passei,Passaste,Passou,Passámos,Passaram,,,,,,/pɐˈsɐj/,/pɐˈsaʃtɨ/,/pɐˈso/,/pɐˈsamuʃ/,/pɐˈsaɾɐ̃w/,,,,,,,course-code::pt-conjugation verbs verbs::ending::pt::ar verbs::flag::pt::basicos verbs::mood::pt::indicativo verbs::tense::pt::preterito-perfeito-simples-pps verbs::unit-code::pt-conjugation::preterito-perfeito-simples-pps
Pedir + passado (PPS),Pedir,"<span style=""color: rgb(255, 0, 0);""><b>passado (PPS)</b></span>",Pedi,Pediste,Pediu,Pedimos,Pediram,,,,,,/pɨˈdi/,/pɨˈdiʃtɨ/,/pɨˈdiw/,/pɨˈdimuʃ/,/pɨˈdiɾɐ̃w/,,,,,,,course-code::pt-conjugation verbs verbs::ending::pt::ir verbs::flag::pt::basicos verbs::mood::pt::indicativo verbs::tense::pt::preterito-perfeito-simples-pps verbs::unit-code::pt-conjugation::preterito-perfeito-simples-pps
Pegar + passado (PPS),"Pegar (coger, tomar)","<span style=""color: rgb(255, 0, 0);""><b>passado (PPS)</b></span>",Peguei,Pegaste,Pegou,Pegámos,Pegaram,,,,,,/pɨˈgɐj/,/pɨˈgaʃtɨ/,/pɨˈgo/,/pɨˈgamuʃ/,/pɨˈgaɾɐ̃w/,,,,,,,course-code::pt-conjugation verbs verbs::ending::pt::ar verbs::flag::pt::basicos verbs::mood::pt::indicativo verbs::tense::pt::preterito-perfeito-simples-pps verbs::unit-code::pt-conjugation::preterito-perfeito-simples-pps
Perceber + passado (PPS),Perceber,"<span style=""color: rgb(255, 0, 0);""><b>passado (PPS)</b></span>",Percebi,Percebeste,Percebeu,Percebemos,Perceberam,,,,,,/pɨɾsɨˈbi/,/pɨɾsɨˈbeʃtɨ/,/pɨɾsɨˈbew/,/pɨɾsɨˈbemuʃ/,/pɨɾsɨˈbeɾɐ̃w/,,,,,,,course-code::pt-conjugation verbs verbs::ending::pt::er verbs::mood::pt::indicativo verbs::tense::pt::preterito-perfeito-simples-pps verbs::unit-code::pt-conjugation::preterito-perfeito-simples-pps
Perder + passado (PPS),Perder,"<span style=""color: rgb(255, 0, 0);""><b>passado (PPS)</b></span>",Perdi,Perdeste,Perdeu,Perdemos,Perderam,,,,,,/pɨɾˈdi/,/pɨɾˈdeʃtɨ/,/pɨɾˈdew/,/pɨɾˈdemuʃ/,/pɨɾˈdeɾɐ̃w/,,,,,,,course-code::pt-conjugation verbs verbs::ending::pt::er verbs::mood::pt::indicativo verbs::tense::pt::preterito-perfeito-simples-pps verbs::unit-code::pt-conjugation::preterito-perfeito-simples-pps
Perguntar + passado (PPS),Perguntar,"<span style=""color: rgb(255, 0, 0);""><b>passado (PPS)</b></span>",Perguntei,Perguntaste,Perguntou,Perguntámos,Perguntaram,,,,,,/pɨɾgũˈtɐj/,/pɨɾgũˈtaʃtɨ/,/pɨɾgũˈto/,/pɨɾgũˈtamuʃ/,/pɨɾgũˈtaɾɐ̃w/,,,,,,,course-code::pt-conjugation verbs verbs::ending::pt::ar verbs::flag::pt::basicos verbs::mood::pt::indicativo verbs::tense::pt::preterito-perfeito-simples-pps verbs::unit-code::pt-conjugation::preterito-perfeito-simples-pps
Permanecer + passado (PPS),Permanecer,"<span style=""color: rgb(255, 0, 0);""><b>passado (PPS)</b></span>",Permaneci,Permaneceste,Permaneceu,Permanecemos,Permaneceram,,,,,,/pɨɾmɐnɨˈsi/,/pɨɾmɐnɨˈseʃtɨ/,/pɨɾmɐnɨˈsew/,/pɨɾmɐnɨˈsemuʃ/,/pɨɾmɐnɨˈseɾɐ̃w/,,,,,,,course-code::pt-conjugation verbs verbs::ending::pt::er verbs::mood::pt::indicativo verbs::tense::pt::preterito-perfeito-simples-pps verbs::unit-code::pt-conjugation::preterito-perfeito-simples-pps
Permitir + passado (PPS),Permitir,"<span style=""color: rgb(255, 0, 0);""><b>passado (PPS)</b></span>",Permiti,Permitiste,Permitiu,Permitimos,Permitiram,,,,,,/pɨɾmɨˈti/,/pɨɾmɨˈtiʃtɨ/,/pɨɾmɨˈtiw/,/pɨɾmɨˈtimuʃ/,/pɨɾmɨˈtiɾɐ̃w/,,,,,,,course-code::pt-conjugation verbs verbs::ending::pt::ir verbs::mood::pt::indicativo verbs::tense::pt::preterito-perfeito-simples-pps verbs::unit-code::pt-conjugation::preterito-perfeito-simples-pps
Pesquisar + passado (PPS),Pesquisar,"<span style=""color: rgb(255, 0, 0);""><b>passado (PPS)</b></span>",Pesquisei,Pesquisaste,Pesquisou,Pesquisámos,Pesquisaram,,,,,,/pɨʃkiˈzɐj/,/pɨʃkiˈzaʃtɨ/,/pɨʃkiˈzo/,/pɨʃkiˈzamuʃ/,/pɨʃkiˈzaɾɐ̃w/,,,,,,,course-code::pt-conjugation verbs verbs::ending::pt::ar verbs::flag::pt::basicos verbs::mood::pt::indicativo verbs::tense::pt::preterito-perfeito-simples-pps verbs::unit-code::pt-conjugation::preterito-perfeito-simples-pps
Picar + passado (PPS),Picar (cortar),"<span style=""color: rgb(255, 0, 0);""><b>passado (PPS)</b></span>",Piquei,Picaste,Picou,Picámos,Picaram,,,,,,/piˈkɐj/,/piˈkaʃtɨ/,/piˈko/,/piˈkamuʃ/,/piˈkaɾɐ̃w/,,,,,,,course-code::pt-conjugation verbs verbs::ending::pt::ar verbs::mood::pt::indicativo verbs::tense::pt::preterito-perfeito-simples-pps verbs::unit-code::pt-conjugation::preterito-perfeito-simples-pps
Pisar + passado (PPS),Pisar,"<span style=""color: rgb(255, 0, 0);""><b>passado (PPS)</b></span>",Pisei,Pisaste,Pisou,Pisámos,Pisaram,,,,,,/piˈzɐj/,/piˈzaʃtɨ/,/piˈzo/,/piˈzamuʃ/,/piˈzaɾɐ̃w/,,,,,,,course-code::pt-conjugation verbs verbs::ending::pt::ar verbs::mood::pt::indicativo verbs::tense::pt::preterito-perfeito-simples-pps verbs::unit-code::pt-conjugation::preterito-perfeito-simples-pps
Poder + passado (PPS),Poder,"<span style=""color: rgb(255, 0, 0);""><b>passado (PPS)</b></span>",Pude,Pudeste,Pôde,Pudemos,Puderam,,,,,,/ˈpudɨ/,/puˈdeʃtɨ/,/ˈpodɨ/,/puˈdemuʃ/,/puˈdeɾɐ̃w/,,,,,,,course-code::pt-conjugation verbs::flag::pt::irregulares verbs::mood::pt::indicativo verbs::tense::pt::preterito-perfeito-simples-pps verbs::unit-code::pt-conjugation::preterito-perfeito-simples-pps
Pôr + passado (PPS),Pôr  (poner),"<span style=""color: rgb(255, 0, 0);""><b>passado (PPS)</b></span>",Pus,Puseste,Pôs,Pusemos,Puseram,,,,,,/ˈpuʃ/,/puˈzeʃtɨ/,/ˈpoʃ/,/puˈzemuʃ/,/puˈzeɾɐ̃w/,,,,,,,course-code::pt-conjugation verbs::flag::pt::irregulares verbs::mood::pt::indicativo verbs::tense::pt::preterito-perfeito-simples-pps verbs::unit-code::pt-conjugation::preterito-perfeito-simples-pps
Praticar + passado (PPS),Praticar  (practicar),"<span style=""color: rgb(255, 0, 0);""><b>passado (PPS)</b></span>",Pratiquei,Praticaste,Praticou,Praticámos,Praticaram,,,,,,/pɾɐtiˈkɐj/,/pɾɐtiˈkaʃtɨ/,/pɾɐtiˈko/,/pɾɐtiˈkamuʃ/,/pɾɐtiˈkaɾɐ̃w/,,,,,,,course-code::pt-conjugation verbs verbs::ending::pt::ar verbs::mood::pt::indicativo verbs::tense::pt::preterito-perfeito-simples-pps verbs::unit-code::pt-conjugation::preterito-perfeito-simples-pps
Precisar + passado (PPS),precisar (necesitar),"<span style=""color: rgb(255, 0, 0);""><b>passado (PPS)</b></span>",Precisei,Precisaste,Precisou,Precisámos,Precisaram,,,,,,/pɾɨsiˈzɐj/,/pɾɨsiˈzaʃtɨ/,/pɾɨsiˈzo/,/pɾɨsiˈzamuʃ/,/pɾɨsiˈzaɾɐ̃w/,,,,,,,course-code::pt-conjugation verbs verbs::ending::pt::ar verbs::flag::pt::basicos verbs::mood::pt::indicativo verbs::tense::pt::preterito-perfeito-simples-pps verbs::unit-code::pt-conjugation::preterito-perfeito-simples-pps
Preencher + passado (PPS),Preencher (llenar un formulario),"<span style=""color: rgb(255, 0, 0);""><b>passado (PPS)</b></span>",Preenchi,Preencheste,Preencheu,Preenchemos,Preencheram,,,,,,/pɾiẽˈʃi/,/pɾiẽˈʃeʃtɨ/,/pɾiẽˈʃew/,/pɾiẽˈʃemuʃ/,/pɾiẽˈʃeɾɐ̃w/,,,,,,,course-code::pt-conjugation verbs verbs::ending::pt::er verbs::mood::pt::indicativo verbs::tense::pt::preterito-perfeito-simples-pps verbs::unit-code::pt-conjugation::preterito-perfeito-simples-pps
Preferir + passado (PPS),Preferir,"<span style=""color: rgb(255, 0, 0);""><b>passado (PPS)</b></span>",Preferi,Preferiste,Preferiu,Preferimos,Preferiram,,,,,,/pɾɨfɨˈɾi/,/pɾɨfɨˈɾiʃtɨ/,/pɾɨfɨˈɾiw/,/pɾɨfɨˈɾimuʃ/,/pɾɨfɨˈɾiɾɐ̃w/,,,,,,,course-code::pt-conjugation verbs verbs::ending::pt::ir verbs::flag::pt::basicos verbs::mood::pt::indicativo verbs::tense::pt::preterito-perfeito-simples-pps verbs::unit-code::pt-conjugation::preterito-perfeito-simples-pps
Prometer + passado (PPS),Prometer,"<span style=""color: rgb(255, 0, 0);""><b>passado (PPS)</b></span>",Prometi,Prometeste,Prometeu,Prometemos,Prometeram,,,,,,/pɾumɨˈti/,/pɾumɨˈteʃtɨ/,/pɾumɨˈtew/,/pɾumɨˈtemuʃ/,/pɾumɨˈteɾɐ̃w/,,,,,,,course-code::pt-conjugation verbs verbs::ending::pt::er verbs::mood::pt::indicativo verbs::tense::pt::preterito-perfeito-simples-pps verbs::unit-code::pt-conjugation::preterito-perfeito-simples-pps
Proteger + passado (PPS),Proteger,"<span style=""color: rgb(255, 0, 0);""><b>passado (PPS)</b></span>",Protegi,Protegeste,Protegeu,Protegemos,Protegeram,,,,,,/pɾutɨˈʒi/,/pɾutɨˈʒeʃtɨ/,/pɾutɨˈʒew/,/pɾutɨˈʒemuʃ/,/pɾutɨˈʒeɾɐ̃w/,,,,,,,course-code::pt-conjugation verbs verbs::ending::pt::er verbs::mood::pt::indicativo verbs::tense::pt::preterito-perfeito-simples-pps verbs::unit-code::pt-conjugation::preterito-perfeito-simples-pps
Querer + passado (PPS),Querer,"<span style=""color: rgb(255, 0, 0);""><b>passado (PPS)</b></span>",Quis,Quiseste,Quis,Quisemos,Quiseram,,,,,,/ˈkiʃ/,/kiˈzeʃtɨ/,/ˈkiʃ/,/kiˈzemuʃ/,/kiˈzeɾɐ̃w/,,,,,,,course-code::pt-conjugation verbs::flag::pt::irregulares verbs::mood::pt::indicativo verbs::tense::pt::preterito-perfeito-simples-pps verbs::unit-code::pt-conjugation::preterito-perfeito-simples-pps
Receber + passado (PPS),Receber  (recibir),"<span style=""color: rgb(255, 0, 0);""><b>passado (PPS)</b></span>",Recebi,Recebeste,Recebeu,Recebemos,Receberam,,,,,,/ʁɨsɨˈbi/,/ʁɨsɨˈbeʃtɨ/,/ʁɨsɨˈbew/,/ʁɨsɨˈbemuʃ/,/ʁɨsɨˈbeɾɐ̃w/,,,,,,,course-code::pt-conjugation verbs verbs::ending::pt::er verbs::mood::pt::indicativo verbs::tense::pt::preterito-perfeito-simples-pps verbs::unit-code::pt-conjugation::preterito-perfeito-simples-pps
Registrar + passado (PPS),Registrar,"<span style=""color: rgb(255, 0, 0);""><b>passado (PPS)</b></span>",Registrei,Registraste,Registrou,Registrámos,Registraram,,,,,,/ʁɨʒɨʃˈtɾɐj/,/ʁɨʒɨʃˈtɾaʃtɨ/,/ʁɨʒɨʃˈtɾo/,/ʁɨ.ʒɨʃ.ˈtɾa.muʃ/,/ʁɨ.ʒɨʃ.ˈtɾa.ɾɐ̃w/,,,,,,,course-code::pt-conjugation verbs verbs::ending::pt::ar verbs::mood::pt::indicativo verbs::tense::pt::preterito-perfeito-simples-pps verbs::unit-code::pt-conjugation::preterito-perfeito-simples-pps
Repetir + passado (PPS),Repetir,"<span style=""color: rgb(255, 0, 0);""><b>passado (PPS)</b></span>",Repeti,Repetiste,Repetiu,Repetimos,Repetiram,,,,,,/ʁɨpɨˈti/,/ʁɨpɨˈtiʃtɨ/,/ʁɨpɨˈtiw/,/ʁɨpɨˈtimuʃ/,/ʁɨpɨˈtiɾɐ̃w/,,,,,,,course-code::pt-conjugation verbs verbs::ending::pt::ir verbs::mood::pt::indicativo verbs::tense::pt::preterito-perfeito-simples-pps verbs::unit-code::pt-conjugation::preterito-perfeito-simples-pps
Resolver + passado (PPS),Resolver,"<span style=""color: rgb(255, 0, 0);""><b>passado (PPS)</b></span>",Resolvi,Resolveste,Resolveu,Resolvemos,Resolveram,,,,,,/ʁɨzɔɫˈvi/,/ʁɨzɔɫˈveʃtɨ/,/ʁɨzɔɫˈvew/,/ʁɨzɔɫˈvemuʃ/,/ʁɨzɔɫˈveɾɐ̃w/,,,,,,,course-code::pt-conjugation verbs verbs::ending::pt::er verbs::mood::pt::indicativo verbs::tense::pt::preterito-perfeito-simples-pps verbs::unit-code::pt-conjugation::preterito-perfeito-simples-pps
Resumir + passado (PPS),Resumir,"<span style=""color: rgb(255, 0, 0);""><b>passado (PPS)</b></span>",Resumi,Resumiste,Resumiu,Resumimos,Resumiram,,,,,,/ʁɨzuˈmi/,/ʁɨzuˈmiʃtɨ/,/ʁɨzuˈmiw/,/ʁɨzuˈmimuʃ/,/ʁɨzuˈmiɾɐ̃w/,,,,,,,course-code::pt-conjugation verbs verbs::ending::pt::ir verbs::mood::pt::indicativo verbs::tense::pt::preterito-perfeito-simples-pps verbs::unit-code::pt-conjugation::preterito-perfeito-simples-pps
Retirar + passado (PPS),Retirar,"<span style=""color: rgb(255, 0, 0);""><b>passado (PPS)</b></span>",Retirei,Retiraste,Retirou,Retirámos,Retiraram,,,,,,/ʁɨtiˈɾɐj/,/ʁɨtiˈɾaʃtɨ/,/ʁɨtiˈɾo/,/ʁɨtiˈɾamuʃ/,/ʁɨtiˈɾaɾɐ̃w/,,,,,,,course-code::pt-conjugation verbs verbs::ending::pt::ar verbs::mood::pt::indicativo verbs::tense::pt::preterito-perfeito-simples-pps verbs::unit-code::pt-conjugation::preterito-perfeito-simples-pps
Retribuir + passado (PPS),Retribuir,"<span style=""color: rgb(255, 0, 0);""><b>passado (PPS)</b></span>",Retribuí,Retribuíste,Retribuiu,Retribuímos,Retribuíram,,,,,,/ʁɨtɾibuˈi/,/ʁɨtɾibuˈiʃtɨ/,/ʁɨtɾibuˈiw/,/ʁɨtɾibuˈimuʃ/,/ʁɨtɾibuˈiɾɐ̃w/,,,,,,,course-code::pt-conjugation verbs verbs::ending::pt::ir verbs::mood::pt::indicativo verbs::tense::pt::preterito-perfeito-simples-pps verbs::unit-code::pt-conjugation::preterito-perfeito-simples-pps
Reunir + passado (PPS),Reunir,"<span style=""color: rgb(255, 0, 0);""><b>passado (PPS)</b></span>",Reuni,Reuniste,Reuniu,Reunimos,Reuniram,,,,,,/ʁiuˈni/,/ʁiuˈniʃtɨ/,/ʁiuˈniw/,/ʁiuˈnimuʃ/,/ʁiuˈniɾɐ̃w/,,,,,,,course-code::pt-conjugation verbs verbs::ending::pt::ir verbs::mood::pt::indicativo verbs::tense::pt::preterito-perfeito-simples-pps verbs::unit-code::pt-conjugation::preterito-perfeito-simples-pps
Rir + passado (PPS),Rir  (reir),"<span style=""color: rgb(255, 0, 0);""><b>passado (PPS)</b></span>",Ri,Riste,Riu,Rimos,Riram,,,,,,/ˈʁi/,/ˈʁiʃtɨ/,/ˈʁiw/,/ˈʁimuʃ/,/ˈʁiɾɐ̃w/,,,,,,,course-code::pt-conjugation verbs verbs::ending::pt::ir verbs::flag::pt::basicos verbs::mood::pt::indicativo verbs::tense::pt::preterito-perfeito-simples-pps verbs::unit-code::pt-conjugation::preterito-perfeito-simples-pps
Saber + passado (PPS),Saber,"<span style=""color: rgb(255, 0, 0);""><b>passado (PPS)</b></span>",Soube,Soubeste,Soube,Soubemos,Souberam,,,,,,/ˈsobɨ/,/soˈbeʃtɨ/,/ˈsobɨ/,/soˈbemuʃ/,/soˈbeɾɐ̃w/,,,,,,,course-code::pt-conjugation verbs::flag::pt::irregulares verbs::mood::pt::indicativo verbs::tense::pt::preterito-perfeito-simples-pps verbs::unit-code::pt-conjugation::preterito-perfeito-simples-pps
Sair + passado (PPS),Sair  (salir),"<span style=""color: rgb(255, 0, 0);""><b>passado (PPS)</b></span>",Saí,Saíste,Saiu,Saímos,Saíram,,,,,,/sɐˈi/,/sɐˈiʃtɨ/,/sɐˈiw/,/sɐˈimuʃ/,/sɐˈiɾɐ̃w/,,,,,,,course-code::pt-conjugation verbs verbs::ending::pt::ir verbs::flag::pt::basicos verbs::mood::pt::indicativo verbs::tense::pt::preterito-perfeito-simples-pps verbs::unit-code::pt-conjugation::preterito-perfeito-simples-pps
Seguir + passado (PPS),Seguir,"<span style=""color: rgb(255, 0, 0);""><b>passado (PPS)</b></span>",Segui,Seguiste,Seguiu,Seguimos,Seguiram,,,,,,/sɨˈgi/,/sɨˈgiʃtɨ/,/sɨˈgiw/,/sɨˈgimuʃ/,/sɨˈgiɾɐ̃w/,,,,,,,course-code::pt-conjugation verbs verbs::ending::pt::ir verbs::mood::pt::indicativo verbs::tense::pt::preterito-perfeito-simples-pps verbs::unit-code::pt-conjugation::preterito-perfeito-simples-pps
Sentir + passado (PPS),Sentir,"<span style=""color: rgb(255, 0, 0);""><b>passado (PPS)</b></span>",Senti,Sentiste,Sentiu,Sentimos,Sentiram,,,,,,/sẽˈti/,/sẽˈtiʃtɨ/,/sẽˈtiw/,/sẽˈtimuʃ/,/sẽˈtiɾɐ̃w/,,,,,,,course-code::pt-conjugation verbs verbs::ending::pt::ir verbs::flag::pt::basicos verbs::mood::pt::indicativo verbs::tense::pt::preterito-perfeito-simples-pps verbs::unit-code::pt-conjugation::preterito-perfeito-simples-pps
Sentir-se + passado (PPS),Sentir-se,"<span style=""color: rgb(255, 0, 0);""><b>passado (PPS)</b></span>",Senti-me,Sentiste-te,Sentiu-se,Sentimo-nos,Sentiram-se,,,,,,/sẽˈti-mɨ/,/sẽˈtiʃtɨ-tɨ/,/sẽˈtiw-sɨ/,/sẽˈtimu-nuʃ/,/sẽˈtiɾɐ̃w-sɨ/,,,,,,,course-code::pt-conjugation verbs verbs::ending::pt::ir verbs::mood::pt::indicativo verbs::flag::pt::reflexos verbs::tense::pt::preterito-perfeito-simples-pps verbs::unit-code::pt-conjugation::preterito-perfeito-simples-pps
Ser + passado (PPS),Ser,"<span style=""color: rgb(255, 0, 0);""><b>passado (PPS)</b></span>",Fui,Foste,Foi,Fomos,Foram,,,,,,/ˈfuj/,/ˈfoʃtɨ/,/ˈfoj/,/ˈfomuʃ/,/ˈfoɾɐ̃w/,,,,,,,course-code::pt-conjugation verbs::flag::pt::irregulares verbs::mood::pt::indicativo verbs::tense::pt::preterito-perfeito-simples-pps verbs::unit-code::pt-conjugation::preterito-perfeito-simples-pps
Servir + passado (PPS),Servir,"<span style=""color: rgb(255, 0, 0);""><b>passado (PPS)</b></span>",Servi,Serviste,Serviu,Servimos,Serviram,,,,,,/sɨɾˈvi/,/sɨɾˈviʃtɨ/,/sɨɾˈviw/,/sɨɾˈvimuʃ/,/sɨɾˈviɾɐ̃w/,,,,,,,course-code::pt-conjugation verbs verbs::ending::pt::ir verbs::mood::pt::indicativo verbs::tense::pt::preterito-perfeito-simples-pps verbs::unit-code::pt-conjugation::preterito-perfeito-simples-pps
Subir + passado (PPS),Subir,"<span style=""color: rgb(255, 0, 0);""><b>passado (PPS)</b></span>",Subi,Subiste,Subiu,Subimos,Subiram,,,,,,/suˈbi/,/suˈbiʃtɨ/,/suˈbiw/,/suˈbimuʃ/,/suˈbiɾɐ̃w/,,,,,,,course-code::pt-conjugation verbs verbs::ending::pt::ir verbs::flag::pt::basicos verbs::mood::pt::indicativo verbs::tense::pt::preterito-perfeito-simples-pps verbs::unit-code::pt-conjugation::preterito-perfeito-simples-pps
Substituir + passado (PPS),Substituir,"<span style=""color: rgb(255, 0, 0);""><b>passado (PPS)</b></span>",Substituí,Substituíste,Substituiu,Substituímos,Substituíram,,,,,,/subʃtituˈi/,/subʃtituˈiʃtɨ/,/subʃtituˈiw/,/subʃtituˈimuʃ/,/subʃtituˈiɾɐ̃w/,,,,,,,course-code::pt-conjugation verbs verbs::ending::pt::ir verbs::mood::pt::indicativo verbs::tense::pt::preterito-perfeito-simples-pps verbs::unit-code::pt-conjugation::preterito-perfeito-simples-pps
Telefonar + passado (PPS),Telefonar,"<span style=""color: rgb(255, 0, 0);""><b>passado (PPS)</b></span>",Telefonei,Telefonaste,Telefonou,Telefonámos,Telefonaram,,,,,,/tɨɫɨfuˈnɐj/,/tɨɫɨfuˈnaʃtɨ/,/tɨɫɨfuˈno/,/tɨɫɨfuˈnamuʃ/,/tɨɫɨfuˈnaɾɐ̃w/,,,,,,,course-code::pt-conjugation verbs verbs::ending::pt::ar verbs::mood::pt::indicativo verbs::tense::pt::preterito-perfeito-simples-pps verbs::unit-code::pt-conjugation::preterito-perfeito-simples-pps
Tentar + passado (PPS),Tentar  (intentar),"<span style=""color: rgb(255, 0, 0);""><b>passado (PPS)</b></span>",Tentei,Tentaste,Tentou,Tentámos,Tentaram,,,,,,/tẽˈtɐj/,/tẽˈtaʃtɨ/,/tẽˈto/,/tẽˈtamuʃ/,/tẽˈtaɾɐ̃w/,,,,,,,course-code::pt-conjugation verbs verbs::ending::pt::ar verbs::mood::pt::indicativo verbs::tense::pt::preterito-perfeito-simples-pps verbs::unit-code::pt-conjugation::preterito-perfeito-simples-pps
Ter + passado (PPS),Ter,"<span style=""color: rgb(255, 0, 0);""><b>passado (PPS)</b></span>",Tive,Tiveste,Teve,Tivemos,Tiveram,,,,,,/ˈtivɨ/,/tiˈveʃtɨ/,/ˈtevɨ/,/tiˈvemuʃ/,/tiˈveɾɐ̃w/,,,,,,,course-code::pt-conjugation verbs::flag::pt::irregulares verbs::mood::pt::indicativo verbs::tense::pt::preterito-perfeito-simples-pps verbs::unit-code::pt-conjugation::preterito-perfeito-simples-pps
Tirar + passado (PPS),"tirar (qutar, sacar)","<span style=""color: rgb(255, 0, 0);""><b>passado (PPS)</b></span>",Tirei,Tiraste,Tirou,Tirámos,Tiraram,,,,,,/tiˈɾɐj/,/tiˈɾaʃtɨ/,/tiˈɾo/,/tiˈɾamuʃ/,/tiˈɾaɾɐ̃w/,,,,,,,course-code::pt-conjugation verbs verbs::ending::pt::ar verbs::mood::pt::indicativo verbs::tense::pt::preterito-perfeito-simples-pps verbs::unit-code::pt-conjugation::preterito-perfeito-simples-pps
Tocar + passado (PPS),Tocar,"<span style=""color: rgb(255, 0, 0);""><b>passado (PPS)</b></span>",Toquei,Toqueste,Toqueou,Toqueámos,Toquearam,,,,,,/tuˈkɐj/,/tuˈkeʃtɨ/,/tukiˈo/,/tukiˈamuʃ/,/tukiˈaɾɐ̃w/,,,,,,,course-code::pt-conjugation verbs verbs::ending::pt::ar verbs::mood::pt::indicativo verbs::tense::pt::preterito-perfeito-simples-pps verbs::unit-code::pt-conjugation::preterito-perfeito-simples-pps
Tomar + passado (PPS),Tomar,"<span style=""color: rgb(255, 0, 0);""><b>passado (PPS)</b></span>",Tomei,Tomaste,Tomou,Tomámos,Tomaram,,,,,,/tuˈmɐj/,/tuˈmaʃtɨ/,/tuˈmo/,/tuˈmamuʃ/,/tuˈmaɾɐ̃w/,,,,,,,course-code::pt-conjugation verbs verbs::ending::pt::ar verbs::mood::pt::indicativo verbs::tense::pt::preterito-perfeito-simples-pps verbs::unit-code::pt-conjugation::preterito-perfeito-simples-pps
Trabalhar + passado (PPS),Trabalhar  (Trabajar),"<span style=""color: rgb(255, 0, 0);""><b>passado (PPS)</b></span>",Trabalhei,Trabalhaste,Trabalhou,Trabalhámos,Trabalharam,,,,,,/tɾɐbɐˈʎɐj/,/tɾɐbɐˈʎaʃtɨ/,/tɾɐbɐˈʎo/,/tɾɐbɐˈʎamuʃ/,/tɾɐbɐˈʎaɾɐ̃w/,,,,,,,course-code::pt-conjugation verbs verbs::ending::pt::ar verbs::flag::pt::basicos verbs::mood::pt::indicativo verbs::tense::pt::preterito-perfeito-simples-pps verbs::unit-code::pt-conjugation::preterito-perfeito-simples-pps
Traduzir + passado (PPS),Traduzir,"<span style=""color: rgb(255, 0, 0);""><b>passado (PPS)</b></span>",Traduzi,Traduziste,Traduziu,Traduzimos,Traduziram,,,,,,/tɾɐduˈzi/,/tɾɐduˈziʃtɨ/,/tɾɐduˈziw/,/tɾɐduˈzimuʃ/,/tɾɐduˈziɾɐ̃w/,,,,,,,course-code::pt-conjugation verbs verbs::ending::pt::ir verbs::flag::pt::basicos verbs::mood::pt::indicativo verbs::tense::pt::preterito-perfeito-simples-pps verbs::unit-code::pt-conjugation::preterito-perfeito-simples-pps
Tratar + passado (PPS),"Tratar (Cuidar de, i.e. las plantas)","<span style=""color: rgb(255, 0, 0);""><b>passado (PPS)</b></span>",Tratei,Trataste,Tratou,Tratámos,Trataram,,,,,,/tɾɐˈtɐj/,/tɾɐˈtaʃtɨ/,/tɾɐˈto/,/tɾɐˈtamuʃ/,/tɾɐˈtaɾɐ̃w/,,,,,,,course-code::pt-conjugation verbs verbs::ending::pt::ar verbs::mood::pt::indicativo verbs::tense::pt::preterito-perfeito-simples-pps verbs::unit-code::pt-conjugation::preterito-perfeito-simples-pps
Trazer + passado (PPS),Trazer (Traer),"<span style=""color: rgb(255, 0, 0);""><b>passado (PPS)</b></span>",Trouxe,Trouxeste,Trouxe,Trouxemos,Trouxeram,,,,,,/ˈtɾosɨ/,/tɾoˈseʃtɨ/,/ˈtɾosɨ/,/tɾoˈsemuʃ/,/tɾoˈseɾɐ̃w/,,,,,,,course-code::pt-conjugation verbs::flag::pt::irregulares verbs::mood::pt::indicativo verbs::tense::pt::preterito-perfeito-simples-pps verbs::unit-code::pt-conjugation::preterito-perfeito-simples-pps
Usar + passado (PPS),Usar,"<span style=""color: rgb(255, 0, 0);""><b>passado (PPS)</b></span>",Usei,Usaste,Usou,Usámos,Usaram,,,,,,/uˈzɐj/,/uˈzaʃtɨ/,/uˈzo/,/uˈzamuʃ/,/uˈzaɾɐ̃w/,,,,,,,course-code::pt-conjugation verbs verbs::ending::pt::ar verbs::mood::pt::indicativo verbs::tense::pt::preterito-perfeito-simples-pps verbs::unit-code::pt-conjugation::preterito-perfeito-simples-pps
Ver + passado (PPS),Ver,"<span style=""color: rgb(255, 0, 0);""><b>passado (PPS)</b></span>",Vi,Viste,Viu,Vimos,Viram,,,,,,/ˈvi/,/ˈviʃtɨ/,/ˈviw/,/ˈvimuʃ/,/ˈviɾɐ̃w/,,,,,,,course-code::pt-conjugation verbs::flag::pt::irregulares verbs::mood::pt::indicativo verbs::tense::pt::preterito-perfeito-simples-pps verbs::unit-code::pt-conjugation::preterito-perfeito-simples-pps
Vestir + passado (PPS),Vestir,"<span style=""color: rgb(255, 0, 0);""><b>passado (PPS)</b></span>",Vesti,Vestiste,Vestiu,Vestimos,Vestiram,,,,,,/vɨʃˈti/,/vɨʃˈtiʃtɨ/,/vɨʃˈtiw/,/vɨʃˈtimuʃ/,/vɨʃˈtiɾɐ̃w/,,,,,,,course-code::pt-conjugation verbs verbs::ending::pt::ir verbs::flag::pt::basicos verbs::mood::pt::indicativo verbs::tense::pt::preterito-perfeito-simples-pps verbs::unit-code::pt-conjugation::preterito-perfeito-simples-pps
Vestir-se + passado (PPS),Vestir-se,"<span style=""color: rgb(255, 0, 0);""><b>passado (PPS)</b></span>",Vesti-me,Vestiste-te,Vestiu-se,Vestimo-nos,Vestiram-se,,,,,,/vɨʃˈti-mɨ/,/vɨʃˈtiʃtɨ-tɨ/,/vɨʃˈtiw-sɨ/,/vɨʃˈtimu-nuʃ/,/vɨʃˈtiɾɐ̃w-sɨ/,,,,,,,course-code::pt-conjugation verbs verbs::ending::pt::ir verbs::flag::pt::basicos verbs::mood::pt::indicativo verbs::flag::pt::reflexos verbs::tense::pt::preterito-perfeito-simples-pps verbs::unit-code::pt-conjugation::preterito-perfeito-simples-pps
Viajar + passado (PPS),Viajar,"<span style=""color: rgb(255, 0, 0);""><b>passado (PPS)</b></span>",Viajei,Viajaste,Viajou,Viajámos,Viajaram,,,,,,/viɐˈʒɐj/,/viɐˈʒaʃtɨ/,/viɐˈʒo/,/viɐˈʒamuʃ/,/viɐˈʒaɾɐ̃w/,,,,,,,course-code::pt-conjugation verbs verbs::ending::pt::ar verbs::flag::pt::basicos verbs::mood::pt::indicativo verbs::tense::pt::preterito-perfeito-simples-pps verbs::unit-code::pt-conjugation::preterito-perfeito-simples-pps
Vir + passado (PPS),Vir (Venir),"<span style=""color: rgb(255, 0, 0);""><b>passado (PPS)</b></span>",Vim,Vieste,Veio,Viemos,Vieram,,,,,,/ˈvĩ/,/viˈeʃtɨ/,/ˈvɐju/,/viˈemuʃ/,/viˈeɾɐ̃w/,,,,,,,course-code::pt-conjugation verbs::flag::pt::irregulares verbs::mood::pt::indicativo verbs::tense::pt::preterito-perfeito-simples-pps verbs::unit-code::pt-conjugation::preterito-perfeito-simples-pps
Visitar + passado (PPS),Visitar,"<span style=""color: rgb(255, 0, 0);""><b>passado (PPS)</b></span>",Visitei,Visitaste,Visitou,Visitámos,Visitaram,,,,,,/vɨziˈtɐj/,/vɨziˈtaʃtɨ/,/vɨziˈto/,/vɨziˈtamuʃ/,/vɨziˈtaɾɐ̃w/,,,,,,,course-code::pt-conjugation verbs verbs::ending::pt::ar verbs::mood::pt::indicativo verbs::tense::pt::preterito-perfeito-simples-pps verbs::unit-code::pt-conjugation::preterito-perfeito-simples-pps
Viver + passado (PPS),Viver,"<span style=""color: rgb(255, 0, 0);""><b>passado (PPS)</b></span>",Vivi,Viveste,Viveu,Vivemos,Viveram,,,,,,/vɨˈvi/,/viˈveʃtɨ/,/viˈvew/,/viˈvemuʃ/,/viˈveɾɐ̃w/,,,,,,,course-code::pt-conjugation verbs verbs::ending::pt::er verbs::flag::pt::basicos verbs::mood::pt::indicativo verbs::tense::pt::preterito-perfeito-simples-pps verbs::unit-code::pt-conjugation::preterito-perfeito-simples-pps
Xingar + passado (PPS),Xingar (maldecir),"<span style=""color: rgb(255, 0, 0);""><b>passado (PPS)</b></span>",Xinguei,Xingaste,Xingou,Xingámos,Xingaram,,,,,,/ʃĩˈgɐj/,/ʃĩˈgaʃtɨ/,/ʃĩˈgo/,/ʃĩˈgamuʃ/,/ʃĩˈgaɾɐ̃w/,,,,,,,course-code::pt-conjugation verbs verbs::ending::pt::ar verbs::mood::pt::indicativo verbs::tense::pt::preterito-perfeito-simples-pps verbs::unit-code::pt-conjugation::preterito-perfeito-simples-pps
Zangar-se + passado (PPS),Zangar-se (enfadarse),"<span style=""color: rgb(255, 0, 0);""><b>passado (PPS)</b></span>",Zanguei-me,Zangaste-te,Zangou-se,Zangámo-nos,Zangaram-se,,,,,,/zɐ̃ˈgɐj-mɨ/,/zɐ̃ˈgaʃtɨ-tɨ/,/zɐ̃ˈgo-sɨ/,/zɐ̃ˈgamu-nuʃ/,/zɐ̃ˈgaɾɐ̃w-sɨ/,,,,,,,course-code::pt-conjugation verbs::ending::pt::ar verbs::flag::pt::reflexos verbs::mood::pt::indicativo verbs::tense::pt::preterito-perfeito-simples-pps verbs::unit-code::pt-conjugation::preterito-perfeito-simples-pps
Aceitar + passado (PPS),Aceitar (aceptar),"<span style=""color: rgb(255, 0, 0);""><b>passado (PPS)</b></span>",Aceitei,Aceitaste,Aceitou,Aceitámos,Aceitaram,,,,,,/ɐsɐjˈtɐj/,/ɐsɐjˈtaʃtɨ/,/ɐsɐjˈto/,/ɐsɐjˈtamuʃ/,/ɐsɐjˈtaɾɐ̃w/,,,,,,,course-code::pt-conjugation verbs verbs::ending::pt::ar verbs::mood::pt::indicativo verbs::tense::pt::preterito-perfeito-simples-pps verbs::unit-code::pt-conjugation::preterito-perfeito-simples-pps
Achar + passado (PPS),Achar (pensar),"<span style=""color: rgb(255, 0, 0);""><b>passado (PPS)</b></span>",Achei,Achaste,Achou,Achámos,Acharam,,,,,,/ɐˈʃɐj/,/ɐˈʃaʃtɨ/,/ɐˈʃo/,/ɐˈʃamuʃ/,/ɐˈʃaɾɐ̃w/,,,,,,,course-code::pt-conjugation verbs verbs::ending::pt::ar verbs::mood::pt::indicativo verbs::tense::pt::preterito-perfeito-simples-pps verbs::unit-code::pt-conjugation::preterito-perfeito-simples-pps
Afagar + passado (PPS),Afagar (acariciar),"<span style=""color: rgb(255, 0, 0);""><b>passado (PPS)</b></span>",Afaguei,Afagaste,Afagou,Afagámos,Afagaram,,,,,,/ɐfɐˈgɐj/,/ɐfɐˈgaʃtɨ/,/ɐfɐˈgo/,/ɐfɐˈgamuʃ/,/ɐfɐˈgaɾɐ̃w/,,,,,,,course-code::pt-conjugation verbs verbs::ending::pt::ar verbs::flag::pt::basicos verbs::mood::pt::indicativo verbs::tense::pt::preterito-perfeito-simples-pps verbs::unit-code::pt-conjugation::preterito-perfeito-simples-pps
Afastar-se + passado (PPS),Afastar-se (Apartarse de),"<span style=""color: rgb(255, 0, 0);""><b>passado (PPS)</b></span>",Afastei-me,Afastaste-te,Afastou-se,Afastámo-nos,Afastaram-se,,,,,,/ɐfɐʃˈtɐj-mɨ/,/ɐfɐʃˈtaʃtɨ-tɨ/,/ɐfɐʃˈto-sɨ/,/ɐfɐʃˈtamu-nuʃ/,/ɐfɐʃˈtaɾɐ̃w-sɨ/,,,,,,,course-code::pt-conjugation verbs verbs::ending::pt::ar verbs::mood::pt::indicativo verbs::flag::pt::reflexos verbs::tense::pt::preterito-perfeito-simples-pps verbs::unit-code::pt-conjugation::preterito-perfeito-simples-pps
Arranjar + passado (PPS),Arranjar (ordenar),"<span style=""color: rgb(255, 0, 0);""><b>passado (PPS)</b></span>",Arranjei,Arranjaste,Arranjou,Arranjámos,Arranjaram,,,,,,/aʁɐ̃ˈʒɐj/,/aʁɐ̃ˈʒaʃtɨ/,/aʁɐ̃ˈʒo/,/aʁɐ̃ˈʒamuʃ/,/aʁɐ̃ˈʒaɾɐ̃w/,,,,,,,course-code::pt-conjugation verbs verbs::ending::pt::ar verbs::mood::pt::indicativo verbs::tense::pt::preterito-perfeito-simples-pps verbs::unit-code::pt-conjugation::preterito-perfeito-simples-pps
Arranjar-se + passado (PPS),Arranjar-se (arreglarse),"<span style=""color: rgb(255, 0, 0);""><b>passado (PPS)</b></span>",Arranjei-me,Arranjaste-te,Arranjou-se,Arranjámo-nos,Arranjaram-se,,,,,,/aʁɐ̃ˈʒɐj-mɨ/,/aʁɐ̃ˈʒaʃtɨ-tɨ/,/aʁɐ̃ˈʒo-sɨ/,/aʁɐ̃ˈʒamu-nuʃ/,/aʁɐ̃ˈʒaɾɐ̃w-sɨ/,,,,,,,course-code::pt-conjugation verbs verbs::ending::pt::ar verbs::mood::pt::indicativo verbs::flag::pt::reflexos verbs::tense::pt::preterito-perfeito-simples-pps verbs::unit-code::pt-conjugation::preterito-perfeito-simples-pps
Comprar + passado (PPS),Comprar,"<span style=""color: rgb(255, 0, 0);""><b>passado (PPS)</b></span>",Comprei,Compraste,Comprou,Comprámos,Compraram,,,,,,/kõˈpɾɐj/,/kõˈpɾaʃtɨ/,/kõˈpɾo/,/kõˈpɾamuʃ/,/kõˈpɾaɾɐ̃w/,,,,,,,course-code::pt-conjugation verbs verbs::ending::pt::ar verbs::mood::pt::indicativo verbs::tense::pt::preterito-perfeito-simples-pps verbs::unit-code::pt-conjugation::preterito-perfeito-simples-pps
Dividir + passado (PPS),Dividir,"<span style=""color: rgb(255, 0, 0);""><b>passado (PPS)</b></span>",Dividi,Dividiste,Dividiu,Dividimos,Dividiram,,,,,,/dɨvɨˈdi/,/dɨvɨˈdiʃtɨ/,/dɨvɨˈdiw/,/dɨvɨˈdimuʃ/,/dɨvɨˈdiɾɐ̃w/,,,,,,,course-code::pt-conjugation verbs verbs::ending::pt::ir verbs::mood::pt::indicativo verbs::tense::pt::preterito-perfeito-simples-pps verbs::unit-code::pt-conjugation::preterito-perfeito-simples-pps
Empurrar + passado (PPS),Empurrar (empujar),"<span style=""color: rgb(255, 0, 0);""><b>passado (PPS)</b></span>",Empurrei,Empurraste,Empurrou,Empurrámos,Empurraram,,,,,,/ẽpuˈʁɐj/,/ẽpuˈʁaʃtɨ/,/ẽpuˈʁo/,/ẽpuˈʁamuʃ/,/ẽpuˈʁaɾɐ̃w/,,,,,,,course-code::pt-conjugation verbs verbs::ending::pt::ar verbs::flag::pt::basicos verbs::mood::pt::indicativo verbs::tense::pt::preterito-perfeito-simples-pps verbs::unit-code::pt-conjugation::preterito-perfeito-simples-pps
Encontrar-se + passado (PPS),Encontrar-se,"<span style=""color: rgb(255, 0, 0);""><b>passado (PPS)</b></span>",Encontrei-me,Encontraste-te,Encontrou-se,Encontrámo-nos,Encontraram-se,,,,,,/ẽkõˈtɾɐj-mɨ/,/ẽkõˈtɾaʃtɨ-tɨ/,/ẽkõˈtɾo-sɨ/,/ẽkõˈtɾamu-nuʃ/,/ẽkõˈtɾaɾɐ̃w-sɨ/,,,,,,,course-code::pt-conjugation verbs verbs::ending::pt::ar verbs::mood::pt::indicativo verbs::flag::pt::reflexos verbs::tense::pt::preterito-perfeito-simples-pps verbs::unit-code::pt-conjugation::preterito-perfeito-simples-pps
Estudar + passado (PPS),Estudar,"<span style=""color: rgb(255, 0, 0);""><b>passado (PPS)</b></span>",Estudei,Estudaste,Estudou,Estudámos,Estudaram,,,,,,/ʃtuˈdɐj/,/ʃtuˈdaʃtɨ/,/ʃtuˈdo/,/ʃtuˈdamuʃ/,/ʃtuˈdaɾɐ̃w/,,,,,,,course-code::pt-conjugation verbs verbs::ending::pt::ar verbs::mood::pt::indicativo verbs::tense::pt::preterito-perfeito-simples-pps verbs::unit-code::pt-conjugation::preterito-perfeito-simples-pps
Gostar + passado (PPS),Gostar,"<span style=""color: rgb(255, 0, 0);""><b>passado (PPS)</b></span>",Gostei,Gostaste,Gostou,Gostámos,Gostaram,,,,,,/guʃˈtɐj/,/guʃˈtaʃtɨ/,/guʃˈto/,/guʃˈtamuʃ/,/guʃˈtaɾɐ̃w/,,,,,,,course-code::pt-conjugation verbs verbs::ending::pt::ar verbs::flag::pt::basicos verbs::mood::pt::indicativo verbs::tense::pt::preterito-perfeito-simples-pps verbs::unit-code::pt-conjugation::preterito-perfeito-simples-pps
Lanchar + passado (PPS),Lanchar,"<span style=""color: rgb(255, 0, 0);""><b>passado (PPS)</b></span>",Lanchei,Lanchaste,Lanchou,Lanchámos,Lancharam,,,,,,/ɫɐ̃ˈʃɐj/,/ɫɐ̃ˈʃaʃtɨ/,/ɫɐ̃ˈʃo/,/ɫɐ̃ˈʃamuʃ/,/ɫɐ̃ˈʃaɾɐ̃w/,,,,,,,course-code::pt-conjugation verbs verbs::ending::pt::ar verbs::mood::pt::indicativo verbs::tense::pt::preterito-perfeito-simples-pps verbs::unit-code::pt-conjugation::preterito-perfeito-simples-pps
Lavar-se + passado (PPS),Lavar-se,"<span style=""color: rgb(255, 0, 0);""><b>passado (PPS)</b></span>",Lavei-me,Lavaste-te,Lavou-se,Lavámo-nos,Lavaram-se,,,,,,/ɫɐˈvɐj-mɨ/,/ɫɐˈvaʃtɨ-tɨ/,/ɫɐˈvo-sɨ/,/ɫɐˈvamu-nuʃ/,/ɫɐˈvaɾɐ̃w-sɨ/,,,,,,,course-code::pt-conjugation verbs verbs::ending::pt::ar verbs::mood::pt::indicativo verbs::flag::pt::reflexos verbs::tense::pt::preterito-perfeito-simples-pps verbs::unit-code::pt-conjugation::preterito-perfeito-simples-pps
Levantar-se + passado (PPS),Levantar-se,"<span style=""color: rgb(255, 0, 0);""><b>passado (PPS)</b></span>",Levantei-me,Levantaste-te,Levantou-se,Levantámo-nos,Levantaram-se,,,,,,/ɫɨvɐ̃ˈtɐj-mɨ/,/ɫɨvɐ̃ˈtaʃtɨ-tɨ/,/ɫɨvɐ̃ˈto-sɨ/,/ɫɨvɐ̃ˈtamu-nuʃ/,/ɫɨvɐ̃ˈtaɾɐ̃w-sɨ/,,,,,,,course-code::pt-conjugation verbs verbs::ending::pt::ar verbs::mood::pt::indicativo verbs::flag::pt::reflexos verbs::tense::pt::preterito-perfeito-simples-pps verbs::unit-code::pt-conjugation::preterito-perfeito-simples-pps
Machucar + passado (PPS),Machucar (lastimar),"<span style=""color: rgb(255, 0, 0);""><b>passado (PPS)</b></span>",Machuquei,Machucaste,Machucou,Machucámos,Machucaram,,,,,,/mɐʃuˈkɐj/,/mɐʃuˈkaʃtɨ/,/mɐʃuˈko/,/mɐʃuˈkamuʃ/,/mɐʃuˈkaɾɐ̃w/,,,,,,,course-code::pt-conjugation verbs verbs::ending::pt::ar verbs::mood::pt::indicativo verbs::tense::pt::preterito-perfeito-simples-pps verbs::unit-code::pt-conjugation::preterito-perfeito-simples-pps
Machucar-se + passado (PPS),Machucar-se (lastimarse),"<span style=""color: rgb(255, 0, 0);""><b>passado (PPS)</b></span>",Machuquei-me,Machucaste-te,Machucou-se,Machucámo-nos,Machucaram-se,,,,,,/mɐʃuˈkɐj-mɨ/,/mɐʃuˈkaʃtɨ-tɨ/,/mɐʃuˈko-sɨ/,/mɐʃuˈkamu-nuʃ/,/mɐʃuˈkaɾɐ̃w-sɨ/,,,,,,,course-code::pt-conjugation verbs verbs::ending::pt::ar verbs::mood::pt::indicativo verbs::flag::pt::reflexos verbs::tense::pt::preterito-perfeito-simples-pps verbs::unit-code::pt-conjugation::preterito-perfeito-simples-pps
Mudar + passado (PPS),Mudar (cambiar),"<span style=""color: rgb(255, 0, 0);""><b>passado (PPS)</b></span>",Mudei,Mudaste,Mudou,Mudámos,Mudaram,,,,,,/muˈdɐj/,/muˈdaʃtɨ/,/muˈdo/,/muˈdamuʃ/,/muˈdaɾɐ̃w/,,,,,,,course-code::pt-conjugation verbs verbs::ending::pt::ar verbs::flag::pt::basicos verbs::mood::pt::indicativo verbs::tense::pt::preterito-perfeito-simples-pps verbs::unit-code::pt-conjugation::preterito-perfeito-simples-pps
Ocupar + passado (PPS),Ocupar,"<span style=""color: rgb(255, 0, 0);""><b>passado (PPS)</b></span>",Ocupei,Ocupaste,Ocupou,Ocupámos,Ocuparam,,,,,,/okuˈpɐj/,/okuˈpaʃtɨ/,/okuˈpo/,/okuˈpamuʃ/,/okupɐɾɐ̃w/,,,,,,,course-code::pt-conjugation verbs verbs::ending::pt::ar verbs::mood::pt::indicativo verbs::tense::pt::preterito-perfeito-simples-pps verbs::unit-code::pt-conjugation::preterito-perfeito-simples-pps
Pensar + passado (PPS),Pensar,"<span style=""color: rgb(255, 0, 0);""><b>passado (PPS)</b></span>",Pensei,Pensaste,Pensou,Pensámos,Pensaram,,,,,,/pẽˈsɐj/,/pẽˈsaʃtɨ/,/pẽˈso/,/pẽˈsamuʃ/,/pẽˈsaɾɐ̃w/,,,,,,,course-code::pt-conjugation verbs verbs::ending::pt::ar verbs::mood::pt::indicativo verbs::tense::pt::preterito-perfeito-simples-pps verbs::unit-code::pt-conjugation::preterito-perfeito-simples-pps
Pintar + passado (PPS),Pintar,"<span style=""color: rgb(255, 0, 0);""><b>passado (PPS)</b></span>",Pintei,Pintaste,Pintou,Pintámos,Pintaram,,,,,,/pĩˈtɐj/,/pĩˈtaʃtɨ/,/pĩˈto/,/pĩˈtamuʃ/,/pĩˈtaɾɐ̃w/,,,,,,,course-code::pt-conjugation verbs verbs::ending::pt::ar verbs::mood::pt::indicativo verbs::tense::pt::preterito-perfeito-simples-pps verbs::unit-code::pt-conjugation::preterito-perfeito-simples-pps
Poupar + passado (PPS),"Poupar (ahorrar, perdonar)","<span style=""color: rgb(255, 0, 0);""><b>passado (PPS)</b></span>",Poupei,Poupaste,Poupou,Poupámos,Pouparam,,,,,,/poˈpɐj/,/poˈpaʃtɨ/,/poˈpo/,/poˈpamuʃ/,/popɐɾɐ̃w/,,,,,,,course-code::pt-conjugation verbs verbs::ending::pt::ar verbs::mood::pt::indicativo verbs::tense::pt::preterito-perfeito-simples-pps verbs::unit-code::pt-conjugation::preterito-perfeito-simples-pps
Poupar-se + passado (PPS),Poupar-se (escaquearse),"<span style=""color: rgb(255, 0, 0);""><b>passado (PPS)</b></span>",Poupei-me,Poupaste-te,Poupou-se,Poupámo-nos,Pouparam-se,,,,,,/poˈpɐj-mɨ/,/poˈpaʃtɨ-tɨ/,/poˈpo-sɨ/,/poˈpamu-nuʃ/,/popɐɾɐ̃w-sɨ/,,,,,,,course-code::pt-conjugation verbs verbs::ending::pt::ar verbs::mood::pt::indicativo verbs::flag::pt::reflexos verbs::tense::pt::preterito-perfeito-simples-pps verbs::unit-code::pt-conjugation::preterito-perfeito-simples-pps
Puxar + passado (PPS),"Puxar (tirar de, jalar)","<span style=""color: rgb(255, 0, 0);""><b>passado (PPS)</b></span>",Puxei,Puxaste,Puxou,Puxámos,Puxaram,,,,,,/puˈʃɐj/,/puˈʃaʃtɨ/,/puˈʃo/,/puˈʃamuʃ/,/puˈʃaɾɐ̃w/,,,,,,,course-code::pt-conjugation verbs verbs::ending::pt::ar verbs::mood::pt::indicativo verbs::tense::pt::preterito-perfeito-simples-pps verbs::unit-code::pt-conjugation::preterito-perfeito-simples-pps
Responder + passado (PPS),Responder,"<span style=""color: rgb(255, 0, 0);""><b>passado (PPS)</b></span>",Respondi,Respondeste,Respondeu,Respondemos,Responderam,,,,,,/ʁɨʃpõˈdi/,/ʁɨʃpõˈdeʃtɨ/,/ʁɨʃpõˈdew/,/ʁɨʃpõˈdemuʃ/,/ʁɨʃpõˈdeɾɐ̃w/,,,,,,,course-code::pt-conjugation verbs verbs::ending::pt::er verbs::mood::pt::indicativo verbs::tense::pt::preterito-perfeito-simples-pps verbs::unit-code::pt-conjugation::preterito-perfeito-simples-pps
Sentar-se + passado (PPS),Sentar-se,"<span style=""color: rgb(255, 0, 0);""><b>passado (PPS)</b></span>",Sentei-me,Sentaste-te,Sentou-se,Sentámo-nos,Sentaram-se,,,,,,/sẽˈtɐj-mɨ/,/sẽˈtaʃtɨ-tɨ/,/sẽˈto-sɨ/,/sẽˈtamu-nuʃ/,/sẽˈtaɾɐ̃w-sɨ/,,,,,,,course-code::pt-conjugation verbs verbs::ending::pt::ar verbs::mood::pt::indicativo verbs::flag::pt::reflexos verbs::tense::pt::preterito-perfeito-simples-pps verbs::unit-code::pt-conjugation::preterito-perfeito-simples-pps
Sumir + passado (PPS),"Sumir (irse, desaparecer)","<span style=""color: rgb(255, 0, 0);""><b>passado (PPS)</b></span>",Sumi,Sumiste,Sumiu,Sumimos,Sumiram,,,,,,/suˈmi/,/suˈmiʃtɨ/,/suˈmiw/,/suˈmimuʃ/,/suˈmiɾɐ̃w/,,,,,,,course-code::pt-conjugation verbs verbs::ending::pt::ir verbs::mood::pt::indicativo verbs::tense::pt::preterito-perfeito-simples-pps verbs::unit-code::pt-conjugation::preterito-perfeito-simples-pps
vestir + presente,Vestir,"<span style=""color: rgb(0, 85, 255);""><b>presente</b></span>",Visto,Vestes,Veste,Vestimos,Vestem,,,,,,ˈviʃtu,ˈveʃtɨʃ,ˈveʃtɨ,vɨʃˈtimuʃ,ˈveʃtɐ̃j,,,,,,,course-code::pt-b2.1::00-repaso course-code::pt-conjugation mood::pt::indicativo pt unit-code::pt-conjugation::present verbs::ending::pt::ir verbs::flag::pt::basicos verbs::flag::pt::irregulares verbs::mood::pt::indicativo verbs::tense::pt::presente verbs::unit-code::pt-conjugation::present verbs::unit-code::pt-conjugation::presente
despir + presente,Despir (Desvestir),"<span style=""color: rgb(0, 85, 255);""><b>presente</b></span>",Dispo,Despes,Despe,Despimos,Despem,,,,,,ˈdiʃpu,ˈdeʃpɨʃ,ˈdeʃpɨ,dɨʃˈpimuʃ,ˈdeʃpɐ̃j,,,,,,,course-code::pt-b2.1::00-repaso course-code::pt-conjugation mood::pt::indicativo pt unit-code::pt-conjugation::present verbs::ending::pt::ir verbs::flag::pt::basicos verbs::flag::pt::irregulares verbs::mood::pt::indicativo verbs::tense::pt::presente verbs::unit-code::pt-conjugation::present verbs::unit-code::pt-conjugation::presente
sentir + presente,Sentir,"<span style=""color: rgb(0, 85, 255);""><b>presente</b></span>",Sinto,Sentes,Sente,Sentimos,Sentem,,,,,,ˈsĩtu,ˈsẽtɨʃ,ˈsẽtɨ,sẽˈtimuʃ,ˈsẽtɐ̃j,,,,,,,course-code::pt-b2.1::00-repaso course-code::pt-conjugation mood::pt::indicativo pt unit-code::pt-conjugation::present verbs::ending::pt::ir verbs::flag::pt::basicos verbs::flag::pt::irregulares verbs::mood::pt::indicativo verbs::tense::pt::presente verbs::unit-code::pt-conjugation::present verbs::unit-code::pt-conjugation::presente
preferir + presente,Preferir,"<span style=""color: rgb(0, 85, 255);""><b>presente</b></span>",Prefiro,Preferes,Prefere,Preferimos,Preferem,,,,,,pɾɨˈfiɾu,pɾɨˈfeɾɨʃ,pɾɨˈfeɾɨ,pɾɨfɨˈɾimuʃ,pɾɨˈfeɾɐ̃j,,,,,,,course-code::pt-b2.1::00-repaso course-code::pt-conjugation mood::pt::indicativo pt unit-code::pt-conjugation::present verbs::ending::pt::ir verbs::flag::pt::basicos verbs::flag::pt::irregulares verbs::mood::pt::indicativo verbs::tense::pt::presente verbs::unit-code::pt-conjugation::present verbs::unit-code::pt-conjugation::presente
conseguir + presente,Conseguir,"<span style=""color: rgb(0, 85, 255);""><b>presente</b></span>",Consigo,Consegues,Consegue,Conseguimos,Conseguem,,,,,,kõˈsigu,kõˈsegɨʃ,kõˈsegɨ,kõsɨˈgimuʃ,kõˈsegɐ̃j,,,,,,,course-code::pt-b2.1::00-repaso course-code::pt-conjugation mood::pt::indicativo pt unit-code::pt-conjugation::present verbs::ending::pt::ir verbs::flag::pt::basicos verbs::flag::pt::irregulares verbs::mood::pt::indicativo verbs::tense::pt::presente verbs::unit-code::pt-conjugation::present verbs::unit-code::pt-conjugation::presente
seguir + presente,Seguir,"<span style=""color: rgb(0, 85, 255);""><b>presente</b></span>",Sigo,Segues,Segue,Seguimos,Seguem,,,,,,ˈsigu,ˈsegɨʃ,ˈsegɨ,sɨˈgimuʃ,ˈsegɐ̃j,,,,,,,course-code::pt-b2.1::00-repaso course-code::pt-conjugation mood::pt::indicativo pt unit-code::pt-conjugation::present verbs::flag::pt::basicos verbs::flag::pt::irregulares verbs::mood::pt::indicativo verbs::tense::pt::presente verbs::unit-code::pt-conjugation::present verbs::unit-code::pt-conjugation::presente
corrigir + presente,Corrigir,"<span style=""color: rgb(0, 85, 255);""><b>presente</b></span>",Corrijo,Corriges,Corrige,Corrigimos,Corrigem,,,,,,kuˈʁiʒu,kuˈʁiʒɨʃ,kuˈʁiʒɨ,kuʁɨˈʒimuʃ,kuˈʁiʒɐ̃j,,,,,,,course-code::pt-b2.1::00-repaso course-code::pt-conjugation mood::pt::indicativo pt unit-code::pt-conjugation::present verbs::ending::pt::ir verbs::flag::pt::basicos verbs::flag::pt::irregulares verbs::mood::pt::indicativo verbs::tense::pt::presente verbs::unit-code::pt-conjugation::present verbs::unit-code::pt-conjugation::presente
dirigir + presente,Dirigir,presente,Dirijo,Diriges,Dirige,Dirigimos,Dirigem,,,,,,/dɨˈɾiʒu/,/dɨˈɾiʒɨʃ/,/dɨˈɾiʒɨ/,/dɨɾɨˈʒimuʃ/,/dɨˈɾiʒɐ̃j/,,,,,,,course-code::pt-a2.1 course-code::pt-a2.2 course-code::pt-conjugation verbs verbs::mood::pt::indicativo verbs::tense::pt::presente verbs::unit-code::pt-conjugation::presente
partir + presente,Partir,"<span style=""color: rgb(0, 85, 255);""><b>presente</b></span>",Parto,Partes,Parte,Partimos,Partem,,,,,,ˈpaɾtu,ˈpaɾtɨʃ,ˈpaɾtɨ,paɾˈtimuʃ,ˈpaɾtɐ̃j,,,,,,,course-code::pt-conjugation verbs verbs::ending::pt::ir verbs::mood::pt::indicativo verbs::tense::pt::presente verbs::unit-code::pt-conjugation::present verbs::unit-code::pt-conjugation::presente
servir + presente,Servir,"<span style=""color: rgb(0, 85, 255);""><b>presente</b></span>",Sirvo,Serves,Serve,Servimos,Servem,,,,,,ˈsiɾvu,ˈseɾvɨʃ,ˈseɾvɨ,sɨɾˈvimuʃ,ˈseɾvɐ̃j,,,,,,,course-code::pt-conjugation verbs verbs::ending::pt::ir verbs::mood::pt::indicativo verbs::tense::pt::presente verbs::unit-code::pt-conjugation::present verbs::unit-code::pt-conjugation::presente
admitir + presente,Admitir,"<span style=""color: rgb(0, 85, 255);""><b>presente</b></span>",Admito,Admites,Admite,Admitimos,Admitem,,,,,,ɐdˈmitu,ɐdˈmitɨʃ,ɐdˈmitɨ,ɐdmɨˈtimuʃ,ɐdˈmitɐ̃j,,,,,,,course-code::pt-conjugation verbs verbs::ending::pt::ir verbs::mood::pt::indicativo verbs::tense::pt::presente verbs::unit-code::pt-conjugation::present verbs::unit-code::pt-conjugation::presente
traduzir + presente,Traduzir,"<span style=""color: rgb(0, 85, 255);""><b>presente</b></span>",Traduzo,Traduzes,Traduz,Traduzimos,Traduzem,,,,,,tɾɐˈduzu,tɾɐˈduzɨʃ,tɾɐˈduʃ,tɾɐduˈzimuʃ,tɾɐˈduzɐ̃j,,,,,,,course-code::pt-b2.1::00-repaso course-code::pt-conjugation mood::pt::indicativo pt unit-code::pt-conjugation::present verbs::ending::pt::ir verbs::flag::pt::basicos verbs::flag::pt::irregulares verbs::mood::pt::indicativo verbs::tense::pt::presente verbs::unit-code::pt-conjugation::present verbs::unit-code::pt-conjugation::presente
introduzir + presente,Introduzir,presente,Introduzo,Introduzes,Introduz,Introduzimos,Introduzem,,,,,,/ĩtɾuˈduzu/,/ĩtɾuˈduzɨʃ/,/ĩtɾuˈduʃ/,/ĩtɾuduˈzimuʃ/,/ĩtɾuˈduzɐ̃j/,,,,,,,course-code::pt-a2.1 course-code::pt-a2.2 course-code::pt-conjugation verbs verbs::mood::pt::indicativo verbs::tense::pt::presente verbs::unit-code::pt-conjugation::presente
reunir + presente,Reunir,presente,Reúno,Reúnes,Reúne,Reunimos,Reúnem,,,,,,/ʁiˈunu/,/ʁiˈunɨʃ/,/ʁiˈunɨ/,/ʁiuˈnimuʃ/,/ʁiˈunɐ̃j/,,,,,,,course-code::pt-a2.1 course-code::pt-a2.2 course-code::pt-conjugation verbs verbs::mood::pt::indicativo verbs::tense::pt::presente verbs::unit-code::pt-conjugation::presente
permitir + presente,Permitir,"<span style=""color: rgb(0, 85, 255);""><b>presente</b></span>",Permito,Permites,Permite,Permitimos,Permitem,,,,,,pɨɾˈmitu,pɨɾˈmitɨʃ,pɨɾˈmitɨ,pɨɾmɨˈtimuʃ,pɨɾˈmitɐ̃j,,,,,,,course-code::pt-conjugation verbs verbs::ending::pt::ir verbs::mood::pt::indicativo verbs::tense::pt::presente verbs::unit-code::pt-conjugation::present verbs::unit-code::pt-conjugation::presente
repetir + presente,Repetir,"<span style=""color: rgb(0, 85, 255);""><b>presente</b></span>",Repito,Repetes,Repete,Repetimos,Repetem,,,,,,ʁɨˈpitu,ʁɨˈpetɨʃ,ʁɨˈpetɨ,ʁɨpɨˈtimuʃ,ʁɨˈpetɐ̃j,,,,,,,course-code::pt-b2.1::00-repaso course-code::pt-conjugation mood::pt::indicativo pt unit-code::pt-conjugation::present verbs::flag::pt::basicos verbs::flag::pt::irregulares verbs::mood::pt::indicativo verbs::tense::pt::presente verbs::unit-code::pt-conjugation::present verbs::unit-code::pt-conjugation::presente
abrir + presente,Abrir,"<span style=""color: rgb(0, 85, 255);""><b>presente</b></span>",Abro,Abres,Abre,Abrimos,Abrem,,,,,,ˈabɾu,ˈabɾɨʃ,ˈabɾɨ,ɐˈbɾimuʃ,ˈabɾɐ̃j,,,,,,,course-code::pt-conjugation verbs::ending::pt::ir verbs::mood::pt::indicativo verbs::tense::pt::presente verbs::unit-code::pt-conjugation::present verbs::unit-code::pt-conjugation::presente
decidir + presente,Decidir,"<span style=""color: rgb(0, 85, 255);""><b>presente</b></span>",Decido,Decides,Decide,Decidimos,Decidem,,,,,,dɨˈsidu,dɨˈsidɨʃ,dɨˈsidɨ,dɨsɨˈdimuʃ,dɨˈsidɐ̃j,,,,,,,course-code::pt-conjugation verbs verbs::ending::pt::ir verbs::mood::pt::indicativo verbs::tense::pt::presente verbs::unit-code::pt-conjugation::present verbs::unit-code::pt-conjugation::presente
descer + presente,Descer (Bajar),presente,Desço,Desces,Desce,Descemos,Descem,,,,,,/ˈdeʃsu/,/ˈdeʃsɨʃ/,/ˈdeʃsɨ/,/dɨʃˈsemuʃ/,/ˈdeʃsɐ̃j/,,,,,,,course-code::pt-a2.1 course-code::pt-a2.2 course-code::pt-conjugation verbs verbs::mood::pt::indicativo verbs::tense::pt::presente verbs::unit-code::pt-conjugation::presente
esquecer + presente,Esquecer (Olvidar),"<span style=""color: rgb(0, 85, 255);""><b>presente</b></span>",Esqueço,Esqueces,Esquece,Esquecemos,Esquecem,,,,,,ʃˈkesu,ʃˈkesɨʃ,ʃˈkesɨ,ʃkɨˈsemuʃ,ʃˈkesɐ̃j,,,,,,,course-code::pt-b2.1::00-repaso course-code::pt-conjugation mood::pt::indicativo pt unit-code::pt-conjugation::present verbs::ending::pt::er verbs::flag::pt::basicos verbs::flag::pt::irregulares verbs::mood::pt::indicativo verbs::tense::pt::presente verbs::unit-code::pt-conjugation::present verbs::unit-code::pt-conjugation::presente
aquecer + presente,Aquecer (Calentar),presente,Aqueço,Aqueces,Aquece,Aquecemos,Aquecem,,,,,,/ɐˈkesu/,/ɐˈkesɨʃ/,/ɐˈkesɨ/,/ɐkɨˈsemuʃ/,/ɐˈkesɐ̃j/,,,,,,,course-code::pt-a2.1 course-code::pt-a2.2 course-code::pt-conjugation verbs verbs::mood::pt::indicativo verbs::tense::pt::presente verbs::unit-code::pt-conjugation::presente
proteger + presente,Proteger,"<span style=""color: rgb(0, 85, 255);""><b>presente</b></span>",Protejo,Proteges,Protege,Protegemos,Protegem,,,,,,pɾuˈtɐjʒu,pɾuˈteʒɨʃ,pɾuˈteʒɨ,pɾutɨˈʒemuʃ,pɾuˈteʒɐ̃j,,,,,,,course-code::pt-b2.1::00-repaso course-code::pt-conjugation mood::pt::indicativo pt unit-code::pt-conjugation::present verbs::flag::pt::basicos verbs::flag::pt::irregulares verbs::mood::pt::indicativo verbs::tense::pt::presente verbs::unit-code::pt-conjugation::present verbs::unit-code::pt-conjugation::presente
perceber + presente,"Perceber (Percibir, notar)","<span style=""color: rgb(0, 85, 255);""><b>presente</b></span>",Percebo,Percebes,Percebe,Percebemos,Percebem,,,,,,/pɨɾˈsebu/,/pɨɾˈsebɨʃ/,/pɨɾˈsebɨ/,/pɨɾsɨˈbemuʃ/,/pɨɾˈsebɐ̃j/,,,,,,,course-code::pt-conjugation verbs verbs::mood::pt::indicativo verbs::tense::pt::presente verbs::unit-code::pt-conjugation::present verbs::unit-code::pt-conjugation::presente
beber + presente,Beber,"<span style=""color: rgb(0, 85, 255);""><b>presente</b></span>",Bebo,Bebes,Bebe,Bebemos,Bebem,,,,,,/ˈbebu/,/ˈbebɨʃ/,/ˈbebɨ/,/bɨˈbemuʃ/,/ˈbebɐ̃j/,,,,,,,course-code::pt-a2.2 course-code::pt-conjugation verbs verbs::mood::pt::indicativo verbs::tense::pt::presente verbs::unit-code::pt-conjugation::present verbs::unit-code::pt-conjugation::presente
compreender + presente,Compreender (Comprender),"<span style=""color: rgb(0, 85, 255);""><b>presente</b></span>",Compreendo,Compreendes,Compreende,Compreendemos,Compreendem,,,,,,/kõpɾiˈẽdu/,/kõpɾiˈẽdɨʃ/,/kõpɾiˈẽdɨ/,/kõpɾiẽˈdemuʃ/,/kõpɾiˈẽdɐ̃j/,,,,,,,course-code::pt-conjugation verbs verbs::mood::pt::indicativo verbs::tense::pt::presente verbs::unit-code::pt-conjugation::present verbs::unit-code::pt-conjugation::presente
aprender + presente,Aprender,"<span style=""color: rgb(0, 85, 255);""><b>presente</b></span>",Aprendo,Aprendes,Aprende,Aprendemos,Aprendem,,,,,,/ɐˈpɾẽdu/,/ɐˈpɾẽdɨʃ/,/ɐˈpɾẽdɨ/,/ɐpɾẽˈdemuʃ/,/ɐˈpɾẽdɐ̃j/,,,,,,,course-code::pt-a2.2 course-code::pt-conjugation verbs verbs::mood::pt::indicativo verbs::tense::pt::presente verbs::unit-code::pt-conjugation::present verbs::unit-code::pt-conjugation::presente
viver + presente,Viver (Vivir),"<span style=""color: rgb(0, 85, 255);""><b>presente</b></span>",Vivo,Vives,Vive,Vivemos,Vivem,,,,,,ˈvivu,ˈvivɨʃ,ˈvivɨ,viˈvemuʃ,ˈvivɐ̃j,,,,,,,course-code::pt-conjugation verbs::ending::pt::er verbs::mood::pt::indicativo verbs::tense::pt::presente verbs::unit-code::pt-conjugation::present verbs::unit-code::pt-conjugation::presente
escrever + presente,Escrever (Escribir),"<span style=""color: rgb(0, 85, 255);""><b>presente</b></span>",Escrevo,Escreves,Escreve,Escrevemos,Escrevem,,,,,,/ʃˈkɾevu/,/ʃˈkɾevɨʃ/,/ʃˈkɾevɨ/,/ʃkɾɨˈvemuʃ/,/ʃˈkɾevɐ̃j/,,,,,,,course-code::pt-conjugation verbs verbs::mood::pt::indicativo verbs::tense::pt::presente verbs::unit-code::pt-conjugation::present verbs::unit-code::pt-conjugation::presente
atender + presente,Atender,"<span style=""color: rgb(0, 85, 255);""><b>presente</b></span>",Atendo,Atendes,Atende,Atendemos,Atendem,,,,,,/ɐˈtẽdu/,/ɐˈtẽdɨʃ/,/ɐˈtẽdɨ/,/ɐtẽˈdemuʃ/,/ɐˈtẽdɐ̃j/,,,,,,,course-code::pt-a2.2 course-code::pt-conjugation verbs verbs::mood::pt::indicativo verbs::tense::pt::presente verbs::unit-code::pt-conjugation::present verbs::unit-code::pt-conjugation::presente
receber + presente,Receber (Recibir),"<span style=""color: rgb(0, 85, 255);""><b>presente</b></span>",Recebo,Recebes,Recebe,Recebemos,Recebem,,,,,,/ʁɨˈsebu/,/ʁɨˈsebɨʃ/,/ʁɨˈsebɨ/,/ʁɨsɨˈbemuʃ/,/ʁɨˈsebɐ̃j/,,,,,,,course-code::pt-b2.1 course-code::pt-conjugation verbs verbs::flag::pt::tricky verbs::mood::pt::indicativo verbs::tense::pt::presente verbs::unit-code::pt-conjugation::present verbs::unit-code::pt-conjugation::presente
dever + presente,Dever (Deber),"<span style=""color: rgb(0, 85, 255);""><b>presente</b></span>",Devo,Deves,Deve,Devemos,Devem,,,,,,/ˈdevu/,/ˈdevɨʃ/,/ˈdevɨ/,/dɨˈvemuʃ/,/ˈdevɐ̃j/,,,,,,,course-code::pt-conjugation verbs verbs::mood::pt::indicativo verbs::tense::pt::presente verbs::unit-code::pt-conjugation::present verbs::unit-code::pt-conjugation::presente
construir + presente,Construir,presente,Construo,Constróis,Constrói,Construímos,Constroem,,,,,,/kõʃˈtɾuu/,/kõʃˈtɾɔjʃ/,/kõʃˈtɾɔj/,/kõʃtɾuˈimuʃ/,/kõʃˈtɾoɐ̃j/,,,,,,,course-code::pt-a2.1 course-code::pt-a2.2 course-code::pt-conjugation verbs verbs::mood::pt::indicativo verbs::tense::pt::presente verbs::unit-code::pt-conjugation::presente
destruir + presente,Destruir,presente,Destruo,Destróis,Destrói,Destruímos,Destroem,,,,,,/dɨʃˈtɾuu/,/dɨʃˈtɾɔjʃ/,/dɨʃˈtɾɔj/,/dɨʃtɾuˈimuʃ/,/dɨʃˈtɾoɐ̃j/,,,,,,,course-code::pt-a2.1 course-code::pt-a2.2 course-code::pt-conjugation verbs verbs::mood::pt::indicativo verbs::tense::pt::presente verbs::unit-code::pt-conjugation::presente
falar + presente,Falar (Hablar),"<span style=""color: rgb(0, 85, 255);""><b>presente</b></span>",Falo,Falas,Fala,Falamos,Falam,,,,,,ˈfaɫu,ˈfaɫɐʃ,ˈfaɫɐ,fɐˈɫɐmuʃ,ˈfaɫɐ̃w,,,,,,,course-code::pt-conjugation verbs::ending::pt::ar verbs::mood::pt::indicativo verbs::tense::pt::presente verbs::unit-code::pt-conjugation::present verbs::unit-code::pt-conjugation::presente
morar + presente,Morar (Residir),"<span style=""color: rgb(0, 85, 255);""><b>presente</b></span>",Moro,Moras,Mora,Moramos,Moram,,,,,,ˈmoɾu,ˈmoɾɐʃ,ˈmoɾɐ,muˈɾɐmuʃ,ˈmoɾɐ̃w,,,,,,,course-code::pt-conjugation verbs::ending::pt::ar verbs::mood::pt::indicativo verbs::tense::pt::presente verbs::unit-code::pt-conjugation::present verbs::unit-code::pt-conjugation::presente
jogar + presente,"Jogar (Jugar C/Reglas E.G. Fútbol, Ajedrez)","<span style=""color: rgb(0, 85, 255);""><b>presente</b></span>",Jogo,Jogas,Joga,Jogamos,Jogam,,,,,,ˈʒogu,ˈʒogɐʃ,ˈʒogɐ,ʒuˈgɐmuʃ,ˈʒogɐ̃w,,,,,,,course-code::pt-conjugation verbs::ending::pt::ar verbs::mood::pt::indicativo verbs::tense::pt::presente verbs::unit-code::pt-conjugation::present verbs::unit-code::pt-conjugation::presente
tomar + presente,Tomar,"<span style=""color: rgb(0, 85, 255);""><b>presente</b></span>",Tomo,Tomas,Toma,Tomamos,Tomam,,,,,,ˈtomu,ˈtomɐʃ,ˈtomɐ,tuˈmɐmuʃ,ˈtomɐ̃w,,,,,,,course-code::pt-conjugation verbs::ending::pt::ar verbs::mood::pt::indicativo verbs::tense::pt::presente verbs::unit-code::pt-conjugation::present verbs::unit-code::pt-conjugation::presente
almoçar + presente,"Almoçar (Comer, almorzar)","<span style=""color: rgb(0, 85, 255);""><b>presente</b></span>",Almoço,Almoças,Almoça,Almoçamos,Almoçam,,,,,,aɫˈmosu,aɫˈmosɐʃ,aɫˈmosɐ,aɫmuˈsɐmuʃ,aɫˈmosɐ̃w,,,,,,,course-code::pt-conjugation verbs::ending::pt::ar verbs::mood::pt::indicativo verbs::tense::pt::presente verbs::unit-code::pt-conjugation::present verbs::unit-code::pt-conjugation::presente
jantar + presente,Jantar (Cenar),"<span style=""color: rgb(0, 85, 255);""><b>presente</b></span>",Janto,Jantas,Janta,Jantamos,Jantam,,,,,,ˈʒɐ̃tu,ˈʒɐ̃tɐʃ,ˈʒɐ̃tɐ,ʒɐ̃ˈtɐmuʃ,ˈʒɐ̃tɐ̃w,,,,,,,course-code::pt-conjugation verbs::ending::pt::ar verbs::mood::pt::indicativo verbs::tense::pt::presente verbs::unit-code::pt-conjugation::present verbs::unit-code::pt-conjugation::presente
gostar + presente,Gostar (Gustar),"<span style=""color: rgb(0, 85, 255);""><b>presente</b></span>",Gosto,Gostas,Gosta,Gostamos,Gostam,,,,,,ˈgoʃtu,ˈgoʃtɐʃ,ˈgoʃtɐ,guʃˈtɐmuʃ,ˈgoʃtɐ̃w,,,,,,,course-code::pt-conjugation verbs::ending::pt::ar verbs::mood::pt::indicativo verbs::tense::pt::presente verbs::unit-code::pt-conjugation::present verbs::unit-code::pt-conjugation::presente
fechar + presente,Fechar (Cerrar),"<span style=""color: rgb(0, 85, 255);""><b>presente</b></span>",Fecho,Fechas,Fecha,Fechamos,Fecham,,,,,,ˈfɐjʃu,ˈfɐjʃɐʃ,ˈfɐjʃɐ,fɨˈʃɐmuʃ,ˈfɐjʃɐ̃w,,,,,,,course-code::pt-conjugation verbs::ending::pt::ar verbs::mood::pt::indicativo verbs::tense::pt::presente verbs::unit-code::pt-conjugation::present verbs::unit-code::pt-conjugation::presente
trabalhar + presente,Trabalhar (Trabajar),"<span style=""color: rgb(0, 85, 255);""><b>presente</b></span>",Trabalho,Trabalhas,Trabalha,Trabalhamos,Trabalham,,,,,,tɾɐˈbaʎu,tɾɐˈbaʎɐʃ,tɾɐˈbaʎɐ,tɾɐbɐˈʎɐmuʃ,tɾɐˈbaʎɐ̃w,,,,,,,course-code::pt-conjugation verbs::ending::pt::ar verbs::mood::pt::indicativo verbs::tense::pt::presente verbs::unit-code::pt-conjugation::present verbs::unit-code::pt-conjugation::presente
practicar + presente,Praticar (Practicar),"<span style=""color: rgb(0, 85, 255);""><b>presente</b></span>",Pratico,Praticas,Pratica,Praticamos,Praticam,,,,,,pɾɐˈtiku,pɾɐˈtikɐʃ,pɾɐˈtikɐ,pɾɐtiˈkɐmuʃ,pɾɐˈtikɐ̃w,,,,,,,course-code::pt-conjugation verbs::ending::pt::ar verbs::mood::pt::indicativo verbs::tense::pt::presente verbs::unit-code::pt-conjugation::present verbs::unit-code::pt-conjugation::presente
acordar + presente,Acordar (Despertarse),"<span style=""color: rgb(0, 85, 255);""><b>presente</b></span>",Acordo,Acordas,Acorda,Acordamos,Acordam,,,,,,ɐˈkoɾdu,ɐˈkoɾdɐʃ,ɐˈkoɾdɐ,ɐkuɾˈdɐmuʃ,ɐˈkoɾdɐ̃w,,,,,,,course-code::pt-conjugation verbs::ending::pt::ar verbs::mood::pt::indicativo verbs::tense::pt::presente verbs::unit-code::pt-conjugation::present verbs::unit-code::pt-conjugation::presente
apanhar + presente,"Apanhar (Agarrar, Tomar)","<span style=""color: rgb(0, 85, 255);""><b>presente</b></span>",Apanho,Apanhas,Apanha,Apanhamos,Apanham,,,,,,ɐˈpɐɲu,ɐˈpɐɲɐʃ,ɐˈpɐɲɐ,ɐpɐˈɲɐmuʃ,ɐˈpɐɲɐ̃w,,,,,,,course-code::pt-conjugation verbs::ending::pt::ar verbs::mood::pt::indicativo verbs::tense::pt::presente verbs::unit-code::pt-conjugation::present verbs::unit-code::pt-conjugation::presente
estudar + presente,Estudar (Estudiar),"<span style=""color: rgb(0, 85, 255);""><b>presente</b></span>",Estudo,Estudas,Estuda,Estudamos,Estudam,,,,,,ʃˈtudu,ʃˈtudɐʃ,ʃˈtudɐ,ʃtuˈdɐmuʃ,ʃˈtudɐ̃w,,,,,,,course-code::pt-conjugation verbs::ending::pt::ar verbs::mood::pt::indicativo verbs::tense::pt::presente verbs::unit-code::pt-conjugation::present verbs::unit-code::pt-conjugation::presente
ficar + presente,Ficar (Quedarse),"<span style=""color: rgb(0, 85, 255);""><b>presente</b></span>",Fico,Ficas,Fica,Ficamos,Ficam,,,,,,ˈfiku,ˈfikɐʃ,ˈfikɐ,fiˈkɐmuʃ,ˈfikɐ̃w,,,,,,,course-code::pt-conjugation verbs::ending::pt::ar verbs::mood::pt::indicativo verbs::tense::pt::presente verbs::unit-code::pt-conjugation::present verbs::unit-code::pt-conjugation::presente
começar + presente,Começar (Empezar),"<span style=""color: rgb(0, 85, 255);""><b>presente</b></span>",Começo,Começas,Começa,Começamos,Começam,,,,,,kuˈmesu,kuˈmesɐʃ,kuˈmesɐ,kumɨˈsɐmuʃ,kuˈmesɐ̃w,,,,,,,course-code::pt-conjugation verbs::ending::pt::ar verbs::mood::pt::indicativo verbs::tense::pt::presente verbs::unit-code::pt-conjugation::present verbs::unit-code::pt-conjugation::presente
pagar + presente,Pagar,"<span style=""color: rgb(0, 85, 255);""><b>presente</b></span>",Pago,Pagas,Paga,Pagamos,Pagam,,,,,,ˈpagu,ˈpagɐʃ,ˈpagɐ,pɐˈgɐmuʃ,ˈpagɐ̃w,,,,,,,course-code::pt-conjugation verbs::ending::pt::ar verbs::mood::pt::indicativo verbs::tense::pt::presente verbs::unit-code::pt-conjugation::present verbs::unit-code::pt-conjugation::presente
lavar + presente,Lavar,"<span style=""color: rgb(0, 85, 255);""><b>presente</b></span>",Lavo,Lavas,Lava,Lavamos,Lavam,,,,,,ˈɫavu,ˈɫavɐʃ,ˈɫavɐ,ɫɐˈvɐmuʃ,ˈɫavɐ̃w,,,,,,,course-code::pt-conjugation verbs::ending::pt::ar verbs::mood::pt::indicativo verbs::tense::pt::presente verbs::unit-code::pt-conjugation::present verbs::unit-code::pt-conjugation::presente
usar + presente,Usar,"<span style=""color: rgb(0, 85, 255);""><b>presente</b></span>",Uso,Usas,Usa,Usamos,Usam,,,,,,ˈuzu,ˈuzɐʃ,ˈuzɐ,uˈzɐmuʃ,ˈuzɐ̃w,,,,,,,course-code::pt-conjugation verbs::ending::pt::ar verbs::mood::pt::indicativo verbs::tense::pt::presente verbs::unit-code::pt-conjugation::present verbs::unit-code::pt-conjugation::presente
pensar + presente,Pensar,"<span style=""color: rgb(0, 85, 255);""><b>presente</b></span>",Penso,Pensas,Pensa,Pensamos,Pensam,,,,,,ˈpẽsu,ˈpẽsɐʃ,ˈpẽsɐ,pẽˈsɐmuʃ,ˈpẽsɐ̃w,,,,,,,course-code::pt-conjugation verbs::ending::pt::ar verbs::mood::pt::indicativo verbs::tense::pt::presente verbs::unit-code::pt-conjugation::present verbs::unit-code::pt-conjugation::presente
viajar + presente,Viajar,"<span style=""color: rgb(0, 85, 255);""><b>presente</b></span>",Viajo,Viajas,Viaja,Viajamos,Viajam,,,,,,viˈaʒu,viˈaʒɐʃ,viˈaʒɐ,viɐˈʒɐmuʃ,viˈaʒɐ̃w,,,,,,,course-code::pt-conjugation verbs::ending::pt::ar verbs::mood::pt::indicativo verbs::tense::pt::presente verbs::unit-code::pt-conjugation::present verbs::unit-code::pt-conjugation::presente
beijar + presente,Beijar (Besar),"<span style=""color: rgb(0, 85, 255);""><b>presente</b></span>",Beijo,Beijas,Beija,Beijamos,Beijam,,,,,,ˈbɐjʒu,ˈbɐjʒɐʃ,ˈbɐjʒɐ,bɐjˈʒɐmuʃ,ˈbɐjʒɐ̃w,,,,,,,course-code::pt-conjugation verbs::ending::pt::ar verbs::mood::pt::indicativo verbs::tense::pt::presente verbs::unit-code::pt-conjugation::present verbs::unit-code::pt-conjugation::presente
cantar + presente,Cantar,"<span style=""color: rgb(0, 85, 255);""><b>presente</b></span>",Canto,Cantas,Canta,Cantamos,Cantam,,,,,,/ˈkɐ̃tu/,/ˈkɐ̃tɐʃ/,/ˈkɐ̃tɐ/,/kɐ̃ˈtɐmuʃ/,/ˈkɐ̃tɐ̃w/,,,,,,,course-code::pt-a2.2 course-code::pt-conjugation verbs verbs::mood::pt::indicativo verbs::tense::pt::presente verbs::unit-code::pt-conjugation::present verbs::unit-code::pt-conjugation::presente
chamar + presente,Chamar (Llamar),"<span style=""color: rgb(0, 85, 255);""><b>presente</b></span>",Chamo,Chamas,Chama,Chamamos,Chamam,,,,,,ˈʃɐmu,ˈʃɐmɐʃ,ˈʃɐmɐ,ʃɐˈmɐmuʃ,ˈʃɐmɐ̃w,,,,,,,course-code::pt-conjugation verbs::ending::pt::ar verbs::mood::pt::indicativo verbs::tense::pt::presente verbs::unit-code::pt-conjugation::present verbs::unit-code::pt-conjugation::presente
achar + presente,Achar (Pensar),"<span style=""color: rgb(0, 85, 255);""><b>presente</b></span>",Acho,Achas,Acha,Achamos,Acham,,,,,,ˈaʃu,ˈaʃɐʃ,ˈaʃɐ,ɐˈʃɐmuʃ,ˈaʃɐ̃w,,,,,,,course-code::pt-conjugation verbs::ending::pt::ar verbs::mood::pt::indicativo verbs::tense::pt::presente verbs::unit-code::pt-conjugation::present verbs::unit-code::pt-conjugation::presente
costumar + presente,"Costumar (Soler, i.e. hacer alguna cosa)","<span style=""color: rgb(0, 85, 255);""><b>presente</b></span>",Costumo,Costumas,Costuma,Costumamos,Costumam,,,,,,/kuʃˈtumu/,/kuʃˈtumɐʃ/,/kuʃˈtumɐ/,/kuʃtuˈmɐmuʃ/,/kuʃˈtumɐ̃w/,,,,,,,course-code::pt-conjugation verbs verbs::mood::pt::indicativo verbs::tense::pt::presente verbs::unit-code::pt-conjugation::present verbs::unit-code::pt-conjugation::presente
Dançar + Presente,Dançar (Bailar),"<span style=""color: rgb(0, 85, 255);""><b>presente</b></span>",Danço,Danças,Dança,Dançamos,Dançam,,,,,,ˈdɐ̃su,ˈdɐ̃sɐʃ,ˈdɐ̃sɐ,dɐ̃ˈsɐmuʃ,ˈdɐ̃sɐ̃w,,,,,,,course-code::pt-conjugation verbs::ending::pt::ar verbs::mood::pt::indicativo verbs::tense::pt::presente verbs::unit-code::pt-conjugation::present verbs::unit-code::pt-conjugation::presente
deixar + presente,Deixar (Dejar),"<span style=""color: rgb(0, 85, 255);""><b>presente</b></span>",Deixo,Deixas,Deixa,Deixamos,Deixam,,,,,,ˈdɐjʃu,ˈdɐjʃɐʃ,ˈdɐjʃɐ,dɐjˈʃɐmuʃ,ˈdɐjʃɐ̃w,,,,,,,course-code::pt-conjugation verbs::ending::pt::ar verbs::mood::pt::indicativo verbs::tense::pt::presente verbs::unit-code::pt-conjugation::present verbs::unit-code::pt-conjugation::presente
ligar + presente,"Ligar (Encender, Prender, Telefonear)","<span style=""color: rgb(0, 85, 255);""><b>presente</b></span>",Ligo,Ligas,Liga,Ligamos,Ligam,,,,,,ˈɫigu,ˈɫigɐʃ,ˈɫigɐ,ɫiˈgɐmuʃ,ˈɫigɐ̃w,,,,,,,course-code::pt-conjugation verbs::ending::pt::ar verbs::mood::pt::indicativo verbs::tense::pt::presente verbs::unit-code::pt-conjugation::present verbs::unit-code::pt-conjugation::presente
precisar + presente,Precisar (Necesitar),"<span style=""color: rgb(0, 85, 255);""><b>presente</b></span>",Preciso,Precisas,Precisa,Precisamos,Precisam,,,,,,pɾɨˈsizu,pɾɨˈsizɐʃ,pɾɨˈsizɐ,pɾɨsiˈzɐmuʃ,pɾɨˈsizɐ̃w,,,,,,,course-code::pt-conjugation verbs::ending::pt::ar verbs::mood::pt::indicativo verbs::tense::pt::presente verbs::unit-code::pt-conjugation::present verbs::unit-code::pt-conjugation::presente
ver + presente,Ver,"<span style=""color: rgb(0, 85, 255);""><b>presente</b></span>",Vejo,Vês,Vê,Vemos,Veem,,,,,,ˈvɐjʒu,ˈveʃ,ˈve,ˈvemuʃ,ˈveɐ̃j,,,,,,,course-code::pt-b2.1::00-repaso course-code::pt-conjugation mood::pt::indicativo pt unit-code::pt-conjugation::present verbs::ending::pt::er verbs::flag::pt::basicos verbs::flag::pt::irregulares verbs::mood::pt::indicativo verbs::tense::pt::presente verbs::unit-code::pt-conjugation::present verbs::unit-code::pt-conjugation::presente
saber + presente,Saber,"<span style=""color: rgb(0, 85, 255);""><b>presente</b></span>",Sei,Sabes,Sabe,Sabemos,Sabem,,,,,,ˈsɐj,ˈsabɨʃ,ˈsabɨ,sɐˈbemuʃ,ˈsabɐ̃j,,,,,,,course-code::pt-b2.1::00-repaso course-code::pt-conjugation mood::pt::indicativo pt unit-code::pt-conjugation::present verbs::ending::pt::er verbs::flag::pt::basicos verbs::flag::pt::irregulares verbs::mood::pt::indicativo verbs::tense::pt::presente verbs::unit-code::pt-conjugation::present verbs::unit-code::pt-conjugation::presente
estar + presente,Estar,"<span style=""color: rgb(0, 85, 255);""><b>presente</b></span>",Estou,Estás,Está,Estamos,Estão,,,,,,ʃˈto,ʃˈtaʃ,ʃˈta,ʃˈtɐmuʃ,ʃˈtɐ̃w,,,,,,,course-code::pt-b2.1::00-repaso course-code::pt-conjugation mood::pt::indicativo pt unit-code::pt-conjugation::present verbs::flag::pt::basicos verbs::flag::pt::irregulares verbs::mood::pt::indicativo verbs::tense::pt::presente verbs::unit-code::pt-conjugation::present verbs::unit-code::pt-conjugation::presente
ter + presente,Ter (Tener),"<span style=""color: rgb(0, 85, 255);""><b>presente</b></span>",Tenho,Tens,Tem,Temos,Têm,,,,,,ˈtɐɲu,tɐ̃jʃ,tɐ̃j,ˈtemuʃ,ˈtɐ̃jɐ̃j,,,,,,,course-code::pt-b2.1::00-repaso course-code::pt-conjugation mood::pt::indicativo pt unit-code::pt-conjugation::present verbs::ending::pt::er verbs::flag::pt::basicos verbs::flag::pt::irregulares verbs::mood::pt::indicativo verbs::tense::pt::presente verbs::unit-code::pt-conjugation::present verbs::unit-code::pt-conjugation::presente
dar + presente,Dar,"<span style=""color: rgb(0, 85, 255);""><b>presente</b></span>",Dou,Dás,Dá,Damos,Dão,,,,,,ˈdo,ˈdaʃ,ˈda,ˈdɐmuʃ,ˈdɐ̃w,,,,,,,course-code::pt-conjugation verbs::ending::pt::ar verbs::mood::pt::indicativo verbs::tense::pt::presente verbs::unit-code::pt-conjugation::present verbs::unit-code::pt-conjugation::presente
chamar-se + presente,Chamar-se (Llamarse),"<span style=""color: rgb(0, 85, 255);""><b>presente</b></span>",Chamo-me,Chamas-te,Chama-se,Chamamo-nos,Chamam-se,,,,,,ˈʃɐmu-mɨ,ˈʃɐmɐʃ-tɨ,ˈʃɐmɐ-sɨ,ʃɐˈmɐmu-nuʃ,ˈʃɐmɐ̃w-sɨ,,,,,,,course-code::pt-conjugation verbs::ending::pt::ar verbs::flag::pt::reflexos verbs::mood::pt::indicativo verbs::tense::pt::presente verbs::unit-code::pt-conjugation::present verbs::unit-code::pt-conjugation::presente
levantar-se + presente,Levantar-se,"<span style=""color: rgb(0, 85, 255);""><b>presente</b></span>",Levanto-me,Levantas-te,Levanta-se,Levantamo-nos,Levantam-se,não me levanto,não te levantas,não se levanta,não nos levantamos,não se levantam,ɫɨˈvɐ̃tu-mɨ,ɫɨˈvɐ̃tɐʃ-tɨ,ɫɨˈvɐ̃tɐ-sɨ,ɫɨvɐ̃ˈtɐmu-nuʃ,ɫɨˈvɐ̃tɐ̃w-sɨ,ˈnɐ̃w̃ ˈmɛ lɨˈvɐ̃tu,ˈnɐ̃w̃ ˈtɛ lɨˈvɐ̃tɐʃ,ˈnɐ̃w̃ sɨ lɨˈvɐ̃tɐ,ˈnɐ̃w̃ ˈnɔʒ lɨvɐ̃ˈtɐmuʃ,ˈnɐ̃w̃ sɨ lɨˈvɐ̃tɐ̃w̃,,course-code::pt-conjugation verbs::ending::pt::ar verbs::flag::pt::reflexos verbs::mood::pt::indicativo verbs::tense::pt::presente verbs::unit-code::pt-conjugation::present verbs::unit-code::pt-conjugation::presente
deitar-se + presente,Deitar-se (Acostarse),"<span style=""color: rgb(0, 85, 255);""><b>presente</b></span>",Deito-me,Deitas-te,Deita-se,Deitamo-nos,Deitam-se,,,,,,ˈdɐjtu-mɨ,ˈdɐjtɐʃ-tɨ,ˈdɐjtɐ-sɨ,dɐjˈtɐmu-nuʃ,ˈdɐjtɐ̃w-sɨ,,,,,,,course-code::pt-conjugation verbs::ending::pt::ar verbs::mood::pt::indicativo verbs::tense::pt::presente verbs::unit-code::pt-conjugation::present verbs::unit-code::pt-conjugation::presente
lembrar-se + presente,Lembrar-se  (Acordarse),"<span style=""color: rgb(0, 85, 255);""><b>presente</b></span>",Lembro-me,Lembras-te,Lembra-se,Lembramo-nos,Lembram-se,,,,,,ˈɫẽbɾu-mɨ,ˈɫẽbɾɐʃ-tɨ,ˈɫẽbɾɐ-sɨ,ɫẽˈbɾɐmu-nuʃ,ˈɫẽbɾɐ̃w-sɨ,,,,,,,course-code::pt-conjugation verbs::ending::pt::ar verbs::flag::pt::reflexos verbs::mood::pt::indicativo verbs::tense::pt::presente verbs::unit-code::pt-conjugation::present verbs::unit-code::pt-conjugation::presente
telefonar + presente,Telefonar,"<span style=""color: rgb(0, 85, 255);""><b>presente</b></span>",Telefono,Telefonas,Telefona,Telefonamos,Telefonam,,,,,,tɨɫɨˈfonu,tɨɫɨˈfonɐʃ,tɨɫɨˈfonɐ,tɨɫɨfuˈnɐmuʃ,tɨɫɨˈfonɐ̃w,,,,,,,course-code::pt-conjugation verbs::ending::pt::ar verbs::mood::pt::indicativo verbs::tense::pt::presente verbs::unit-code::pt-conjugation::present verbs::unit-code::pt-conjugation::presente
combinar + presente,"Combinar (Acordar, Pactar)","<span style=""color: rgb(0, 85, 255);""><b>presente</b></span>",Combino,Combinas,Combina,Combinamos,Combinam,,,,,,/kõˈbinu/,/kõˈbinɐʃ/,/kõˈbinɐ/,/kõbiˈnɐmuʃ/,/kõˈbinɐ̃w/,,,,,,,course-code::pt-a2.2 course-code::pt-conjugation verbs verbs::mood::pt::indicativo verbs::tense::pt::presente verbs::unit-code::pt-conjugation::present verbs::unit-code::pt-conjugation::presente
convidar + presente,Convidar (Invitar),"<span style=""color: rgb(0, 85, 255);""><b>presente</b></span>",Convido,Convidas,Convida,Convidamos,Convidam,,,,,,/kõˈvidu/,/kõˈvidɐʃ/,/kõˈvidɐ/,/kõviˈdɐmuʃ/,/kõˈvidɐ̃w/,,,,,,,course-code::pt-conjugation verbs verbs::mood::pt::indicativo verbs::tense::pt::presente verbs::unit-code::pt-conjugation::present verbs::unit-code::pt-conjugation::presente
empurrar + presente,Empurrar (Empujar),"<span style=""color: rgb(0, 85, 255);""><b>presente</b></span>",Empurro,Empurras,Empurra,Empurramos,Empurram,,,,,,ẽˈpuʁu,ẽˈpuʁɐʃ,ẽˈpuʁɐ,ẽpuˈʁɐmuʃ,ẽˈpuʁɐ̃w,,,,,,,course-code::pt-conjugation verbs::ending::pt::ar verbs::mood::pt::indicativo verbs::tense::pt::presente verbs::unit-code::pt-conjugation::present verbs::unit-code::pt-conjugation::presente
puxar + presente,"Puxar (Tirar De, Jalar)","<span style=""color: rgb(0, 85, 255);""><b>presente</b></span>",Puxo,Puxas,Puxa,Puxamos,Puxam,,,,,,ˈpuʃu,ˈpuʃɐʃ,ˈpuʃɐ,puˈʃɐmuʃ,ˈpuʃɐ̃w,,,,,,,course-code::pt-conjugation verbs::ending::pt::ar verbs::mood::pt::indicativo verbs::tense::pt::presente verbs::unit-code::pt-conjugation::present verbs::unit-code::pt-conjugation::presente
mudar + presente,Mudar (Cambiar),"<span style=""color: rgb(0, 85, 255);""><b>presente</b></span>",Mudo,Mudas,Muda,Mudamos,Mudam,,,,,,ˈmudu,ˈmudɐʃ,ˈmudɐ,muˈdɐmuʃ,ˈmudɐ̃w,,,,,,,course-code::pt-conjugation verbs::ending::pt::ar verbs::mood::pt::indicativo verbs::tense::pt::presente verbs::unit-code::pt-conjugation::present verbs::unit-code::pt-conjugation::presente
correr + presente,Correr,"<span style=""color: rgb(0, 85, 255);""><b>presente</b></span>",Corro,Corres,Corre,Corremos,Correm,,,,,,/ˈkoʁu/,/ˈkoʁɨʃ/,/ˈkoʁɨ/,/kuˈʁemuʃ/,/ˈkoʁɐ̃j/,,,,,,,course-code::pt-conjugation verbs verbs::mood::pt::indicativo verbs::tense::pt::presente verbs::unit-code::pt-conjugation::present verbs::unit-code::pt-conjugation::presente
afagar + presente,Afagar (Acariciar),"<span style=""color: rgb(0, 85, 255);""><b>presente</b></span>",Afago,Afagas,Afaga,Afagamos,Afagam,,,,,,ɐˈfagu,ɐˈfagɐʃ,ɐˈfagɐ,ɐfɐˈgɐmuʃ,ɐˈfagɐ̃w,,,,,,,course-code::pt-conjugation verbs::ending::pt::ar verbs::mood::pt::indicativo verbs::tense::pt::presente verbs::unit-code::pt-conjugation::present verbs::unit-code::pt-conjugation::presente
pegar + presente,"Pegar (Coger, Tomar)","<span style=""color: rgb(0, 85, 255);""><b>presente</b></span>",Pego,Pegas,Pega,Pegamos,Pegam,,,,,,ˈpegu,ˈpegɐʃ,ˈpegɐ,pɨˈgɐmuʃ,ˈpegɐ̃w,,,,,,,course-code::pt-conjugation verbs::ending::pt::ar verbs::mood::pt::indicativo verbs::tense::pt::presente verbs::unit-code::pt-conjugation::present verbs::unit-code::pt-conjugation::presente
Crer + presente,Crer (Creer),"<span style=""color: rgb(0, 85, 255);""><b>presente</b></span>",Creio,Crês,Crê,Cremos,Creem,,,,,,/ˈkɾɐju/,/ˈkɾeʃ/,/ˈkɾe/,/ˈkɾemuʃ/,/ˈkɾeɐ̃j/,,,,,,,course-code::pt-conjugation verbs verbs::mood::pt::indicativo verbs::tense::pt::presente verbs::unit-code::pt-conjugation::present verbs::unit-code::pt-conjugation::presente
ler + presente,ler (Leer),"<span style=""color: rgb(0, 85, 255);""><b>presente</b></span>",Leio,Lês,Lê,Lemos,Leem,,,,,,ˈɫɐju,ˈɫeʃ,ˈɫe,ˈɫemuʃ,ˈɫeɐ̃j,,,,,,,course-code::pt-b2.1::00-repaso course-code::pt-conjugation mood::pt::indicativo pt unit-code::pt-conjugation::present verbs::ending::pt::er verbs::flag::pt::basicos verbs::flag::pt::irregulares verbs::mood::pt::indicativo verbs::tense::pt::presente verbs::unit-code::pt-conjugation::present verbs::unit-code::pt-conjugation::presente
querer + presente,querer,"<span style=""color: rgb(0, 85, 255);""><b>presente</b></span>",Quero,Queres,Quer,Queremos,Querem,,,,,,ˈkeɾu,ˈkeɾɨʃ,ˈkeɾ,kɨˈɾemuʃ,ˈkeɾɐ̃j,,,,,,,course-code::pt-b2.1::00-repaso course-code::pt-conjugation mood::pt::indicativo pt unit-code::pt-conjugation::present verbs::ending::pt::er verbs::flag::pt::basicos verbs::flag::pt::irregulares verbs::mood::pt::indicativo verbs::tense::pt::presente verbs::unit-code::pt-conjugation::present verbs::unit-code::pt-conjugation::presente
fazer + presente,fazer (Hacer),"<span style=""color: rgb(0, 85, 255);""><b>presente</b></span>",Faço,Fazes,Faz,Fazemos,Fazem,,,,,,ˈfasu,ˈfazɨʃ,ˈfaʃ,fɐˈzemuʃ,ˈfazɐ̃j,,,,,,,course-code::pt-b2.1::00-repaso course-code::pt-conjugation mood::pt::indicativo pt unit-code::pt-conjugation::present verbs::ending::pt::er verbs::flag::pt::basicos verbs::flag::pt::irregulares verbs::mood::pt::indicativo verbs::tense::pt::presente verbs::unit-code::pt-conjugation::present verbs::unit-code::pt-conjugation::presente
dizer + presente,dizer (Decir),"<span style=""color: rgb(0, 85, 255);""><b>presente</b></span>",Digo,Dizes,Diz,Dizemos,Dizem,,,,,,ˈdigu,ˈdizɨʃ,ˈdiʃ,diˈzemuʃ,ˈdizɐ̃j,,,,,,,course-code::pt-b2.1::00-repaso course-code::pt-conjugation mood::pt::indicativo pt unit-code::pt-conjugation::present verbs::ending::pt::er verbs::flag::pt::basicos verbs::flag::pt::irregulares verbs::mood::pt::indicativo verbs::tense::pt::presente verbs::unit-code::pt-conjugation::present verbs::unit-code::pt-conjugation::presente
trazer + presente,trazer (Traer),"<span style=""color: rgb(0, 85, 255);""><b>presente</b></span>",Trago,Traes,Trae,Traemos,Traem,,,,,,ˈtɾagu,ˈtɾaɨʃ,ˈtɾai,tɾɐˈemuʃ,ˈtɾaɐ̃j,,,,,,,course-code::pt-b2.1::00-repaso course-code::pt-conjugation mood::pt::indicativo pt unit-code::pt-conjugation::present verbs::ending::pt::er verbs::flag::pt::basicos verbs::flag::pt::irregulares verbs::mood::pt::indicativo verbs::tense::pt::presente verbs::unit-code::pt-conjugation::present verbs::unit-code::pt-conjugation::presente
poder + presente,poder,"<span style=""color: rgb(0, 85, 255);""><b>presente</b></span>",Posso,Podes,Pode,Podemos,Podem,,,,,,ˈposu,ˈpodɨʃ,ˈpodɨ,puˈdemuʃ,ˈpodɐ̃j,,,,,,,course-code::pt-b2.1::00-repaso course-code::pt-conjugation mood::pt::indicativo pt unit-code::pt-conjugation::present verbs::ending::pt::er verbs::flag::pt::basicos verbs::flag::pt::irregulares verbs::mood::pt::indicativo verbs::tense::pt::presente verbs::unit-code::pt-conjugation::present verbs::unit-code::pt-conjugation::presente
perder + presente,perder,"<span style=""color: rgb(0, 85, 255);""><b>presente</b></span>",Perco,Perdes,Perde,Perdemos,Perdem,,,,,,ˈpeɾku,ˈpeɾdɨʃ,ˈpeɾdɨ,pɨɾˈdemuʃ,ˈpeɾdɐ̃j,,,,,,,course-code::pt-b2.1::00-repaso course-code::pt-conjugation mood::pt::indicativo pt unit-code::pt-conjugation::present verbs::ending::pt::er verbs::flag::pt::basicos verbs::flag::pt::irregulares verbs::mood::pt::indicativo verbs::tense::pt::presente verbs::unit-code::pt-conjugation::present verbs::unit-code::pt-conjugation::presente
ser + presente,ser,"<span style=""color: rgb(0, 85, 255);""><b>presente</b></span>",Sou,És,É,Somos,São,,,,,,ˈso,ˈɛʃ,ˈɛ,ˈsomuʃ,ˈsɐ̃w,,,,,,,course-code::pt-b2.1::00-repaso course-code::pt-conjugation mood::pt::indicativo pt unit-code::pt-conjugation::present verbs::ending::pt::er verbs::flag::pt::basicos verbs::flag::pt::irregulares verbs::mood::pt::indicativo verbs::tense::pt::presente verbs::unit-code::pt-conjugation::present verbs::unit-code::pt-conjugation::presente
abranger + presente,"Abranger (Cubrir, Abarcar)",presente,Abranjo,Abranges,Abrange,Abrangemos,Abrangem,,,,,,/ɐˈbɾɐ̃ʒu/,/ɐˈbɾɐ̃ʒɨʃ/,/ɐˈbɾɐ̃ʒɨ/,/ɐbɾɐ̃ˈʒemuʃ/,/ɐˈbɾɐ̃ʒɐ̃j/,,,,,,,course-code::pt-a2.1 course-code::pt-a2.2 course-code::pt-conjugation verbs verbs::mood::pt::indicativo verbs::tense::pt::presente verbs::unit-code::pt-conjugation::presente
acabar + presente,Acabar,"<span style=""color: rgb(0, 85, 255);""><b>presente</b></span>",Acabo,Acabas,Acaba,Acabamos,Acabam,,,,,,ɐˈkabu,ɐˈkabɐʃ,ɐˈkabɐ,ɐkɐˈbɐmuʃ,ɐˈkabɐ̃w,,,,,,,course-code::pt-conjugation verbs::ending::pt::ar verbs::mood::pt::indicativo verbs::tense::pt::presente verbs::unit-code::pt-conjugation::present verbs::unit-code::pt-conjugation::presente
aceitar + presente,Aceitar (Aceptar),"<span style=""color: rgb(0, 85, 255);""><b>presente</b></span>",Aceito,Aceitas,Aceita,Aceitamos,Aceitam,,,,,,ɐˈsɐjtu,ɐˈsɐjtɐʃ,ɐˈsɐjtɐ,ɐsɐjˈtɐmuʃ,ɐˈsɐjtɐ̃w,,,,,,,course-code::pt-conjugation verbs::ending::pt::ar verbs::mood::pt::indicativo verbs::tense::pt::presente verbs::unit-code::pt-conjugation::present verbs::unit-code::pt-conjugation::presente
afastar-se + presente,"Afastar-se (Apartarse, Alejarse)","<span style=""color: rgb(0, 85, 255);""><b>presente</b></span>",Afasto-me,Afastas-te,Afasta-se,Afastamo-nos,Afastam-se,,,,,,ɐˈfaʃtu-mɨ,ɐˈfaʃtɐʃ-tɨ,ɐˈfaʃtɐ-sɨ,ɐfɐʃˈtɐmu-nuʃ,ɐˈfaʃtɐ̃w-sɨ,,,,,,,course-code::pt-conjugation verbs::ending::pt::ar verbs::flag::pt::reflexos verbs::mood::pt::indicativo verbs::tense::pt::presente verbs::unit-code::pt-conjugation::present verbs::unit-code::pt-conjugation::presente
andar + presente,Andar,"<span style=""color: rgb(0, 85, 255);""><b>presente</b></span>",Ando,Andas,Anda,Andamos,Andam,,,,,,ˈɐ̃du,ˈɐ̃dɐʃ,ˈɐ̃dɐ,ɐ̃ˈdɐmuʃ,ˈɐ̃dɐ̃w,,,,,,,course-code::pt-conjugation verbs::ending::pt::ar verbs::mood::pt::indicativo verbs::tense::pt::presente verbs::unit-code::pt-conjugation::present verbs::unit-code::pt-conjugation::presente
arranjar + presente,Arranjar (Ordenar),"<span style=""color: rgb(0, 85, 255);""><b>presente</b></span>",Arranjo,Arranjas,Arranja,Arranjamos,Arranjam,,,,,,aˈʁɐ̃ʒu,aˈʁɐ̃ʒɐʃ,aˈʁɐ̃ʒɐ,aʁɐ̃ˈʒɐmuʃ,aˈʁɐ̃ʒɐ̃w,,,,,,,course-code::pt-conjugation verbs::ending::pt::ar verbs::mood::pt::indicativo verbs::tense::pt::presente verbs::unit-code::pt-conjugation::present verbs::unit-code::pt-conjugation::presente
arranjar-se + presente,Arranjar-se (Arreglarse),"<span style=""color: rgb(0, 85, 255);""><b>presente</b></span>",Arranjo-me,Arranjas-te,Arranja-se,Arranjamo-nos,Arranjam-se,,,,,,aˈʁɐ̃ʒu-mɨ,aˈʁɐ̃ʒɐʃ-tɨ,aˈʁɐ̃ʒɐ-sɨ,aʁɐ̃ˈʒɐmu-nuʃ,aˈʁɐ̃ʒɐ̃w-sɨ,,,,,,,course-code::pt-conjugation verbs::ending::pt::ar verbs::mood::pt::indicativo verbs::tense::pt::presente verbs::unit-code::pt-conjugation::present verbs::unit-code::pt-conjugation::presente
assistir + presente,"Assistir (Asistir, Ayudar)","<span style=""color: rgb(0, 85, 255);""><b>presente</b></span>",Assisto,Assistes,Assiste,Assistimos,Assistem,,,,,,ɐˈsiʃtu,ɐˈsiʃtɨʃ,ɐˈsiʃtɨ,ɐsɨʃˈtimuʃ,ɐˈsiʃtɐ̃j,,,,,,,course-code::pt-conjugation verbs::ending::pt::ir verbs::mood::pt::indicativo verbs::tense::pt::presente verbs::unit-code::pt-conjugation::present verbs::unit-code::pt-conjugation::presente
assombrar + presente,"Assombrar (perseguir, aparecerse, dejar pasmado)","<span style=""color: rgb(0, 85, 255);""><b>presente</b></span>",Assombro,Assombras,Assombra,Assombramos,Assombram,,,,,,ɐˈsõbɾu,ɐˈsõbɾɐʃ,ɐˈsõbɾɐ,ɐsõˈbɾɐmuʃ,ɐˈsõbɾɐ̃w,,,,,,,course-code::pt-conjugation verbs::ending::pt::ar verbs::mood::pt::indicativo verbs::tense::pt::presente verbs::unit-code::pt-conjugation::present verbs::unit-code::pt-conjugation::presente
atribuir + presente,Atribuir,presente,Atribuo,Atribuis,Atribui,Atribuímos,Atribuem,,,,,,/ɐtɾiˈbuu/,/ɐtɾiˈbujʃ/,/ɐtɾiˈbuj/,/ɐtɾibuˈimuʃ/,/ɐtɾiˈbuɐ̃j/,,,,,,,course-code::pt-a2.1 course-code::pt-a2.2 course-code::pt-conjugation verbs verbs::mood::pt::indicativo verbs::tense::pt::presente verbs::unit-code::pt-conjugation::presente
brincar + presente,"Brincar (Jugar s/reglas, por ejemplo a las muñecas)","<span style=""color: rgb(0, 85, 255);""><b>presente</b></span>",Brinco,Brincas,Brinca,Brincamos,Brincam,,,,,,/ˈbɾĩku/,/ˈbɾĩkɐʃ/,/ˈbɾĩkɐ/,/bɾĩˈkɐmuʃ/,/ˈbɾĩkɐ̃w/,,,,,,,course-code::pt-a2.2 course-code::pt-conjugation verbs verbs::mood::pt::indicativo verbs::tense::pt::presente verbs::unit-code::pt-conjugation::present verbs::unit-code::pt-conjugation::presente
cair + presente,Cair (Caer),"<span style=""color: rgb(0, 85, 255);""><b>presente</b></span>",Caio,Cais,Cai,Caímos,Caem,,,,,,ˈkaju,ˈkajʃ,ˈkaj,kɐˈimuʃ,ˈkaɐ̃j,,,,,,,course-code course-code::pt-b2.1::00-repaso course-code::pt-conjugation mood::pt::indicativo unit-code::pt-conjugation::present verbs::ending::pt::ir verbs::flag::pt::basicos verbs::flag::pt::irregulares verbs::mood::pt::indicativo verbs::tense::pt::presente verbs::unit-code::pt-conjugation::present verbs::unit-code::pt-conjugation::presente
comprar + presente,Comprar,"<span style=""color: rgb(0, 85, 255);""><b>presente</b></span>",Compro,Compras,Compra,Compramos,Compram,,,,,,/ˈkõpɾu/,/ˈkõpɾɐʃ/,/ˈkõpɾɐ/,/kõˈpɾɐmuʃ/,/ˈkõpɾɐ̃w/,,,,,,,course-code::pt-conjugation verbs verbs::mood::pt::indicativo verbs::tense::pt::presente verbs::unit-code::pt-conjugation::present verbs::unit-code::pt-conjugation::presente
conduzir + presente,Conduzir,presente,Conduzo,Conduzes,Conduz,Conduzimos,Conduzem,,,,,,/kõˈduzu/,/kõˈduzɨʃ/,/kõˈduʃ/,/kõduˈzimuʃ/,/kõˈduzɐ̃j/,,,,,,,course-code::pt-a2.1 course-code::pt-a2.2 course-code::pt-conjugation verbs verbs::mood::pt::indicativo verbs::tense::pt::presente verbs::unit-code::pt-conjugation::presente
conhecer + presente,Conhecer (Conocer),"<span style=""color: rgb(0, 85, 255);""><b>presente</b></span>",Conheço,Conheces,Conhece,Conhecemos,Conhecem,,,,,,kuˈɲesu,kuˈɲesɨʃ,kuˈɲesɨ,kuɲɨˈsemuʃ,kuˈɲesɐ̃j,,,,,,,course-code::pt-b2.1::00-repaso course-code::pt-conjugation mood::pt::indicativo pt unit-code::pt-conjugation::present verbs::ending::pt::er verbs::flag::pt::basicos verbs::flag::pt::irregulares verbs::mood::pt::indicativo verbs::tense::pt::presente verbs::unit-code::pt-conjugation::present verbs::unit-code::pt-conjugation::presente
constituir + presente,Constituir,presente,Constituo,Constituís,Constitui,Constituímos,Constituem,,,,,,/kõʃtiˈtuu/,/kõʃtituˈiʃ/,/kõʃtiˈtuj/,/kõʃtituˈimuʃ/,/kõʃtiˈtuɐ̃j/,,,,,,,course-code::pt-a2.1 course-code::pt-a2.2 course-code::pt-conjugation verbs verbs::mood::pt::indicativo verbs::tense::pt::presente verbs::unit-code::pt-conjugation::presente
cumprir + presente,"Cumprir (Cumplir por ejemplo, años)","<span style=""color: rgb(0, 85, 255);""><b>presente</b></span>",Cumpro,Cumpres,Cumpre,Cumprimos,Cumprem,,,,,,ˈkũpɾu,ˈkũpɾɨʃ,ˈkũpɾɨ,kũˈpɾimuʃ,ˈkũpɾɐ̃j,,,,,,,course-code::pt-conjugation verbs::ending::pt::ir verbs::mood::pt::indicativo verbs::tense::pt::presente verbs::unit-code::pt-conjugation::present verbs::unit-code::pt-conjugation::presente
debater + presente,Debater,"<span style=""color: rgb(0, 85, 255);""><b>presente</b></span>",Debato,Debates,Debate,Debatemos,Debatem,,,,,,/dɨˈbatu/,/dɨˈbatɨʃ/,/dɨˈbatɨ/,/dɨbɐˈtemuʃ/,/dɨˈbatɐ̃j/,,,,,,,course-code::pt-conjugation verbs verbs::mood::pt::indicativo verbs::tense::pt::presente verbs::unit-code::pt-conjugation::present verbs::unit-code::pt-conjugation::presente
desistir + presente,Desistir,"<span style=""color: rgb(0, 85, 255);""><b>presente</b></span>",Desisto,Desistes,Desiste,Desistimos,Desistem,,,,,,/dɨˈziʃtu/,/dɨˈziʃtɨʃ/,/dɨˈziʃtɨ/,/dɨzɨʃˈtimuʃ/,/dɨˈziʃtɐ̃j/,,,,,,,course-code::pt-conjugation verbs::mood::pt::indicativo verbs::tense::pt::presente verbs::unit-code::pt-conjugation::present verbs::unit-code::pt-conjugation::presente
despir-se + presente,Despir-se (Desvestirse),presente,Dispo-me,Despes-te,Despe-se,Despimo-nos,Despem-se,,,,,,/ˈdiʃpu-mɨ/,/ˈdeʃpɨʃ-tɨ/,/ˈdeʃpɨ-sɨ/,/dɨʃˈpimu-nuʃ/,/ˈdeʃpɐ̃j-sɨ/,,,,,,,course-code::pt-a2.1 course-code::pt-a2.2 course-code::pt-conjugation verbs verbs::mood::pt::indicativo verbs::tense::pt::presente verbs::unit-code::pt-conjugation::presente
discutir + presente,Discutir,"<span style=""color: rgb(0, 85, 255);""><b>presente</b></span>",Discuto,Discutes,Discute,Discutimos,Discutem,,,,,,dɨʃˈkutu,dɨʃˈkutɨʃ,dɨʃˈkutɨ,dɨʃkuˈtimuʃ,dɨʃˈkutɐ̃j,,,,,,,course-code::pt-conjugation verbs::ending::pt::ir verbs::mood::pt::indicativo verbs::tense::pt::presente verbs::unit-code::pt-conjugation::present verbs::unit-code::pt-conjugation::presente
distribuir + presente,Distribuir,presente,Distribuo,Distribuis,Distribui,Distribuímos,Distribuem,,,,,,/dɨʃtɾiˈbuu/,/dɨʃtɾiˈbujʃ/,/dɨʃtɾiˈbuj/,/dɨʃtɾibuˈimuʃ/,/dɨʃtɾiˈbuɐ̃j/,,,,,,,course-code::pt-a2.1 course-code::pt-a2.2 course-code::pt-conjugation verbs verbs::mood::pt::indicativo verbs::tense::pt::presente verbs::unit-code::pt-conjugation::presente
dividir + presente,Dividir,"<span style=""color: rgb(0, 85, 255);""><b>presente</b></span>",Divido,Divides,Divide,Dividimos,Dividem,,,,,,dɨˈvidu,dɨˈvidɨʃ,dɨˈvidɨ,dɨvɨˈdimuʃ,dɨˈvidɐ̃j,,,,,,,course-code::pt-conjugation verbs::ending::pt::ir verbs::mood::pt::indicativo verbs::tense::pt::presente verbs::unit-code::pt-conjugation::present verbs::unit-code::pt-conjugation::presente
dormir + presente,Dormir,"<span style=""color: rgb(0, 85, 255);""><b>presente</b></span>",Durmo,Dormes,Dorme,Dormimos,Dormem,,,,,,ˈduɾmu,ˈdoɾmɨʃ,ˈdoɾmɨ,duɾˈmimuʃ,ˈdoɾmɐ̃j,,,,,,,course-code::pt-b2.1::00-repaso course-code::pt-conjugation mood::pt::indicativo pt unit-code::pt-conjugation::present verbs::ending::pt::ir verbs::flag::pt::basicos verbs::flag::pt::irregulares verbs::mood::pt::indicativo verbs::tense::pt::presente verbs::unit-code::pt-conjugation::present verbs::unit-code::pt-conjugation::presente
encontrar + presente,Encontrar,"<span style=""color: rgb(0, 85, 255);""><b>presente</b></span>",Encontro,Encontras,Encontra,Encontramos,Encontram,,,,,,ẽˈkõtɾu,ẽˈkõtɾɐʃ,ẽˈkõtɾɐ,ẽkõˈtɾɐmuʃ,ẽˈkõtɾɐ̃w,,,,,,,course-code::pt-conjugation verbs::ending::pt::ar verbs::mood::pt::indicativo verbs::tense::pt::presente verbs::unit-code::pt-conjugation::present verbs::unit-code::pt-conjugation::presente
encontrar-se + presente,Encontrar-se,"<span style=""color: rgb(0, 85, 255);""><b>presente</b></span>",Encontro-me,Encontras-te,Encontra-se,Encontramo-nos,Encontram-se,,,,,,ẽˈkõtɾu-mɨ,ẽˈkõtɾɐʃ-tɨ,ẽˈkõtɾɐ-sɨ,ẽkõˈtɾɐmu-nuʃ,ẽˈkõtɾɐ̃w-sɨ,,,,,,,course-code::pt-conjugation verbs::ending::pt::ar verbs::flag::pt::reflexos verbs::mood::pt::indicativo verbs::tense::pt::presente verbs::unit-code::pt-conjugation::present verbs::unit-code::pt-conjugation::presente
ensinar + presente,Ensinar (Enseñar),"<span style=""color: rgb(0, 85, 255);""><b>presente</b></span>",Ensino,Ensinas,Ensina,Ensinamos,Ensinam,,,,,,ẽˈsinu,ẽˈsinɐʃ,ẽˈsinɐ,ẽsiˈnɐmuʃ,ẽˈsinɐ̃w,,,,,,,course-code::pt-conjugation verbs::ending::pt::ar verbs::mood::pt::indicativo verbs::tense::pt::presente verbs::unit-code::pt-conjugation::present verbs::unit-code::pt-conjugation::presente
entender + presente,Entender,"<span style=""color: rgb(0, 85, 255);""><b>presente</b></span>",Entendo,Entendes,Entende,Entendemos,Entendem,,,,,,/ẽˈtẽdu/,/ẽˈtẽdɨʃ/,/ẽˈtẽdɨ/,/ẽtẽˈdemuʃ/,/ẽˈtẽdɐ̃j/,,,,,,,course-code::pt-conjugation verbs verbs::mood::pt::indicativo verbs::tense::pt::presente verbs::unit-code::pt-conjugation::present verbs::unit-code::pt-conjugation::presente
entrar + presente,Entrar,"<span style=""color: rgb(0, 85, 255);""><b>presente</b></span>",Entro,Entras,Entra,Entramos,Entram,,,,,,ˈẽtɾu,ˈẽtɾɐʃ,ˈẽtɾɐ,ẽˈtɾɐmuʃ,ˈẽtɾɐ̃w,,,,,,,course-code::pt-conjugation verbs::ending::pt::ar verbs::mood::pt::indicativo verbs::tense::pt::presente verbs::unit-code::pt-conjugation::present verbs::unit-code::pt-conjugation::presente
esquecer-se + presente,Esquecer-se,"<span style=""color: rgb(0, 85, 255);""><b>presente</b></span>",Esqueço-me,Esqueces-te,Esquece-se,Esquecemo-nos,Esquecem-se,,,,,,/ʃˈkesu-mɨ/,/ʃˈkesɨʃ-tɨ/,/ʃˈkesɨ-sɨ/,/ʃkɨˈsemu-nuʃ/,/ʃˈkesɐ̃j-sɨ/,,,,,,,course-code::pt-conjugation verbs verbs::mood::pt::indicativo verbs::tense::pt::presente verbs::unit-code::pt-conjugation::present verbs::unit-code::pt-conjugation::presente
esquentar + presente,Esquentar (Calentar),"<span style=""color: rgb(0, 85, 255);""><b>presente</b></span>",Esquento,Esquentas,Esquenta,Esquentamos,Esquentam,,,,,,ʃˈkẽtu,ʃˈkẽtɐʃ,ʃˈkẽtɐ,ʃkẽˈtɐmuʃ,ʃˈkẽtɐ̃w,,,,,,,course-code::pt-conjugation verbs::ending::pt::ar verbs::mood::pt::indicativo verbs::tense::pt::presente verbs::unit-code::pt-conjugation::present verbs::unit-code::pt-conjugation::presente
fugir + presente,Fugir (Huir),"<span style=""color: rgb(0, 85, 255);""><b>presente</b></span>",Fujo,Fuges,Foge,Fugimos,Fugem,,,,,,ˈfuʒu,ˈfuʒɨʃ,ˈfoʒɨ,fuˈʒimuʃ,ˈfuʒɐ̃j,,,,,,,course-code::pt-conjugation verbs::ending::pt::ir verbs::mood::pt::indicativo verbs::tense::pt::presente verbs::unit-code::pt-conjugation::present verbs::unit-code::pt-conjugation::presente
ganhar + presente,Ganhar (Ganar),"<span style=""color: rgb(0, 85, 255);""><b>presente</b></span>",Ganho,Ganhas,Ganha,Ganhamos,Ganham,,,,,,ˈgɐɲu,ˈgɐɲɐʃ,ˈgɐɲɐ,gɐˈɲɐmuʃ,ˈgɐɲɐ̃w,,,,,,,course-code::pt-conjugation verbs::ending::pt::ar verbs::mood::pt::indicativo verbs::tense::pt::presente verbs::unit-code::pt-conjugation::present verbs::unit-code::pt-conjugation::presente
girar + presente,Girar,"<span style=""color: rgb(0, 85, 255);""><b>presente</b></span>",Giro,Giras,Gira,Giramos,Giram,,,,,,ˈʒiɾu,ˈʒiɾɐʃ,ˈʒiɾɐ,ʒiˈɾɐmuʃ,ˈʒiɾɐ̃w,,,,,,,course-code::pt-conjugation verbs::ending::pt::ar verbs::mood::pt::indicativo verbs::tense::pt::presente verbs::unit-code::pt-conjugation::present verbs::unit-code::pt-conjugation::presente
imprimir + presente,Imprimir,"<span style=""color: rgb(0, 85, 255);""><b>presente</b></span>",Imprimo,Imprimes,Imprime,Imprimimos,Imprimem,,,,,,ĩˈpɾimu,ĩˈpɾimɨʃ,ĩˈpɾimɨ,ĩpɾɨˈmimuʃ,ĩˈpɾimɐ̃j,,,,,,,course-code::pt-conjugation verbs::ending::pt::ir verbs::mood::pt::indicativo verbs::tense::pt::presente verbs::unit-code::pt-conjugation::present verbs::unit-code::pt-conjugation::presente
interpretar + presente,Interpretar,"<span style=""color: rgb(0, 85, 255);""><b>presente</b></span>",Interpreto,Interpretas,Interpreta,Interpretamos,Interpretam,,,,,,/ĩtɨɾˈpɾetu/,/ĩtɨɾˈpɾetɐʃ/,/ĩtɨɾˈpɾetɐ/,/ĩtɨɾpɾɨˈtɐmuʃ/,/ĩtɨɾˈpɾetɐ̃w/,,,,,,,course-code::pt-conjugation verbs verbs::mood::pt::indicativo verbs::tense::pt::presente verbs::unit-code::pt-conjugation::present verbs::unit-code::pt-conjugation::presente
investigar + presente,Investigar,"<span style=""color: rgb(0, 85, 255);""><b>presente</b></span>",Investigo,Investigas,Investiga,Investigamos,Investigam,,,,,,ĩvɨʃˈtigu,ĩvɨʃˈtigɐʃ,ĩvɨʃˈtigɐ,ĩvɨʃtiˈgɐmuʃ,ĩvɨʃˈtigɐ̃w,,,,,,,course-code::pt-conjugation verbs::ending::pt::ar verbs::mood::pt::indicativo verbs::tense::pt::presente verbs::unit-code::pt-conjugation::present verbs::unit-code::pt-conjugation::presente
ir + presente,Ir,"<span style=""color: rgb(0, 85, 255);""><b>presente</b></span>",Vou,Vais,Vai,Vamos,Vão,,,,,,ˈvo,ˈvajʃ,ˈvaj,ˈvɐmuʃ,ˈvɐ̃w,,,,,,,course-code::pt-b2.1::00-repaso course-code::pt-conjugation mood::pt::indicativo pt unit-code::pt-conjugation::present verbs::ending::pt::ir verbs::flag::pt::basicos verbs::flag::pt::irregulares verbs::mood::pt::indicativo verbs::tense::pt::presente verbs::unit-code::pt-conjugation::present verbs::unit-code::pt-conjugation::presente
lanchar + presente,"Lanchar (Comer, Picar, viene de &amp;quot;lunch&amp;quot;)","<span style=""color: rgb(0, 85, 255);""><b>presente</b></span>",Lanço,Lanças,Lança,Lançamos,Lançam,,,,,,ˈɫɐ̃su,ˈɫɐ̃sɐʃ,ˈɫɐ̃sɐ,ɫɐ̃ˈsɐmuʃ,ˈɫɐ̃sɐ̃w,,,,,,,course-code::pt-conjugation verbs::ending::pt::ar verbs::mood::pt::indicativo verbs::tense::pt::presente verbs::unit-code::pt-conjugation::present verbs::unit-code::pt-conjugation::presente
lavar-se + presente,Lavar-se,"<span style=""color: rgb(0, 85, 255);""><b>presente</b></span>",Lavo-me,Lavas-te,Lava-se,Lavamo-nos,Lavam-se,,,,,,ˈɫavu-mɨ,ˈɫavɐʃ-tɨ,ˈɫavɐ-sɨ,ɫɐˈvɐmu-nuʃ,ˈɫavɐ̃w-sɨ,,,,,,,course-code::pt-conjugation verbs::ending::pt::ar verbs::flag::pt::reflexos verbs::mood::pt::indicativo verbs::tense::pt::presente verbs::unit-code::pt-conjugation::present verbs::unit-code::pt-conjugation::presente
levantar + presente,Levantar,"<span style=""color: rgb(0, 85, 255);""><b>presente</b></span>",Levanto,Levantas,Levanta,Levantamos,Levantam,,,,,,ɫɨˈvɐ̃tu,ɫɨˈvɐ̃tɐʃ,ɫɨˈvɐ̃tɐ,ɫɨvɐ̃ˈtɐmuʃ,ɫɨˈvɐ̃tɐ̃w,,,,,,,course-code::pt-conjugation verbs::ending::pt::ar verbs::mood::pt::indicativo verbs::tense::pt::presente verbs::unit-code::pt-conjugation::present verbs::unit-code::pt-conjugation::presente
machucar + presente,Machucar (Lastimar),"<span style=""color: rgb(0, 85, 255);""><b>presente</b></span>",Machuco,Machucas,Machuca,Machucamos,Machucam,,,,,,mɐˈʃuku,mɐˈʃukɐʃ,mɐˈʃukɐ,mɐʃuˈkɐmuʃ,mɐˈʃukɐ̃w,,,,,,,course-code::pt-conjugation verbs::ending::pt::ar verbs::mood::pt::indicativo verbs::tense::pt::presente verbs::unit-code::pt-conjugation::present verbs::unit-code::pt-conjugation::presente
machucar-se + presente,Machucar-se (Lastimarse),"<span style=""color: rgb(0, 85, 255);""><b>presente</b></span>",Machuco-me,Machucas-te,Machuca-se,Machucamo-nos,Machucam-se,,,,,,mɐˈʃuku-mɨ,mɐˈʃukɐʃ-tɨ,mɐˈʃukɐ-sɨ,mɐʃuˈkɐmu-nuʃ,mɐˈʃukɐ̃w-sɨ,,,,,,,course-code::pt-conjugation verbs::ending::pt::ar verbs::flag::pt::reflexos verbs::mood::pt::indicativo verbs::tense::pt::presente verbs::unit-code::pt-conjugation::present verbs::unit-code::pt-conjugation::presente
medir + presente,Medir,presente,Meço,Medes,Mede,Medimos,Medem,,,,,,/ˈmesu/,/ˈmedɨʃ/,/ˈmedɨ/,/mɨˈdimuʃ/,/ˈmedɐ̃j/,,,,,,,course-code::pt-a2.1 course-code::pt-a2.2 course-code::pt-conjugation verbs verbs::mood::pt::indicativo verbs::tense::pt::presente verbs::unit-code::pt-conjugation::presente
morrer + presente,Morrer (Morir),"<span style=""color: rgb(0, 85, 255);""><b>presente</b></span>",Morro,Morres,Morre,Morremos,Morrem,,,,,,/ˈmoʁu/,/ˈmoʁɨʃ/,/ˈmoʁɨ/,/muˈʁemuʃ/,/ˈmoʁɐ̃j/,,,,,,,course-code::pt-conjugation verbs verbs::mood::pt::indicativo verbs::tense::pt::presente verbs::unit-code::pt-conjugation::present verbs::unit-code::pt-conjugation::presente
ocupar + presente,Ocupar,"<span style=""color: rgb(0, 85, 255);""><b>presente</b></span>",Ocupo,Ocupas,Ocupa,Ocupamos,Ocupam,,,,,,oˈkupu,oˈkupɐʃ,oˈkupɐ,okuˈpɐmuʃ,oˈkupɐ̃w,,,,,,,course-code::pt-conjugation verbs::ending::pt::ar verbs::mood::pt::indicativo verbs::tense::pt::presente verbs::unit-code::pt-conjugation::present verbs::unit-code::pt-conjugation::presente
ouvir + presente,Ouvir (Oir),"<span style=""color: rgb(0, 85, 255);""><b>presente</b></span>",Ouço / Oiço,Ouves,Ouve,Ouvimos,Ouvem,,,,,,"ˈosu,ˈojsu",ˈovɨʃ,ˈovɨ,oˈvimuʃ,ˈovɐ̃j,,,,,,,course-code::pt-b2.1::00-repaso course-code::pt-conjugation mood::pt::indicativo pt unit-code::pt-conjugation::present verbs::ending::pt::ir verbs::flag::pt::basicos verbs::flag::pt::irregulares verbs::mood::pt::indicativo verbs::tense::pt::presente verbs::unit-code::pt-conjugation::present verbs::unit-code::pt-conjugation::presente
parecer + presente,Parecer,presente,Pareço,Pareces,Parece,Parecemos,Parecem,,,,,,/pɐˈɾesu/,/pɐˈɾesɨʃ/,/pɐˈɾesɨ/,/pɐɾɨˈsemuʃ/,/pɐˈɾesɐ̃j/,,,,,,,course-code::pt-a2.1 course-code::pt-a2.2 course-code::pt-conjugation verbs verbs::mood::pt::indicativo verbs::tense::pt::presente verbs::unit-code::pt-conjugation::presente
pedir + presente,Pedir,"<span style=""color: rgb(0, 85, 255);""><b>presente</b></span>",Peço,Pedes,Pede,Pedimos,Pedem,,,,,,ˈpesu,ˈpedɨʃ,ˈpedɨ,pɨˈdimuʃ,ˈpedɐ̃j,,,,,,,course-code::pt-b2.1::00-repaso course-code::pt-conjugation mood::pt::indicativo pt unit-code::pt-conjugation::present verbs::flag::pt::basicos verbs::flag::pt::irregulares verbs::mood::pt::indicativo verbs::tense::pt::presente verbs::unit-code::pt-conjugation::present verbs::unit-code::pt-conjugation::presente
pintar + presente,Pintar,"<span style=""color: rgb(0, 85, 255);""><b>presente</b></span>",Pinto,Pintas,Pinta,Pintamos,Pintam,,,,,,ˈpĩtu,ˈpĩtɐʃ,ˈpĩtɐ,pĩˈtɐmuʃ,ˈpĩtɐ̃w,,,,,,,course-code::pt-conjugation verbs::ending::pt::ar verbs::mood::pt::indicativo verbs::tense::pt::presente verbs::unit-code::pt-conjugation::present verbs::unit-code::pt-conjugation::presente
pôr + presente,pôr (Poner),"<span style=""color: rgb(0, 85, 255);""><b>presente</b></span>",Ponho,Pões,Põe,Pomos,Põem,,,,,,ˈpoɲu,ˈpõjʃ,ˈpõj,ˈpomuʃ,ˈpõɐ̃j,,,,,,,course-code::pt-b2.1::00-repaso course-code::pt-conjugation mood::pt::indicativo pt unit-code::pt-conjugation::present verbs::ending::pt::or verbs::flag::pt::basicos verbs::flag::pt::irregulares verbs::mood::pt::indicativo verbs::tense::pt::presente verbs::unit-code::pt-conjugation::present verbs::unit-code::pt-conjugation::presente
poupar + presente,"Poupar (Ahorrar, Perdonar)","<span style=""color: rgb(0, 85, 255);""><b>presente</b></span>",Poupo,Poupas,Poupa,Poupamos,Poupam,,,,,,ˈpopu,ˈpopɐʃ,ˈpopɐ,poˈpɐmuʃ,ˈpopɐ̃w,,,,,,,course-code::pt-conjugation verbs::ending::pt::ar verbs::mood::pt::indicativo verbs::tense::pt::presente verbs::unit-code::pt-conjugation::present verbs::unit-code::pt-conjugation::presente
poupar-se + presente,Poupar-se (Escaquearse),"<span style=""color: rgb(0, 85, 255);""><b>presente</b></span>",Poupo-me,Poupas-te,Poupa-se,Poupamo-nos,Poupam-se,,,,,,ˈpopu-mɨ,ˈpopɐʃ-tɨ,ˈpopɐ-sɨ,poˈpɐmu-nuʃ,ˈpopɐ̃w-sɨ,,,,,,,course-code::pt-conjugation verbs::ending::pt::ar verbs::flag::pt::reflexos verbs::mood::pt::indicativo verbs::tense::pt::presente verbs::unit-code::pt-conjugation::present verbs::unit-code::pt-conjugation::presente
resolver + presente,Resolver,"<span style=""color: rgb(0, 85, 255);""><b>presente</b></span>",Resolvo,Resolves,Resolve,Resolvemos,Resolvem,,,,,,/ʁɨˈzɔɫvu/,/ʁɨˈzɔɫvɨʃ/,/ʁɨˈzɔɫvɨ/,/ʁɨzɔɫˈvemuʃ/,/ʁɨˈzɔɫvɐ̃j/,,,,,,,course-code::pt-conjugation verbs verbs::mood::pt::indicativo verbs::tense::pt::presente verbs::unit-code::pt-conjugation::present verbs::unit-code::pt-conjugation::presente
responder + presente,Responder,"<span style=""color: rgb(0, 85, 255);""><b>presente</b></span>",Respondo,Respondes,Responde,Respondemos,Respondem,,,,,,/ʁɨʃˈpõdu/,/ʁɨʃˈpõdɨʃ/,/ʁɨʃˈpõdɨ/,/ʁɨʃpõˈdemuʃ/,/ʁɨʃˈpõdɐ̃j/,,,,,,,course-code::pt-conjugation verbs verbs::mood::pt::indicativo verbs::tense::pt::presente verbs::unit-code::pt-conjugation::present verbs::unit-code::pt-conjugation::presente
resumir + presente,Resumir,"<span style=""color: rgb(0, 85, 255);""><b>presente</b></span>",Resumo,Resumes,Resume,Resumimos,Resumem,,,,,,ʁɨˈzumu,ʁɨˈzumɨʃ,ʁɨˈzumɨ,ʁɨzuˈmimuʃ,ʁɨˈzumɐ̃j,,,,,,,course-code::pt-conjugation verbs::ending::pt::ir verbs::mood::pt::indicativo verbs::tense::pt::presente verbs::unit-code::pt-conjugation::present verbs::unit-code::pt-conjugation::presente
retribuir + presente,Retribuir,presente,Retribuo,Retribuis,Retribui,Retribuímos,Retribuem,,,,,,/ʁɨtɾiˈbuu/,/ʁɨtɾiˈbujʃ/,/ʁɨtɾiˈbuj/,/ʁɨtɾibuˈimuʃ/,/ʁɨtɾiˈbuɐ̃j/,,,,,,,course-code::pt-a2.1 course-code::pt-a2.2 course-code::pt-conjugation verbs verbs::mood::pt::indicativo verbs::tense::pt::presente verbs::unit-code::pt-conjugation::presente
rir + presente,Rir (Reir),"<span style=""color: rgb(0, 85, 255);""><b>presente</b></span>",Rio,Ris,Ri,Rimos,Riem,,,,,,ˈʁiu,ˈʁiʃ,ˈʁi,ˈʁimuʃ,ˈʁiɐ̃j,,,,,,,course-code::pt-b2.1::00-repaso course-code::pt-conjugation mood::pt::indicativo pt unit-code::pt-conjugation::present verbs::ending::pt::ir verbs::flag::pt::basicos verbs::flag::pt::irregulares verbs::mood::pt::indicativo verbs::tense::pt::presente verbs::unit-code::pt-conjugation::present verbs::unit-code::pt-conjugation::presente
sair + presente,Sair (Salir),"<span style=""color: rgb(0, 85, 255);""><b>presente</b></span>",Saio,Sais,Sai,Saímos,Saem,,,,,,ˈsaju,ˈsajʃ,ˈsaj,sɐˈimuʃ,ˈsaɐ̃j,,,,,,,course-code::pt-b2.1::00-repaso course-code::pt-conjugation mood::pt::indicativo pt unit-code::pt-conjugation::present verbs::ending::pt::ir verbs::flag::pt::basicos verbs::flag::pt::irregulares verbs::mood::pt::indicativo verbs::tense::pt::presente verbs::unit-code::pt-conjugation::present verbs::unit-code::pt-conjugation::presente
sentar-se + presente,Sentar-se,"<span style=""color: rgb(0, 85, 255);""><b>presente</b></span>",Sento-me,Sentas-te,Senta-se,Sentamo-nos,Sentam-se,,,,,,ˈsẽtu-mɨ,ˈsẽtɐʃ-tɨ,ˈsẽtɐ-sɨ,sẽˈtɐmu-nuʃ,ˈsẽtɐ̃w-sɨ,,,,,,,course-code::pt-conjugation verbs::ending::pt::ar verbs::flag::pt::reflexos verbs::mood::pt::indicativo verbs::tense::pt::presente verbs::unit-code::pt-conjugation::present verbs::unit-code::pt-conjugation::presente
subir + presente,Subir,"<span style=""color: rgb(0, 85, 255);""><b>presente</b></span>",Subo,Sobes,Sobe,Subimos,Sobem,,,,,,ˈsubu,ˈsobɨʃ,ˈsobɨ,suˈbimuʃ,ˈsobɐ̃j,,,,,,,course-code::pt-conjugation verbs verbs::ending::pt::ir verbs::mood::pt::indicativo verbs::tense::pt::presente verbs::unit-code::pt-conjugation::present verbs::unit-code::pt-conjugation::presente
substituir + presente,Substituir,presente,Substituo,Substituis,Substitui,Substituímos,Substituem,,,,,,/subʃtiˈtuu/,/subʃtiˈtujʃ/,/subʃtiˈtuj/,/subʃtituˈimuʃ/,/subʃtiˈtuɐ̃j/,,,,,,,course-code::pt-a2.1 course-code::pt-a2.2 course-code::pt-conjugation verbs verbs::mood::pt::indicativo verbs::tense::pt::presente verbs::unit-code::pt-conjugation::presente
sumir + presente,"Sumir (Irse, Desaparecer)","<span style=""color: rgb(0, 85, 255);""><b>presente</b></span>",Sumo,Sumes,Some,Sumimos,Sumem,,,,,,ˈsumu,ˈsumɨʃ,ˈsomɨ,suˈmimuʃ,ˈsumɐ̃j,,,,,,,course-code::pt-conjugation verbs verbs::ending::pt::ir verbs::mood::pt::indicativo verbs::tense::pt::presente verbs::unit-code::pt-conjugation::present verbs::unit-code::pt-conjugation::presente
tirar + presente,"Tirar (Qutar, Sacar)","<span style=""color: rgb(0, 85, 255);""><b>presente</b></span>",Tiro,Tiras,Tira,Tiramos,Tiram,,,,,,ˈtiɾu,ˈtiɾɐʃ,ˈtiɾɐ,tiˈɾɐmuʃ,ˈtiɾɐ̃w,,,,,,,course-code::pt-conjugation verbs::ending::pt::ar verbs::mood::pt::indicativo verbs::tense::pt::presente verbs::unit-code::pt-conjugation::present verbs::unit-code::pt-conjugation::presente
tocar + presente,Tocar,"<span style=""color: rgb(0, 85, 255);""><b>presente</b></span>",Toco,Tocas,Toca,Tocamos,Tocam,,,,,,ˈtoku,ˈtokɐʃ,ˈtokɐ,tuˈkɐmuʃ,ˈtokɐ̃w,,,,,,,course-code::pt-conjugation verbs::ending::pt::ar verbs::mood::pt::indicativo verbs::tense::pt::presente verbs::unit-code::pt-conjugation::present verbs::unit-code::pt-conjugation::presente
tratar + presente,Tratar,"<span style=""color: rgb(0, 85, 255);""><b>presente</b></span>",Trato,Tratas,Trata,Tratamos,Tratam,,,,,,ˈtɾatu,ˈtɾatɐʃ,ˈtɾatɐ,tɾɐˈtɐmuʃ,ˈtɾatɐ̃w,,,,,,,course-code::pt-conjugation verbs::ending::pt::ar verbs::mood::pt::indicativo verbs::tense::pt::presente verbs::unit-code::pt-conjugation::present verbs::unit-code::pt-conjugation::presente
vestir-se + presente,Vestir-se,presente,Visto-me,Vestes-te,Veste-se,Vestimo-nos,Vestem-se,,,,,,/ˈviʃtu-mɨ/,/ˈveʃtɨʃ-tɨ/,/ˈveʃtɨ-sɨ/,/vɨʃˈtimu-nuʃ/,/ˈveʃtɐ̃j-sɨ/,,,,,,,course-code::pt-a2.1 course-code::pt-a2.2 course-code::pt-conjugation verbs verbs::mood::pt::indicativo verbs::tense::pt::presente verbs::unit-code::pt-conjugation::presente
vir + presente,Vir (Venir),"<span style=""color: rgb(0, 85, 255);""><b>presente</b></span>",Venho,Vens,Vem,Vimos,Vêm,,,,,,ˈvɐɲu,vɐ̃jʃ,vɐ̃j,ˈvimuʃ,ˈvɐ̃jɐ̃j,,,,,,,course-code::pt-b2.1::00-repaso course-code::pt-conjugation mood::pt::indicativo pt unit-code::pt-conjugation::present verbs::ending::pt::ir verbs::flag::pt::basicos verbs::flag::pt::irregulares verbs::mood::pt::indicativo verbs::tense::pt::presente verbs::unit-code::pt-conjugation::present verbs::unit-code::pt-conjugation::presente
Caber + passado (PPS),Caber,"<span style=""color: rgb(255, 0, 0);""><b>passado (PPS)</b></span>",Coube,Coubeste,Coube,Coubemos,Couberam,,,,,,/ˈko.bɨ/,/ko.ˈbeʃ.tɨ/,/ˈko.bɨ/,/ko.ˈbe.muʃ/,/ko.ˈbe.ɾɐ̃w/,,,,,,,course-code::pt-conjugation verbs::flag::pt::irregulares verbs::mood::pt::indicativo verbs::tense::pt::preterito-perfeito-simples-pps verbs::unit-code::pt-conjugation::preterito-perfeito-simples-pps
percorrer + passado (PPS,Percorrer (recorrer),"<span style=""color: rgb(255, 0, 0);""><b>passado (PPS)</b></span>",percorri,percorreste,percorreu,percorremos,percorreram,,,,,,,,,,,,,,,,,course-code::pt-conjugation Portugues::Falso_Amigo verbs verbs::ending::pt::er verbs::mood::pt::indicativo verbs::tense::pt::preterito-perfeito-simples-pps verbs::unit-code::pt-conjugation::preterito-perfeito-simples-pps
recorrer + passado (PPS),"Recorrer (recurrir, apelar contra)","<span style=""color: rgb(255, 0, 0);""><b>passado (PPS)</b></span>",recorri,recorreste,recorreu,recorremos,recorreram,,,,,,,,,,,,,,,,,course-code::pt-conjugation Portugues::Falso_Amigo verbs verbs::ending::pt::er verbs::mood::pt::indicativo verbs::tense::pt::preterito-perfeito-simples-pps verbs::unit-code::pt-conjugation::preterito-perfeito-simples-pps
recorrer + presente,"Recorrer (recurrir, apelar contra)","<span style=""color: rgb(0, 85, 255);""><b>presente</b></span>",recorro,recorres,recorre,recorremos,recorrem,,,,,,,,,,,,,,,,,course-code::pt-conjugation Portugues::Falso_Amigo verbs verbs::mood::pt::indicativo verbs::tense::pt::presente verbs::unit-code::pt-conjugation::present verbs::unit-code::pt-conjugation::presente
percorrer + presente,Percorrer (recorrer),"<span style=""color: rgb(0, 85, 255);""><b>presente</b></span>",percorro,percorres,percorre,percorremos,percorrem,,,,,,,,,,,,,,,,,course-code::pt-conjugation Portugues::Falso_Amigo verbs verbs::mood::pt::indicativo verbs::tense::pt::presente verbs::unit-code::pt-conjugation::present verbs::unit-code::pt-conjugation::presente
Gostar de + Imperativo,Gostar de,"<b><span style=""color: rgb(255, 85, 127);"">imperativo</span></b>",,Gosta de ...,Goste de ...,Gostemos de ...,Gostem de ...,,Não gostes de ...,Não goste de ...,Não gostemos de ...,Não gostem de ...,,ˈɡɔʃtɐ dɨ...,ˈɡɔʃtɨ dɨ...,ɡuˈʃtemuʒ dɨ...,ˈɡɔʃtɐ̃j̃ dɨ...,,ˈnɐ̃w̃ ˈɡɔʃtɨʒ dɨ...,ˈnɐ̃w̃ ˈɡɔʃtɨ dɨ...,ˈnɐ̃w̃ ɡuˈʃtemuʒ dɨ...,ˈnɐ̃w̃ ˈɡɔʃtɐ̃j̃ dɨ...,,course-code::pt-conjugation verbs::tense::pt::presente-imperativo verbs verbs verbs::ending::pt::ar verbs::mood::pt::imperativo verbs::tense::pt::presente-imperativo verbs::unit-code::pt-conjugation::presente-imperativo
Começar a + Imperativo,Começar a,"<b><span style=""color: rgb(255, 85, 127);"">imperativo</span></b>",,Começa a ...,Comece a ...,Comecemos a ...,Comecem a ...,,Não comeces a ...,Não comece a ...,Não comecemos a ...,Não comecem a ...,,kuˈmɛsɐ ɐ...,kuˈmɛsɨ ɐ...,kumɨˈsemuz ɐ...,kuˈmɛsɐ̃j̃ ɐ...,,ˈnɐ̃w̃ kuˈmɛsɨz ɐ...,ˈnɐ̃w̃ kuˈmɛsɨ ɐ...,ˈnɐ̃w̃ kumɨˈsemuz ɐ...,ˈnɐ̃w̃ kuˈmɛsɐ̃j̃ ɐ...,,course-code::pt-conjugation verbs::tense::pt::presente-imperativo verbs verbs verbs::ending::pt::ar verbs::mood::pt::imperativo verbs::tense::pt::presente-imperativo verbs::unit-code::pt-conjugation::presente-imperativo
Acabar de + Imperativo,Acabar de,"<b><span style=""color: rgb(255, 85, 127);"">imperativo</span></b>",,Acaba de ...,Acabe de ...,Acabemos de ...,Acabem de ...,,Não acabes de ...,Não acabe de ...,Não acabemos de ...,Não acabem de ...,,ɐˈkabɐ dɨ...,ɐˈkabɨ dɨ...,ɐkɐˈbemuʒ dɨ...,ɐˈkabɐ̃j̃ dɨ...,,ˈnɐ̃w̃ ɐˈkabɨʒ dɨ...,ˈnɐ̃w̃ ɐˈkabɨ dɨ...,ˈnɐ̃w̃ ɐkɐˈbemuʒ dɨ...,ˈnɐ̃w̃ ɐˈkabɐ̃j̃ dɨ...,,course-code::pt-conjugation verbs::tense::pt::presente-imperativo verbs verbs verbs::ending::pt::ar verbs::mood::pt::imperativo verbs::tense::pt::presente-imperativo verbs::unit-code::pt-conjugation::presente-imperativo
Continuar a + Imperativo,Continuar a,"<b><span style=""color: rgb(255, 85, 127);"">imperativo</span></b>",,Continua a ...,Continue a ...,Continuemos a ...,Continuem a ...,,Não continues a ...,Não continue a ...,Não continuemos a ...,Não continuem a ...,,kõtiˈnuɐ ɐ...,kõtiˈnuɨ ɐ...,kõtinuˈemuz ɐ...,kõtiˈnuɐ̃j̃ ɐ...,,ˈnɐ̃w̃ kõtiˈnuɨz ɐ...,ˈnɐ̃w̃ kõtiˈnuɨ ɐ...,ˈnɐ̃w̃ kõtinuˈemuz ɐ...,ˈnɐ̃w̃ kõtiˈnuɐ̃j̃ ɐ...,,course-code::pt-conjugation verbs::tense::pt::presente-imperativo verbs verbs verbs::ending::pt::ar verbs::mood::pt::imperativo verbs::tense::pt::presente-imperativo verbs::unit-code::pt-conjugation::presente-imperativo
Lembrar-se de + Imperativo,Lembrar-se de,"<b><span style=""color: rgb(255, 85, 127);"">imperativo</span></b>",,Lembra-te de ...,Lembre-se de ...,Lembremo-nos de ...,Lembrem-se de ...,,Não te lembres de ...,Não se lembre de ...,Não nos lembremos de ...,Não se lembrem de ...,,lẽˈbɾatɨ dɨ...,lẽˈbɾɛsɨ dɨ...,lẽbɾɨˈmɔnuʒ dɨ...,lẽˈbɾẽsɨ dɨ...,,ˈnɐ̃w̃ ˈtɛ ˈlẽbɾɨʒ dɨ...,ˈnɐ̃w̃ sɨ ˈlẽbɾɨ dɨ...,ˈnɐ̃w̃ ˈnɔʒ lẽˈbɾɛmuʒ dɨ...,ˈnɐ̃w̃ sɨ ˈlẽbɾɐ̃j̃ dɨ...,,course-code::pt-conjugation verbs::tense::pt::presente-imperativo verbs verbs::ending::pt::ar verbs::flag::pt::reflexos verbs::mood::pt::imperativo verbs::tense::pt::presente-imperativo verbs::unit-code::pt-conjugation::presente-imperativo
Deixar de + Imperativo,Deixar de,"<b><span style=""color: rgb(255, 85, 127);"">imperativo</span></b>",,Deixa de ...,Deixe de ...,Deixemos de ...,Deixem de ...,,Não deixes de ...,Não deixe de ...,Não deixemos de ...,Não deixem de ...,,ˈdɐjʃɐ dɨ...,ˈdɐjʃɨ dɨ...,dɐjˈʃemuʒ dɨ...,ˈdɐjʃɐ̃j̃ dɨ...,,ˈnɐ̃w̃ ˈdɐjʃɨʒ dɨ...,ˈnɐ̃w̃ ˈdɐjʃɨ dɨ...,ˈnɐ̃w̃ dɐjˈʃemuʒ dɨ...,ˈnɐ̃w̃ ˈdɐjʃɐ̃j̃ dɨ...,,course-code::pt-conjugation verbs::tense::pt::presente-imperativo verbs verbs verbs::ending::pt::ar verbs::mood::pt::imperativo verbs::tense::pt::presente-imperativo verbs::unit-code::pt-conjugation::presente-imperativo
Precisar de + Imperativo,Precisar de,"<b><span style=""color: rgb(255, 85, 127);"">imperativo</span></b>",,Precisa de ...,Precise de ...,Precisemos de ...,Precisem de ...,,Não precises de ...,Não precise de ...,Não precisemos de ...,Não precisem de ...,,pɾɨˈsizɐ dɨ...,pɾɨˈsizɨ dɨ...,pɾɨsiˈzemuʒ dɨ...,pɾɨˈsizɐ̃j̃ dɨ...,,ˈnɐ̃w̃ pɾɨˈsizɨʒ dɨ...,ˈnɐ̃w̃ pɾɨˈsizɨ dɨ...,ˈnɐ̃w̃ pɾɨsiˈzemuʒ dɨ...,ˈnɐ̃w̃ pɾɨˈsizɐ̃j̃ dɨ...,,course-code::pt-conjugation verbs::tense::pt::presente-imperativo verbs verbs verbs::ending::pt::ar verbs::mood::pt::imperativo verbs::tense::pt::presente-imperativo verbs::unit-code::pt-conjugation::presente-imperativo
Ter de + Imperativo,Ter de,"<b><span style=""color: rgb(255, 85, 127);"">imperativo</span></b>",,Tem de ...,Tenha de ...,Tenhamos de ...,Tenham de ...,,Não tenhas de ...,Não tenha de ...,Não tenhamos de ...,Não tenham de ...,,ˈtɐ̃j̃ dɨ...,ˈtɐɲɐ dɨ...,tɨˈɲɐmuʒ dɨ...,ˈtɐɲɐ̃w̃ dɨ...,,ˈnɐ̃w̃ ˈtɐɲɐʒ dɨ...,ˈnɐ̃w̃ ˈtɐɲɐ dɨ...,ˈnɐ̃w̃ tɨˈɲɐmuʒ dɨ...,ˈnɐ̃w̃ ˈtɐɲɐ̃w̃ dɨ...,,course-code::pt-conjugation verbs::tense::pt::presente-imperativo verbs verbs verbs::ending::pt::er verbs::mood::pt::imperativo verbs::tense::pt::presente-imperativo verbs::unit-code::pt-conjugation::presente-imperativo
Esquecer-se de + Imperativo,Esquecer-se de,"<b><span style=""color: rgb(255, 85, 127);"">imperativo</span></b>",,Esquece-te de ...,Esqueça-se de ...,Esqueçamo-nos de ...,Esqueçam-se de ...,,Não te esqueças de ...,Não se esqueça de ...,Não nos esqueçamos de ...,Não se esqueçam de ...,,skɨˈsɛtɨ dɨ...,skɨˈsasɨ dɨ...,skɨsɐˈmɔnuʒ dɨ...,skɨˈsɐ̃sɨ dɨ...,,ˈnɐ̃w̃ ˈtɛ sˈkɛsɐʒ dɨ...,ˈnɐ̃w̃ sɨ sˈkɛsɐ dɨ...,ˈnɐ̃w̃ ˈnɔʃ skɨˈsɐmuʒ dɨ...,ˈnɐ̃w̃ sɨ sˈkɛsɐ̃w̃ dɨ...,,course-code::pt-conjugation verbs::tense::pt::presente-imperativo verbs verbs verbs::ending::pt::er verbs::flag::pt::reflexos verbs::mood::pt::imperativo verbs::tense::pt::presente-imperativo verbs::unit-code::pt-conjugation::presente-imperativo
Entrar em + Imperativo,Entrar em,"<b><span style=""color: rgb(255, 85, 127);"">imperativo</span></b>",,Entra em ...,Entre em ...,Entremos em ...,Entrem em ...,,Não entres em ...,Não entre em ...,Não entremos em ...,Não entrem em ...,,ˈẽtɾɐ ˈɐ̃j̃...,ˈẽtɾɨ ˈɐ̃j̃...,ẽˈtɾɛmuz ˈɐ̃j̃...,ˈẽtɾɐ̃j̃ ˈɐ̃j̃...,,ˈnɐ̃w̃ ˈẽtɾɨz ˈɐ̃j̃...,ˈnɐ̃w̃ ˈẽtɾɨ ˈɐ̃j̃...,ˈnɐ̃w̃ ẽˈtɾɛmuz ˈɐ̃j̃...,ˈnɐ̃w̃ ˈẽtɾɐ̃j̃ ˈɐ̃j̃...,,course-code::pt-conjugation verbs::tense::pt::presente-imperativo verbs verbs verbs::ending::pt::ar verbs::mood::pt::imperativo verbs::tense::pt::presente-imperativo verbs::unit-code::pt-conjugation::presente-imperativo
Passar por + Imperativo,Passar por,"<b><span style=""color: rgb(255, 85, 127);"">imperativo</span></b>",,Passa por ...,Passe por ...,Passemos por ...,Passem por ...,,Não passes por ...,Não passe por ...,Não passemos por ...,Não passem por ...,,ˈpasɐ puɾ...,ˈpasɨ puɾ...,pɐˈsemuʃ puɾ...,ˈpasɐ̃j̃ puɾ...,,ˈnɐ̃w̃ ˈpasɨʃ puɾ...,ˈnɐ̃w̃ ˈpasɨ puɾ...,ˈnɐ̃w̃ pɐˈsemuʃ puɾ...,ˈnɐ̃w̃ ˈpasɐ̃j̃ puɾ...,,course-code::pt-conjugation verbs::tense::pt::presente-imperativo verbs verbs verbs::ending::pt::ar verbs::mood::pt::imperativo verbs::tense::pt::presente-imperativo verbs::unit-code::pt-conjugation::presente-imperativo
Telefonar para + Imperativo,Telefonar para,"<b><span style=""color: rgb(255, 85, 127);"">imperativo</span></b>",,Telefona para ...,Telefone para ...,Telefonemos para ...,Telefonem para ...,,Não telefones para ...,Não telefone para ...,Não telefonemos para ...,Não telefonem para ...,,tɨlɨˈfonɐ pɐɾɐ...,tɨlɨˈfɔnɨ pɐɾɐ...,tɨlɨfuˈnemuʃ pɐɾɐ...,tɨlɨˈfɔnɐ̃j̃ pɐɾɐ...,,ˈnɐ̃w̃ tɨlɨˈfɔnɨʃ pɐɾɐ...,ˈnɐ̃w̃ tɨlɨˈfɔnɨ pɐɾɐ...,ˈnɐ̃w̃ tɨlɨfuˈnemuʃ pɐɾɐ...,ˈnɐ̃w̃ tɨlɨˈfɔnɐ̃j̃ pɐɾɐ...,,course-code::pt-conjugation verbs::tense::pt::presente-imperativo verbs verbs verbs::ending::pt::ar verbs::mood::pt::imperativo verbs::tense::pt::presente-imperativo verbs::unit-code::pt-conjugation::presente-imperativo
Chegar a + Imperativo,Chegar a,"<b><span style=""color: rgb(255, 85, 127);"">imperativo</span></b>",,Chega a ...,Chegue a ...,Cheguemos a ...,Cheguem a ...,,Não chegues a ...,Não chegue a ...,Não cheguemos a ...,Não cheguem a ...,,ˈʃɛɡɐ ɐ...,ˈʃɛɡɨ ɐ...,ʃɨˈɡemuz ɐ...,ˈʃɛɡɐ̃j̃ ɐ...,,ˈnɐ̃w̃ ˈʃɛɡɨz ɐ...,ˈnɐ̃w̃ ˈʃɛɡɨ ɐ...,ˈnɐ̃w̃ ʃɨˈɡemuz ɐ...,ˈnɐ̃w̃ ˈʃɛɡɐ̃j̃ ɐ...,,course-code::pt-conjugation verbs::tense::pt::presente-imperativo verbs verbs verbs::ending::pt::ar verbs::mood::pt::imperativo verbs::tense::pt::presente-imperativo verbs::unit-code::pt-conjugation::presente-imperativo
Acreditar em + Imperativo,Acreditar em,"<b><span style=""color: rgb(255, 85, 127);"">imperativo</span></b>",,Acredita em ...,Acredite em ...,Acreditemos em ...,Acreditem em ...,,Não acredites em ...,Não acredite em ...,Não acreditemos em ...,Não acreditem em ...,,ɐkɾɨˈditɐ ˈɐ̃j̃...,ɐkɾɨˈditɨ ˈɐ̃j̃...,ɐkɾɨdiˈtemuz ˈɐ̃j̃...,ɐkɾɨˈditɐ̃j̃ ˈɐ̃j̃...,,ˈnɐ̃w̃ ɐkɾɨˈditɨz ˈɐ̃j̃...,ˈnɐ̃w̃ ɐkɾɨˈditɨ ˈɐ̃j̃...,ˈnɐ̃w̃ ɐkɾɨdiˈtemuz ˈɐ̃j̃...,ˈnɐ̃w̃ ɐkɾɨˈditɐ̃j̃ ˈɐ̃j̃...,,course-code::pt-conjugation verbs::tense::pt::presente-imperativo verbs verbs verbs::ending::pt::ar verbs::mood::pt::imperativo verbs::tense::pt::presente-imperativo verbs::unit-code::pt-conjugation::presente-imperativo
Morar em + Imperativo,Morar em,"<b><span style=""color: rgb(255, 85, 127);"">imperativo</span></b>",,Mora em ...,More em ...,Moremos em ...,Morem em ...,,Não mores em ...,Não more em ...,Não moremos em ...,Não morem em ...,,ˈmɔɾɐ ˈɐ̃j̃...,ˈmɔɾɨ ˈɐ̃j̃...,muˈɾemuz ˈɐ̃j̃...,ˈmɔɾɐ̃j̃ ˈɐ̃j̃...,,ˈnɐ̃w̃ ˈmɔɾɨz ˈɐ̃j̃...,ˈnɐ̃w̃ ˈmɔɾɨ ˈɐ̃j̃...,ˈnɐ̃w̃ muˈɾemuz ˈɐ̃j̃...,ˈnɐ̃w̃ ˈmɔɾɐ̃j̃ ˈɐ̃j̃...,,course-code::pt-conjugation verbs::tense::pt::presente-imperativo verbs verbs verbs::ending::pt::ar verbs::mood::pt::imperativo verbs::tense::pt::presente-imperativo verbs::unit-code::pt-conjugation::presente-imperativo
Tratar de + Imperativo,Tratar de,"<b><span style=""color: rgb(255, 85, 127);"">imperativo</span></b>",,Trata de ...,Trate de ...,Tratemos de ...,Tratem de ...,,Não trates de ...,Não trate de ...,Não tratemos de ...,Não tratem de ...,,ˈtɾatɐ dɨ...,ˈtɾatɨ dɨ...,tɾɐˈtemuʒ dɨ...,ˈtɾatɐ̃j̃ dɨ...,,ˈnɐ̃w̃ ˈtɾatɨʒ dɨ...,ˈnɐ̃w̃ ˈtɾatɨ dɨ...,ˈnɐ̃w̃ tɾɐˈtemuʒ dɨ...,ˈnɐ̃w̃ ˈtɾatɐ̃j̃ dɨ...,,course-code::pt-conjugation verbs::tense::pt::presente-imperativo verbs verbs verbs::ending::pt::ar verbs::mood::pt::imperativo verbs::tense::pt::presente-imperativo verbs::unit-code::pt-conjugation::presente-imperativo
Pensar em + Imperativo,Pensar em,"<b><span style=""color: rgb(255, 85, 127);"">imperativo</span></b>",,Pensa em ...,Pense em ...,Pensemos em ...,Pensem em ...,,Não penses em ...,Não pense em ...,Não pensemos em ...,Não pensem em ...,,ˈpẽsɐ ˈɐ̃j̃...,ˈpẽsɨ ˈɐ̃j̃...,pẽˈsɛmuz ˈɐ̃j̃...,ˈpẽsɐ̃j̃ ˈɐ̃j̃...,,ˈnɐ̃w̃ ˈpẽsɨz ˈɐ̃j̃...,ˈnɐ̃w̃ ˈpẽsɨ ˈɐ̃j̃...,ˈnɐ̃w̃ pẽˈsɛmuz ˈɐ̃j̃...,ˈnɐ̃w̃ ˈpẽsɐ̃j̃ ˈɐ̃j̃...,,course-code::pt-conjugation verbs::tense::pt::presente-imperativo verbs verbs verbs::ending::pt::ar verbs::mood::pt::imperativo verbs::tense::pt::presente-imperativo verbs::unit-code::pt-conjugation::presente-imperativo
Ficar em + Imperativo,Ficar em,"<b><span style=""color: rgb(255, 85, 127);"">imperativo</span></b>",,Fica em ...,Fique em ...,Fiquemos em ...,Fiquem em ...,,Não fiques em ...,Não fique em ...,Não fiquemos em ...,Não fiquem em ...,,ˈfikɐ ˈɐ̃j̃...,ˈfikɨ ˈɐ̃j̃...,fiˈkemuz ˈɐ̃j̃...,ˈfikɐ̃j̃ ˈɐ̃j̃...,,ˈnɐ̃w̃ ˈfikɨz ˈɐ̃j̃...,ˈnɐ̃w̃ ˈfikɨ ˈɐ̃j̃...,ˈnɐ̃w̃ fiˈkemuz ˈɐ̃j̃...,ˈnɐ̃w̃ ˈfikɐ̃j̃ ˈɐ̃j̃...,,course-code::pt-conjugation verbs::tense::pt::presente-imperativo verbs verbs verbs::ending::pt::ar verbs::mood::pt::imperativo verbs::tense::pt::presente-imperativo verbs::unit-code::pt-conjugation::presente-imperativo
Voltar para + Imperativo,Voltar para,"<b><span style=""color: rgb(255, 85, 127);"">imperativo</span></b>",,Volta para ...,Volte para ...,Voltemos para ...,Voltem para ...,,Não voltes para ...,Não volte para ...,Não voltemos para ...,Não voltem para ...,,ˈvɔɫtɐ pɐɾɐ...,ˈvɔɫtɨ pɐɾɐ...,vɔɫˈtemuʃ pɐɾɐ...,ˈvɔɫtɐ̃j̃ pɐɾɐ...,,ˈnɐ̃w̃ ˈvɔɫtɨʃ pɐɾɐ...,ˈnɐ̃w̃ ˈvɔɫtɨ pɐɾɐ...,ˈnɐ̃w̃ vɔɫˈtemuʃ pɐɾɐ...,ˈnɐ̃w̃ ˈvɔɫtɐ̃j̃ pɐɾɐ...,,course-code::pt-conjugation verbs::tense::pt::presente-imperativo verbs verbs verbs::ending::pt::ar verbs::mood::pt::imperativo verbs::tense::pt::presente-imperativo verbs::unit-code::pt-conjugation::presente-imperativo
Voltar a + Imperativo,Voltar a,"<b><span style=""color: rgb(255, 85, 127);"">imperativo</span></b>",,Volta a ...,Volte a ...,Voltemos a ...,Voltem a ...,,Não voltes a ...,Não volte a ...,Não voltemos a ...,Não voltem a ...,,ˈvɔɫtɐ ɐ...,ˈvɔɫtɨ ɐ...,vɔɫˈtemuz ɐ...,ˈvɔɫtɐ̃j̃ ɐ...,,ˈnɐ̃w̃ ˈvɔɫtɨz ɐ...,ˈnɐ̃w̃ ˈvɔɫtɨ ɐ...,ˈnɐ̃w̃ vɔɫˈtemuz ɐ...,ˈnɐ̃w̃ ˈvɔɫtɐ̃j̃ ɐ...,,course-code::pt-conjugation verbs::tense::pt::presente-imperativo verbs verbs verbs::ending::pt::ar verbs::mood::pt::imperativo verbs::tense::pt::presente-imperativo verbs::unit-code::pt-conjugation::presente-imperativo
Concordar com + Imperativo,Concordar com,"<b><span style=""color: rgb(255, 85, 127);"">imperativo</span></b>",,Concorda com ...,Concorde com ...,Concordemos com ...,Concordem com ...,,Não concordes com ...,Não concorde com ...,Não concordemos com ...,Não concordem com ...,,kõˈkɔɾdɐ ˈkõ...,kõˈkɔɾdɨ ˈkõ...,kõkuɾˈdemuʃ ˈkõ...,kõˈkɔɾdɐ̃j̃ ˈkõ...,,ˈnɐ̃w̃ kõˈkɔɾdɨʃ ˈkõ...,ˈnɐ̃w̃ kõˈkɔɾdɨ ˈkõ...,ˈnɐ̃w̃ kõkuɾˈdemuʃ ˈkõ...,ˈnɐ̃w̃ kõˈkɔɾdɐ̃j̃ ˈkõ...,,course-code::pt-conjugation verbs::tense::pt::presente-imperativo verbs verbs::ending::pt::ar verbs::mood::pt::imperativo verbs::tense::pt::presente-imperativo verbs::unit-code::pt-conjugation::presente-imperativo
Discordar de + Imperativo,Discordar de,"<b><span style=""color: rgb(255, 85, 127);"">imperativo</span></b>",,Discorda de ...,Discorde de ...,Discordemos de ...,Discordem de ...,,Não discordes de ...,Não discorde de ...,Não discordemos de ...,Não discordem de ...,,diˈʃkɔɾdɐ dɨ...,diˈʃkɔɾdɨ dɨ...,diʃkuɾˈdemuʒ dɨ...,diˈʃkɔɾdɐ̃j̃ dɨ...,,ˈnɐ̃w̃ diˈʃkɔɾdɨʒ dɨ...,ˈnɐ̃w̃ diˈʃkɔɾdɨ dɨ...,ˈnɐ̃w̃ diʃkuɾˈdemuʒ dɨ...,ˈnɐ̃w̃ diˈʃkɔɾdɐ̃j̃ dɨ...,,course-code::pt-conjugation verbs::tense::pt::presente-imperativo verbs verbs::ending::pt::ar verbs::mood::pt::imperativo verbs::tense::pt::presente-imperativo verbs::unit-code::pt-conjugation::presente-imperativo
Participar em + Imperativo,Participar em,"<b><span style=""color: rgb(255, 85, 127);"">imperativo</span></b>",,Participa em ...,Participe em ...,Participemos em ...,Participem em ...,,Não participes em ...,Não participe em ...,Não participemos em ...,Não participem em ...,,pɐɾtiˈsipɐ ˈɐ̃j̃...,pɐɾtiˈsipɨ ˈɐ̃j̃...,pɐɾtisiˈpemuz ˈɐ̃j̃...,pɐɾtiˈsipɐ̃j̃ ˈɐ̃j̃...,,ˈnɐ̃w̃ pɐɾtiˈsipɨz ˈɐ̃j̃...,ˈnɐ̃w̃ pɐɾtiˈsipɨ ˈɐ̃j̃...,ˈnɐ̃w̃ pɐɾtisiˈpemuz ˈɐ̃j̃...,ˈnɐ̃w̃ pɐɾtiˈsipɐ̃j̃ ˈɐ̃j̃...,,course-code::pt-conjugation verbs::tense::pt::presente-imperativo verbs verbs verbs::ending::pt::ar verbs::mood::pt::imperativo verbs::tense::pt::presente-imperativo verbs::unit-code::pt-conjugation::presente-imperativo
Nascer em + Imperativo,Nascer em,"<b><span style=""color: rgb(255, 85, 127);"">imperativo</span></b>",,Nasce em ...,Nasça em ...,Nascemos em ...,Nasçam em ...,,Não nasças em ...,Não nasça em ...,Não nasçamos em ...,Não nasçam em ...,,ˈnaʃsɨ ˈɐ̃j̃...,ˈnassɐ ˈɐ̃j̃...,nɐˈʃsemuz ˈɐ̃j̃...,ˈnassɐ̃w̃ ˈɐ̃j̃...,,ˈnɐ̃w̃ ˈnassɐz ˈɐ̃j̃...,ˈnɐ̃w̃ ˈnassɐ ˈɐ̃j̃...,ˈnɐ̃w̃ nɐsˈsɐmuz ˈɐ̃j̃...,ˈnɐ̃w̃ ˈnassɐ̃w̃ ˈɐ̃j̃...,,course-code::pt-conjugation verbs::tense::pt::presente-imperativo verbs verbs verbs::ending::pt::er verbs::mood::pt::imperativo verbs::tense::pt::presente-imperativo verbs::unit-code::pt-conjugation::presente-imperativo
Viver em + Imperativo,Viver em,"<b><span style=""color: rgb(255, 85, 127);"">imperativo</span></b>",,Vive em ...,Viva em ...,Vivamos em ...,Vivam em ...,,Não vivas em ...,Não viva em ...,Não vivamos em ...,Não vivam em ...,,ˈvivɨ ˈɐ̃j̃...,ˈvivɐ ˈɐ̃j̃...,viˈvɐmuz ˈɐ̃j̃...,ˈvivɐ̃w̃ ˈɐ̃j̃...,,ˈnɐ̃w̃ ˈvivɐz ˈɐ̃j̃...,ˈnɐ̃w̃ ˈvivɐ ˈɐ̃j̃...,ˈnɐ̃w̃ viˈvɐmuz ˈɐ̃j̃...,ˈnɐ̃w̃ ˈvivɐ̃w̃ ˈɐ̃j̃...,,course-code::pt-conjugation verbs::tense::pt::presente-imperativo verbs verbs verbs::ending::pt::er verbs::mood::pt::imperativo verbs::tense::pt::presente-imperativo verbs::unit-code::pt-conjugation::presente-imperativo
Manter + Imperativo,Manter,"<b><span style=""color: rgb(255, 85, 127);"">imperativo</span></b>",,Mantém,Mantenha,Mantenhamos,Mantenham,,Não mantenhas,Não mantenha,Não mantenhamos,Não mantenham,,mɐ̃ˈtɐ̃j̃,mɐ̃ˈtɐɲɐ,mɐ̃tɨˈɲɐmuʃ,mɐ̃ˈtɐɲɐ̃w̃,,ˈnɐ̃w̃ mɐ̃ˈtɐɲɐʃ,ˈnɐ̃w̃ mɐ̃ˈtɐɲɐ,ˈnɐ̃w̃ mɐ̃tɨˈɲɐmuʃ,ˈnɐ̃w̃ mɐ̃ˈtɐɲɐ̃w̃,,course-code::pt-conjugation verbs::tense::pt::presente-imperativo verbs verbs verbs::ending::pt::er verbs::mood::pt::imperativo verbs::tense::pt::presente-imperativo verbs::unit-code::pt-conjugation::presente-imperativo
Sair de + Imperativo,Sair de,"<b><span style=""color: rgb(255, 85, 127);"">imperativo</span></b>",,Sai de ...,Saia de ...,Saiamos de ...,Saiam de ...,,Não saias de ...,Não saia de ...,Não saiamos de ...,Não saiam de ...,,ˈsaj dɨ...,ˈsajɐ dɨ...,sɐjˈɐmuʒ dɨ...,ˈsajɐ̃w̃ dɨ...,,ˈnɐ̃w̃ ˈsajɐʒ dɨ...,ˈnɐ̃w̃ ˈsajɐ dɨ...,ˈnɐ̃w̃ sɐjˈɐmuʒ dɨ...,ˈnɐ̃w̃ ˈsajɐ̃w̃ dɨ...,,course-code::pt-conjugation verbs::tense::pt::presente-imperativo verbs::ending::pt::ir verbs::mood::pt::imperativo verbs::tense::pt::presente-imperativo verbs::unit-code::pt-conjugation::presente-imperativo
Gostar de + passado (PPS),Gostar de,passado (PPS),Gostei de ...,Gostaste de ...,Gostou de ...,Gostámos de ...,Gostaram de ...,,,,,,/ɡuˈʃtɐj dɨ .../,/ɡuˈʃtaʃtɨ dɨ .../,/ɡuˈʃto dɨ .../,/ɡuˈʃtamuʒ dɨ .../,/ɡuˈʃtaɾɐ̃w̃ dɨ .../,,,,,,,course-code::pt-a2.2 course-code::pt-a2.2::01::u1-verbos-mas-preposicion course-code::pt-conjugation verbs verbs::mood::pt::indicativo verbs::tense::pt::preterito-perfeito-simples-pps verbs::unit-code::pt-conjugation::preterito-perfeito-simples-pps
Começar a + passado (PPS),Começar a,passado (PPS),Comecei a ...,Começaste a ...,Começou a ...,Começámos a ...,Começaram a ...,,,,,,/kumɨˈsɐj ɐ .../,/kumɨˈsaʃtɨ ɐ .../,/kumɨˈso ɐ .../,/kumɨˈsamuz ɐ .../,/kumɨˈsaɾɐ̃w̃ ɐ .../,,,,,,,course-code::pt-a2.2 course-code::pt-a2.2::01::u1-verbos-mas-preposicion course-code::pt-conjugation verbs verbs::mood::pt::indicativo verbs::tense::pt::preterito-perfeito-simples-pps verbs::unit-code::pt-conjugation::preterito-perfeito-simples-pps
Acabar de + passado (PPS),Acabar de,passado (PPS),Acabei de ...,Acabaste de ...,Acabou de ...,Acabámos de ...,Acabaram de ...,,,,,,/ɐkɐˈbɐj dɨ .../,/ɐkɐˈbaʃtɨ dɨ .../,/ɐkɐˈbo dɨ .../,/ɐkɐˈbamuʒ dɨ .../,/ɐkɐˈbaɾɐ̃w̃ dɨ .../,,,,,,,course-code::pt-a2.2 course-code::pt-a2.2::01::u1-verbos-mas-preposicion course-code::pt-conjugation verbs verbs::mood::pt::indicativo verbs::tense::pt::preterito-perfeito-simples-pps verbs::unit-code::pt-conjugation::preterito-perfeito-simples-pps
Continuar a + passado (PPS),Continuar a,passado (PPS),Continuei a ...,Continuaste a ...,Continuou a ...,Continuámos a ...,Continuaram a ...,,,,,,/kõtinuˈɐj ɐ .../,/kõtinuˈaʃtɨ ɐ .../,/kõtinuˈo ɐ .../,/kõtinuˈamuz ɐ .../,/kõtinuˈaɾɐ̃w̃ ɐ .../,,,,,,,course-code::pt-a2.2 course-code::pt-a2.2::01::u1-verbos-mas-preposicion course-code::pt-conjugation verbs verbs::mood::pt::indicativo verbs::tense::pt::preterito-perfeito-simples-pps verbs::unit-code::pt-conjugation::preterito-perfeito-simples-pps
Lembrar-se de + passado (PPS),Lembrar-se de,passado (PPS),Lembrei-me de ...,Lembraste-te de ...,Lembrou-se de ...,Lembrámo-nos de ...,Lembraram-se de ...,,,,,,/lẽˈbɾɐjmɨ dɨ .../,/lẽbɾɐˈʃtɛtɨ dɨ .../,/lẽˈbɾosɨ dɨ .../,/lẽˈbɾamunuʒ dɨ .../,/lẽbɾɐˈɾɐ̃sɨ dɨ .../,,,,,,,course-code::pt-a2.2 course-code::pt-a2.2::01::u1-verbos-mas-preposicion course-code::pt-conjugation verbs verbs::mood::pt::indicativo verbs::tense::pt::preterito-perfeito-simples-pps verbs::unit-code::pt-conjugation::preterito-perfeito-simples-pps
Deixar de + passado (PPS),Deixar de,passado (PPS),Deixei de ...,Deixaste de ...,Deixou de ...,Deixámos de ...,Deixaram de ...,,,,,,/dɐjˈʃɐj dɨ .../,/dɐjˈʃaʃtɨ dɨ .../,/dɐjˈʃo dɨ .../,/dɐjˈʃamuʒ dɨ .../,/dɐjˈʃaɾɐ̃w̃ dɨ .../,,,,,,,course-code::pt-a2.2 course-code::pt-a2.2::01::u1-verbos-mas-preposicion course-code::pt-conjugation verbs verbs::mood::pt::indicativo verbs::tense::pt::preterito-perfeito-simples-pps verbs::unit-code::pt-conjugation::preterito-perfeito-simples-pps
Precisar de + passado (PPS),Precisar de,passado (PPS),Precisei de ...,Precisaste de ...,Precisou de ...,Precisámos de ...,Precisaram de ...,,,,,,/pɾɨsiˈzɐj dɨ .../,/pɾɨsiˈzaʃtɨ dɨ .../,/pɾɨsiˈzo dɨ .../,/pɾɨsiˈzamuʒ dɨ .../,/pɾɨsiˈzaɾɐ̃w̃ dɨ .../,,,,,,,course-code::pt-a2.2 course-code::pt-a2.2::01::u1-verbos-mas-preposicion course-code::pt-conjugation verbs verbs::mood::pt::indicativo verbs::tense::pt::preterito-perfeito-simples-pps verbs::unit-code::pt-conjugation::preterito-perfeito-simples-pps
Ter de + passado (PPS),Ter de,passado (PPS),Tive de ...,Tiveste de ...,Teve de ...,Tivemos de ...,Tiveram de ...,,,,,,/ˈtivɨ dɨ .../,/tiˈveʃtɨ dɨ .../,/ˈtɛvɨ dɨ .../,/tiˈvemuʒ dɨ .../,/tiˈveɾɐ̃w̃ dɨ .../,,,,,,,course-code::pt-a2.2 course-code::pt-a2.2::01::u1-verbos-mas-preposicion course-code::pt-conjugation verbs verbs::mood::pt::indicativo verbs::tense::pt::preterito-perfeito-simples-pps verbs::unit-code::pt-conjugation::preterito-perfeito-simples-pps
Esquecer-se de + passado (PPS),Esquecer-se de,passado (PPS),Esqueci-me de ...,Esqueceste-te de ...,Esqueceu-se de ...,Esquecemo-nos de ...,Esqueceram-se de ...,,,,,,/skɨˈsimɨ dɨ .../,/skɨsɨˈʃtɛtɨ dɨ .../,/skɨˈsewsɨ dɨ .../,/skɨsɨˈmɔnuʒ dɨ .../,/skɨsɨˈɾɐ̃sɨ dɨ .../,,,,,,,course-code::pt-a2.2 course-code::pt-a2.2::01::u1-verbos-mas-preposicion course-code::pt-conjugation verbs verbs::mood::pt::indicativo verbs::tense::pt::preterito-perfeito-simples-pps verbs::unit-code::pt-conjugation::preterito-perfeito-simples-pps
Entrar em + passado (PPS),Entrar em,passado (PPS),Entrei em ...,Entraste em ...,Entrou em ...,Entrámos em ...,Entraram em ...,,,,,,/ẽˈtɾɐj ˈɐ̃j̃ .../,/ẽˈtɾaʃtɨ ˈɐ̃j̃ .../,/ẽˈtɾo ˈɐ̃j̃ .../,/ẽˈtɾamuz ˈɐ̃j̃ .../,/ẽˈtɾaɾɐ̃w̃ ˈɐ̃j̃ .../,,,,,,,course-code::pt-a2.2 course-code::pt-a2.2::01::u1-verbos-mas-preposicion course-code::pt-conjugation verbs verbs::mood::pt::indicativo verbs::tense::pt::preterito-perfeito-simples-pps verbs::unit-code::pt-conjugation::preterito-perfeito-simples-pps
Passar por + passado (PPS),Passar por,passado (PPS),Passei por ...,Passaste por ...,Passou por ...,Passámos por ...,Passaram por ...,,,,,,/pɐˈsɐj puɾ .../,/pɐˈsaʃtɨ puɾ .../,/pɐˈso puɾ .../,/pɐˈsamuʃ puɾ .../,/pɐˈsaɾɐ̃w̃ puɾ .../,,,,,,,course-code::pt-a2.2 course-code::pt-a2.2::01::u1-verbos-mas-preposicion course-code::pt-conjugation verbs verbs::mood::pt::indicativo verbs::tense::pt::preterito-perfeito-simples-pps verbs::unit-code::pt-conjugation::preterito-perfeito-simples-pps
Telefonar para + passado (PPS),Telefonar para,passado (PPS),Telefonei para ...,Telefonaste para ...,Telefonou para ...,Telefonámos para ...,Telefonaram para ...,,,,,,/tɨlɨfuˈnɐj pɐɾɐ .../,/tɨlɨfuˈnaʃtɨ pɐɾɐ .../,/tɨlɨfuˈno pɐɾɐ .../,/tɨlɨfuˈnamuʃ pɐɾɐ .../,/tɨlɨfuˈnaɾɐ̃w̃ pɐɾɐ .../,,,,,,,course-code::pt-a2.2 course-code::pt-a2.2::01::u1-verbos-mas-preposicion course-code::pt-conjugation verbs verbs::mood::pt::indicativo verbs::tense::pt::preterito-perfeito-simples-pps verbs::unit-code::pt-conjugation::preterito-perfeito-simples-pps
Chegar a + passado (PPS),Chegar a,passado (PPS),Cheguei a ...,Chegaste a ...,Chegou a ...,Chegámos a ...,Chegaram a ...,,,,,,/ʃɨˈɡɐj ɐ .../,/ʃɨˈɡaʃtɨ ɐ .../,/ʃɨˈɡo ɐ .../,/ʃɨˈɡamuz ɐ .../,/ʃɨˈɡaɾɐ̃w̃ ɐ .../,,,,,,,course-code::pt-a2.2 course-code::pt-a2.2::01::u1-verbos-mas-preposicion course-code::pt-conjugation verbs verbs::mood::pt::indicativo verbs::tense::pt::preterito-perfeito-simples-pps verbs::unit-code::pt-conjugation::preterito-perfeito-simples-pps
Acreditar em + passado (PPS),Acreditar em,passado (PPS),Acreditei em ...,Acreditaste em ...,Acreditou em ...,Acreditámos em ...,Acreditaram em ...,,,,,,/ɐkɾɨdiˈtɐj ˈɐ̃j̃ .../,/ɐkɾɨdiˈtaʃtɨ ˈɐ̃j̃ .../,/ɐkɾɨdiˈto ˈɐ̃j̃ .../,/ɐkɾɨdiˈtamuz ˈɐ̃j̃ .../,/ɐkɾɨdiˈtaɾɐ̃w̃ ˈɐ̃j̃ .../,,,,,,,course-code::pt-a2.2 course-code::pt-a2.2::01::u1-verbos-mas-preposicion course-code::pt-conjugation verbs verbs::mood::pt::indicativo verbs::tense::pt::preterito-perfeito-simples-pps verbs::unit-code::pt-conjugation::preterito-perfeito-simples-pps
Morar em + passado (PPS),Morar em,passado (PPS),Morei em ...,Moraste em ...,Morou em ...,Morámos em ...,Moraram em ...,,,,,,/muˈɾɐj ˈɐ̃j̃ .../,/muˈɾaʃtɨ ˈɐ̃j̃ .../,/muˈɾo ˈɐ̃j̃ .../,/muˈɾamuz ˈɐ̃j̃ .../,/muˈɾaɾɐ̃w̃ ˈɐ̃j̃ .../,,,,,,,course-code::pt-a2.2 course-code::pt-a2.2::01::u1-verbos-mas-preposicion course-code::pt-conjugation verbs verbs::mood::pt::indicativo verbs::tense::pt::preterito-perfeito-simples-pps verbs::unit-code::pt-conjugation::preterito-perfeito-simples-pps
Tratar de + passado (PPS),Tratar de,passado (PPS),Tratei de ...,Trataste de ...,Tratou de ...,Tratámos de ...,Trataram de ...,,,,,,/tɾɐˈtɐj dɨ .../,/tɾɐˈtaʃtɨ dɨ .../,/tɾɐˈto dɨ .../,/tɾɐˈtamuʒ dɨ .../,/tɾɐˈtaɾɐ̃w̃ dɨ .../,,,,,,,course-code::pt-a2.2 course-code::pt-a2.2::01::u1-verbos-mas-preposicion course-code::pt-conjugation verbs verbs::mood::pt::indicativo verbs::tense::pt::preterito-perfeito-simples-pps verbs::unit-code::pt-conjugation::preterito-perfeito-simples-pps
Pensar em + passado (PPS),Pensar em,passado (PPS),Pensei em ...,Pensaste em ...,Pensou em ...,Pensámos em ...,Pensaram em ...,,,,,,/pẽˈsɐj ˈɐ̃j̃ .../,/pẽˈsaʃtɨ ˈɐ̃j̃ .../,/pẽˈso ˈɐ̃j̃ .../,/pẽˈsamuz ˈɐ̃j̃ .../,/pẽˈsaɾɐ̃w̃ ˈɐ̃j̃ .../,,,,,,,course-code::pt-a2.2 course-code::pt-a2.2::01::u1-verbos-mas-preposicion course-code::pt-conjugation verbs verbs::mood::pt::indicativo verbs::tense::pt::preterito-perfeito-simples-pps verbs::unit-code::pt-conjugation::preterito-perfeito-simples-pps
Ficar em + passado (PPS),Ficar em,passado (PPS),Fiquei em ...,Ficaste em ...,Ficou em ...,Ficámos em ...,Ficaram em ...,,,,,,/fiˈkɐj ˈɐ̃j̃ .../,/fiˈkaʃtɨ ˈɐ̃j̃ .../,/fiˈko ˈɐ̃j̃ .../,/fiˈkamuz ˈɐ̃j̃ .../,/fiˈkaɾɐ̃w̃ ˈɐ̃j̃ .../,,,,,,,course-code::pt-a2.2 course-code::pt-a2.2::01::u1-verbos-mas-preposicion course-code::pt-conjugation verbs verbs::mood::pt::indicativo verbs::tense::pt::preterito-perfeito-simples-pps verbs::unit-code::pt-conjugation::preterito-perfeito-simples-pps
Voltar para + passado (PPS),Voltar para,passado (PPS),Voltei para ...,Voltaste para ...,Voltou para ...,Voltámos para ...,Voltaram para ...,,,,,,/vɔɫˈtɐj pɐɾɐ .../,/vɔɫˈtaʃtɨ pɐɾɐ .../,/vɔɫˈto pɐɾɐ .../,/vɔɫˈtamuʃ pɐɾɐ .../,/vɔɫˈtaɾɐ̃w̃ pɐɾɐ .../,,,,,,,course-code::pt-a2.2 course-code::pt-a2.2::01::u1-verbos-mas-preposicion course-code::pt-conjugation verbs verbs::mood::pt::indicativo verbs::tense::pt::preterito-perfeito-simples-pps verbs::unit-code::pt-conjugation::preterito-perfeito-simples-pps
Voltar a + passado (PPS),Voltar a,passado (PPS),Voltei a ...,Voltaste a ...,Voltou a ...,Voltámos a ...,Voltaram a ...,,,,,,/vɔɫˈtɐj ɐ .../,/vɔɫˈtaʃtɨ ɐ .../,/vɔɫˈto ɐ .../,/vɔɫˈtamuz ɐ .../,/vɔɫˈtaɾɐ̃w̃ ɐ .../,,,,,,,course-code::pt-a2.2 course-code::pt-a2.2::01::u1-verbos-mas-preposicion course-code::pt-conjugation verbs verbs::mood::pt::indicativo verbs::tense::pt::preterito-perfeito-simples-pps verbs::unit-code::pt-conjugation::preterito-perfeito-simples-pps
Concordar com + passado (PPS),Concordar com,passado (PPS),Concordei com ...,Concordaste com ...,Concordou com ...,Concordámos com ...,Concordaram com ...,,,,,,/kõkuɾˈdɐj ˈkõ .../,/kõkuɾˈdaʃtɨ ˈkõ .../,/kõkuɾˈdo ˈkõ .../,/kõkuɾˈdamuʃ ˈkõ .../,/kõkuɾˈdaɾɐ̃w̃ ˈkõ .../,,,,,,,course-code::pt-a2.2 course-code::pt-a2.2::01::u1-verbos-mas-preposicion course-code::pt-conjugation verbs verbs::mood::pt::indicativo verbs::tense::pt::preterito-perfeito-simples-pps verbs::unit-code::pt-conjugation::preterito-perfeito-simples-pps
Discordar de + passado (PPS),Discordar de,passado (PPS),Discordei de ...,Discordaste de ...,Discordou de ...,Discordámos de ...,Discordaram de ...,,,,,,/diʃkuɾˈdɐj dɨ .../,/diʃkuɾˈdaʃtɨ dɨ .../,/diʃkuɾˈdo dɨ .../,/diʃkuɾˈdamuʒ dɨ .../,/diʃkuɾˈdaɾɐ̃w̃ dɨ .../,,,,,,,course-code::pt-a2.2 course-code::pt-a2.2::01::u1-verbos-mas-preposicion course-code::pt-conjugation verbs verbs::mood::pt::indicativo verbs::tense::pt::preterito-perfeito-simples-pps verbs::unit-code::pt-conjugation::preterito-perfeito-simples-pps
Participar em + passado (PPS),Participar em,passado (PPS),Participei em ...,Participaste em ...,Participou em ...,Participámos em ...,Participaram em ...,,,,,,/pɐɾtisiˈpɐj ˈɐ̃j̃ .../,/pɐɾtisiˈpaʃtɨ ˈɐ̃j̃ .../,/pɐɾtisiˈpo ˈɐ̃j̃ .../,/pɐɾtisiˈpamuz ˈɐ̃j̃ .../,/pɐɾtisiˈpaɾɐ̃w̃ ˈɐ̃j̃ .../,,,,,,,course-code::pt-a2.2 course-code::pt-a2.2::01::u1-verbos-mas-preposicion course-code::pt-conjugation verbs verbs::mood::pt::indicativo verbs::tense::pt::preterito-perfeito-simples-pps verbs::unit-code::pt-conjugation::preterito-perfeito-simples-pps
Nascer em + passado (PPS),Nascer em,passado (PPS),Nasci em ...,Nasceste em ...,Nasceu em ...,Nascemos em ...,Nasceram em ...,,,,,,/nɐˈʃsi ˈɐ̃j̃ .../,/nɐˈʃseʃtɨ ˈɐ̃j̃ .../,/nɐˈʃsew ˈɐ̃j̃ .../,/nɐˈʃsemuz ˈɐ̃j̃ .../,/nɐˈʃseɾɐ̃w̃ ˈɐ̃j̃ .../,,,,,,,course-code::pt-a2.2 course-code::pt-a2.2::01::u1-verbos-mas-preposicion course-code::pt-conjugation verbs verbs::mood::pt::indicativo verbs::tense::pt::preterito-perfeito-simples-pps verbs::unit-code::pt-conjugation::preterito-perfeito-simples-pps
Viver em + passado (PPS),Viver em,passado (PPS),Vivi em ...,Viveste em ...,Viveu em ...,Vivemos em ...,Viveram em ...,,,,,,/viˈvi ˈɐ̃j̃ .../,/viˈveʃtɨ ˈɐ̃j̃ .../,/viˈvew ˈɐ̃j̃ .../,/viˈvemuz ˈɐ̃j̃ .../,/viˈveɾɐ̃w̃ ˈɐ̃j̃ .../,,,,,,,course-code::pt-a2.2 course-code::pt-a2.2::01::u1-verbos-mas-preposicion course-code::pt-conjugation verbs verbs::mood::pt::indicativo verbs::tense::pt::preterito-perfeito-simples-pps verbs::unit-code::pt-conjugation::preterito-perfeito-simples-pps
Gostar de + presente,Gostar de,presente,Gosto de ...,Gostas de ...,Gosta de ...,Gostamos de ...,Gostam de ...,,,,,,/ˈɡɔʃtu dɨ .../,/ˈɡɔʃtɐʒ dɨ .../,/ˈɡɔʃtɐ dɨ .../,/ɡuˈʃtɐmuʒ dɨ .../,/ˈɡɔʃtɐ̃w̃ dɨ .../,,,,,,,course-code::pt-a2.2 course-code::pt-a2.2::01::u1-verbos-mas-preposicion course-code::pt-conjugation verbs verbs::flag::pt::verbo-com-prepocicao verbs::mood::pt::indicativo verbs::tense::pt::presente verbs::unit-code::pt-conjugation::present verbs::unit-code::pt-conjugation::presente
Começar a + presente,Começar a,presente,Começo a ...,Começas a ...,Começa a ...,Começamos a ...,Começam a ...,,,,,,/kuˈmɛsu ɐ .../,/kuˈmɛsɐz ɐ .../,/kuˈmɛsɐ ɐ .../,/kumɨˈsɐmuz ɐ .../,/kuˈmɛsɐ̃w̃ ɐ .../,,,,,,,course-code::pt-a2.2 course-code::pt-a2.2::01::u1-verbos-mas-preposicion course-code::pt-conjugation verbs verbs::flag::pt::verbo-com-prepocicao verbs::mood::pt::indicativo verbs::tense::pt::presente verbs::unit-code::pt-conjugation::present verbs::unit-code::pt-conjugation::presente
Acabar de + presente,Acabar de,presente,Acabo de ...,Acabas de ...,Acaba de ...,Acabamos de ...,Acabam de ...,,,,,,/ɐˈkabu dɨ .../,/ɐˈkabɐʒ dɨ .../,/ɐˈkabɐ dɨ .../,/ɐkɐˈbɐmuʒ dɨ .../,/ɐˈkabɐ̃w̃ dɨ .../,,,,,,,course-code::pt-a2.2 course-code::pt-a2.2::01::u1-verbos-mas-preposicion course-code::pt-conjugation verbs verbs::flag::pt::verbo-com-prepocicao verbs::mood::pt::indicativo verbs::tense::pt::presente verbs::unit-code::pt-conjugation::present verbs::unit-code::pt-conjugation::presente
Continuar a + presente,Continuar a,presente,Continuo a ...,Continuas a ...,Continua a ...,Continuamos a ...,Continuam a ...,,,,,,/kõtiˈnuu ɐ .../,/kõtiˈnuɐz ɐ .../,/kõtiˈnuɐ ɐ .../,/kõtinuˈɐmuz ɐ .../,/kõtiˈnuɐ̃w̃ ɐ .../,,,,,,,course-code::pt-a2.2 course-code::pt-a2.2::01::u1-verbos-mas-preposicion course-code::pt-conjugation verbs verbs::flag::pt::verbo-com-prepocicao verbs::mood::pt::indicativo verbs::tense::pt::presente verbs::unit-code::pt-conjugation::present verbs::unit-code::pt-conjugation::presente
Lembrar-se de + presente,Lembrar-se de,presente,Lembro-me de ...,Lembras-te de ...,Lembra-se de ...,Lembramo-nos de ...,Lembram-se de ...,,,,,,/lẽˈbɾɔmɨ dɨ .../,/lẽˈbɾastɨ dɨ .../,/lẽˈbɾasɨ dɨ .../,/lẽbɾɐˈmɔnuʒ dɨ .../,/lẽˈbɾɐ̃sɨ dɨ .../,,,,,,,course-code::pt-a2.2 course-code::pt-a2.2::01::u1-verbos-mas-preposicion course-code::pt-conjugation verbs verbs::flag::pt::verbo-com-prepocicao verbs::mood::pt::indicativo verbs::tense::pt::presente verbs::unit-code::pt-conjugation::present verbs::unit-code::pt-conjugation::presente
Deixar de + presente,Deixar de,presente,Deixo de ...,Deixas de ...,Deixa de ...,Deixamos de ...,Deixam de ...,,,,,,/ˈdɐjʃu dɨ .../,/ˈdɐjʃɐʒ dɨ .../,/ˈdɐjʃɐ dɨ .../,/dɐjˈʃɐmuʒ dɨ .../,/ˈdɐjʃɐ̃w̃ dɨ .../,,,,,,,course-code::pt-a2.2 course-code::pt-a2.2::01::u1-verbos-mas-preposicion course-code::pt-conjugation verbs verbs::flag::pt::verbo-com-prepocicao verbs::mood::pt::indicativo verbs::tense::pt::presente verbs::unit-code::pt-conjugation::present verbs::unit-code::pt-conjugation::presente
Precisar de + presente,Precisar de,presente,Preciso de ...,Precisas de ...,Precisa de ...,Precisamos de ...,Precisam de ...,,,,,,/pɾɨˈsizu dɨ .../,/pɾɨˈsizɐʒ dɨ .../,/pɾɨˈsizɐ dɨ .../,/pɾɨsiˈzɐmuʒ dɨ .../,/pɾɨˈsizɐ̃w̃ dɨ .../,,,,,,,course-code::pt-a2.2 course-code::pt-a2.2::01::u1-verbos-mas-preposicion course-code::pt-conjugation verbs verbs::flag::pt::verbo-com-prepocicao verbs::mood::pt::indicativo verbs::tense::pt::presente verbs::unit-code::pt-conjugation::present verbs::unit-code::pt-conjugation::presente
Passar por + presente,Passar por,presente,Passo por ...,Passas por ...,Passa por ...,Passamos por ...,Passam por ...,,,,,,/ˈpasu puɾ .../,/ˈpasɐʃ puɾ .../,/ˈpasɐ puɾ .../,/pɐˈsɐmuʃ puɾ .../,/ˈpasɐ̃w̃ puɾ .../,,,,,,,course-code::pt-a2.2 course-code::pt-a2.2::01::u1-verbos-mas-preposicion course-code::pt-conjugation verbs verbs::flag::pt::verbo-com-prepocicao verbs::mood::pt::indicativo verbs::tense::pt::presente verbs::unit-code::pt-conjugation::present verbs::unit-code::pt-conjugation::presente
Telefonar para + presente,Telefonar para,presente,Telefono para ...,Telefonas para ...,Telefona para ...,Telefonamos para ...,Telefonam para ...,,,,,,/tɨlɨˈfɔnu pɐɾɐ .../,/tɨlɨˈfɔnɐʃ pɐɾɐ .../,/tɨlɨˈfonɐ pɐɾɐ .../,/tɨlɨfuˈnɐmuʃ pɐɾɐ .../,/tɨlɨˈfɔnɐ̃w̃ pɐɾɐ .../,,,,,,,course-code::pt-a2.2 course-code::pt-a2.2::01::u1-verbos-mas-preposicion course-code::pt-conjugation verbs verbs::flag::pt::verbo-com-prepocicao verbs::mood::pt::indicativo verbs::tense::pt::presente verbs::unit-code::pt-conjugation::present verbs::unit-code::pt-conjugation::presente
Chegar a + presente,Chegar a,presente,Chego a ...,Chegas a ...,Chega a ...,Chegamos a ...,Chegam a ...,,,,,,/ˈʃɛɡu ɐ .../,/ˈʃɛɡɐz ɐ .../,/ˈʃɛɡɐ ɐ .../,/ʃɨˈɡɐmuz ɐ .../,/ˈʃɛɡɐ̃w̃ ɐ .../,,,,,,,course-code::pt-a2.2 course-code::pt-a2.2::01::u1-verbos-mas-preposicion course-code::pt-conjugation verbs verbs::flag::pt::verbo-com-prepocicao verbs::mood::pt::indicativo verbs::tense::pt::presente verbs::unit-code::pt-conjugation::present verbs::unit-code::pt-conjugation::presente
Acreditar em + presente,Acreditar em,presente,Acredito em ...,Acreditas em ...,Acredita em ...,Acreditamos em ...,Acreditam em ...,,,,,,/ɐkɾɨˈditu ˈɐ̃j̃ .../,/ɐkɾɨˈditɐz ˈɐ̃j̃ .../,/ɐkɾɨˈditɐ ˈɐ̃j̃ .../,/ɐkɾɨdiˈtɐmuz ˈɐ̃j̃ .../,/ɐkɾɨˈditɐ̃w̃ ˈɐ̃j̃ .../,,,,,,,course-code::pt-a2.2 course-code::pt-a2.2::01::u1-verbos-mas-preposicion course-code::pt-conjugation verbs verbs::flag::pt::verbo-com-prepocicao verbs::mood::pt::indicativo verbs::tense::pt::presente verbs::unit-code::pt-conjugation::present verbs::unit-code::pt-conjugation::presente
Morar em + presente,Morar em,presente,Moro em ...,Moras em ...,Mora em ...,Moramos em ...,Moram em ...,,,,,,/ˈmɔɾu ˈɐ̃j̃ .../,/ˈmɔɾɐz ˈɐ̃j̃ .../,/ˈmɔɾɐ ˈɐ̃j̃ .../,/muˈɾɐmuz ˈɐ̃j̃ .../,/ˈmɔɾɐ̃w̃ ˈɐ̃j̃ .../,,,,,,,course-code::pt-a2.2 course-code::pt-a2.2::01::u1-verbos-mas-preposicion course-code::pt-conjugation verbs verbs::flag::pt::verbo-com-prepocicao verbs::mood::pt::indicativo verbs::tense::pt::presente verbs::unit-code::pt-conjugation::present verbs::unit-code::pt-conjugation::presente
Tratar de + presente,Tratar de,presente,Trato de ...,Tratas de ...,Trata de ...,Tratamos de ...,Tratam de ...,,,,,,/ˈtɾatu dɨ .../,/ˈtɾatɐʒ dɨ .../,/ˈtɾatɐ dɨ .../,/tɾɐˈtɐmuʒ dɨ .../,/ˈtɾatɐ̃w̃ dɨ .../,,,,,,,course-code::pt-a2.2 course-code::pt-a2.2::01::u1-verbos-mas-preposicion course-code::pt-conjugation verbs verbs::flag::pt::verbo-com-prepocicao verbs::mood::pt::indicativo verbs::tense::pt::presente verbs::unit-code::pt-conjugation::present verbs::unit-code::pt-conjugation::presente
Pensar em + presente,Pensar em,presente,Penso em ...,Pensas em ...,Pensa em ...,Pensamos em ...,Pensam em ...,,,,,,/ˈpẽsu ˈɐ̃j̃ .../,/ˈpẽsɐz ˈɐ̃j̃ .../,/ˈpẽsɐ ˈɐ̃j̃ .../,/pẽˈsɐmuz ˈɐ̃j̃ .../,/ˈpẽsɐ̃w̃ ˈɐ̃j̃ .../,,,,,,,course-code::pt-a2.2 course-code::pt-a2.2::01::u1-verbos-mas-preposicion course-code::pt-conjugation verbs verbs::flag::pt::verbo-com-prepocicao verbs::mood::pt::indicativo verbs::tense::pt::presente verbs::unit-code::pt-conjugation::present verbs::unit-code::pt-conjugation::presente
Ficar em + presente,Ficar em,presente,Fico em ...,Ficas em ...,Fica em ...,Ficamos em ...,Ficam em ...,,,,,,/ˈfiku ˈɐ̃j̃ .../,/ˈfikɐz ˈɐ̃j̃ .../,/ˈfikɐ ˈɐ̃j̃ .../,/fiˈkɐmuz ˈɐ̃j̃ .../,/ˈfikɐ̃w̃ ˈɐ̃j̃ .../,,,,,,,course-code::pt-a2.2 course-code::pt-a2.2::01::u1-verbos-mas-preposicion course-code::pt-conjugation verbs verbs::flag::pt::verbo-com-prepocicao verbs::mood::pt::indicativo verbs::tense::pt::presente verbs::unit-code::pt-conjugation::present verbs::unit-code::pt-conjugation::presente
Voltar para + presente,Voltar para,presente,Volto para ...,Voltas para ...,Volta para ...,Voltamos para ...,Voltam para ...,,,,,,/ˈvɔɫtu pɐɾɐ .../,/ˈvɔɫtɐʃ pɐɾɐ .../,/ˈvɔɫtɐ pɐɾɐ .../,/vɔɫˈtɐmuʃ pɐɾɐ .../,/ˈvɔɫtɐ̃w̃ pɐɾɐ .../,,,,,,,course-code::pt-a2.2 course-code::pt-a2.2::01::u1-verbos-mas-preposicion course-code::pt-conjugation verbs verbs::flag::pt::verbo-com-prepocicao verbs::mood::pt::indicativo verbs::tense::pt::presente verbs::unit-code::pt-conjugation::present verbs::unit-code::pt-conjugation::presente
Voltar a + presente,Voltar a,presente,Volto a ...,Voltas a ...,Volta a ...,Voltamos a ...,Voltam a ...,,,,,,/ˈvɔɫtu ɐ .../,/ˈvɔɫtɐz ɐ .../,/ˈvɔɫtɐ ɐ .../,/vɔɫˈtɐmuz ɐ .../,/ˈvɔɫtɐ̃w̃ ɐ .../,,,,,,,course-code::pt-a2.2 course-code::pt-a2.2::01::u1-verbos-mas-preposicion course-code::pt-conjugation verbs verbs::flag::pt::verbo-com-prepocicao verbs::mood::pt::indicativo verbs::tense::pt::presente verbs::unit-code::pt-conjugation::present verbs::unit-code::pt-conjugation::presente
Concordar com + presente,Concordar com,presente,Concordo com ...,Concordas com ...,Concorda com ...,Concordamos com ...,Concordam com ...,,,,,,/kõˈkɔɾdu ˈkõ .../,/kõˈkɔɾdɐʃ ˈkõ .../,/kõˈkɔɾdɐ ˈkõ .../,/kõkuɾˈdɐmuʃ ˈkõ .../,/kõˈkɔɾdɐ̃w̃ ˈkõ .../,,,,,,,course-code::pt-a2.2 course-code::pt-a2.2::01::u1-verbos-mas-preposicion course-code::pt-conjugation verbs verbs::flag::pt::verbo-com-prepocicao verbs::mood::pt::indicativo verbs::tense::pt::presente verbs::unit-code::pt-conjugation::present verbs::unit-code::pt-conjugation::presente
Discordar de + presente,Discordar de,presente,Discordo de ...,Discordas de ...,Discorda de ...,Discordamos de ...,Discordam de ...,,,,,,/diˈʃkɔɾdu dɨ .../,/diˈʃkɔɾdɐʒ dɨ .../,/diˈʃkɔɾdɐ dɨ .../,/diʃkuɾˈdɐmuʒ dɨ .../,/diˈʃkɔɾdɐ̃w̃ dɨ .../,,,,,,,course-code::pt-a2.2 course-code::pt-a2.2::01::u1-verbos-mas-preposicion course-code::pt-conjugation verbs verbs::flag::pt::verbo-com-prepocicao verbs::mood::pt::indicativo verbs::tense::pt::presente verbs::unit-code::pt-conjugation::present verbs::unit-code::pt-conjugation::presente
Participar em + presente,Participar em,presente,Participo em ...,Participas em ...,Participa em ...,Participamos em ...,Participam em ...,,,,,,/pɐɾtiˈsipu ˈɐ̃j̃ .../,/pɐɾtiˈsipɐz ˈɐ̃j̃ .../,/pɐɾtiˈsipɐ ˈɐ̃j̃ .../,/pɐɾtisiˈpɐmuz ˈɐ̃j̃ .../,/pɐɾtiˈsipɐ̃w̃ ˈɐ̃j̃ .../,,,,,,,course-code::pt-a2.2 course-code::pt-a2.2::01::u1-verbos-mas-preposicion course-code::pt-conjugation verbs verbs::flag::pt::verbo-com-prepocicao verbs::mood::pt::indicativo verbs::tense::pt::presente verbs::unit-code::pt-conjugation::present verbs::unit-code::pt-conjugation::presente
Ter de + presente,Ter de,presente,Tenho de ...,Tens de ...,Tem de ...,Temos de ...,Têm de ...,,,,,,/ˈtɐɲu dɨ .../,/ˈtẽʒ dɨ .../,/ˈtɐ̃j̃ dɨ .../,/ˈtɛmuʒ dɨ .../,/ˈtẽ dɨ .../,,,,,,,course-code::pt-a2.2 course-code::pt-a2.2::01::u1-verbos-mas-preposicion course-code::pt-conjugation verbs verbs::flag::pt::verbo-com-prepocicao verbs::mood::pt::indicativo verbs::tense::pt::presente verbs::unit-code::pt-conjugation::present verbs::unit-code::pt-conjugation::presente
Esquecer-se de + presente,Esquecer-se de,presente,Esqueço-me de ...,Esqueces-te de ...,Esquece-se de ...,Esquecemo-nos de ...,Esquecem-se de ...,,,,,,/skɨˈsɔmɨ dɨ .../,/skɨˈsɛstɨ dɨ .../,/skɨˈsɛsɨ dɨ .../,/skɨsɨˈmɔnuʒ dɨ .../,/skɨˈsẽsɨ dɨ .../,,,,,,,course-code::pt-a2.2 course-code::pt-a2.2::01::u1-verbos-mas-preposicion course-code::pt-conjugation verbs verbs::flag::pt::verbo-com-prepocicao verbs::mood::pt::indicativo verbs::tense::pt::presente verbs::unit-code::pt-conjugation::present verbs::unit-code::pt-conjugation::presente
Entrar em + presente,Entrar em,presente,Entro em ...,Entras em ...,Entra em ...,Entramos em ...,Entram em ...,,,,,,/ˈẽtɾu ˈɐ̃j̃ .../,/ˈẽtɾɐz ˈɐ̃j̃ .../,/ˈẽtɾɐ ˈɐ̃j̃ .../,/ẽˈtɾɐmuz ˈɐ̃j̃ .../,/ˈẽtɾɐ̃w̃ ˈɐ̃j̃ .../,,,,,,,course-code::pt-a2.2 course-code::pt-a2.2::01::u1-verbos-mas-preposicion course-code::pt-conjugation verbs verbs::flag::pt::verbo-com-prepocicao verbs::mood::pt::indicativo verbs::tense::pt::presente verbs::unit-code::pt-conjugation::present verbs::unit-code::pt-conjugation::presente
Manter + presente,Manter,"<span style=""color: rgb(0, 85, 255);""><b>presente</b></span>",mantenho,manténs,mantém,mantemos,mantêm,,,,,,/mɐ̃ˈtɐɲu/,/mɐ̃ˈtẽʃ/,/mɐ̃ˈtɐ̃j̃/,/mɐ̃ˈtemuʃ/,/mɐ̃ˈtẽ/,,,,,,,course-code::pt-conjugation verbs verbs::flag::pt::derivados verbs::mood::pt::indicativo verbs::tense::pt::presente verbs::unit-code::pt-conjugation::present verbs::unit-code::pt-conjugation::presente
Nascer em + presente,Nascer em,presente,Nasço em ...,Nasces em ...,Nasce em ...,Nascemos em ...,Nascem em ...,,,,,,/ˈnassu ˈɐ̃j̃ .../,/ˈnaʃsɨz ˈɐ̃j̃ .../,/ˈnaʃsɨ ˈɐ̃j̃ .../,/nɐˈʃsemuz ˈɐ̃j̃ .../,/ˈnaʃsɐ̃j̃ ˈɐ̃j̃ .../,,,,,,,course-code::pt-a2.2 course-code::pt-a2.2::01::u1-verbos-mas-preposicion course-code::pt-conjugation verbs verbs::flag::pt::verbo-com-prepocicao verbs::mood::pt::indicativo verbs::tense::pt::presente verbs::unit-code::pt-conjugation::present verbs::unit-code::pt-conjugation::presente
Viver em + presente,Viver em,presente,Vivo em ...,Vives em ...,Vive em ...,Vivemos em ...,Vivem em ...,,,,,,/ˈvivu ˈɐ̃j̃ .../,/ˈvivɨz ˈɐ̃j̃ .../,/ˈvivɨ ˈɐ̃j̃ .../,/viˈvemuz ˈɐ̃j̃ .../,/ˈvivɐ̃j̃ ˈɐ̃j̃ .../,,,,,,,course-code::pt-a2.2 course-code::pt-a2.2::01::u1-verbos-mas-preposicion course-code::pt-conjugation verbs verbs::flag::pt::verbo-com-prepocicao verbs::mood::pt::indicativo verbs::tense::pt::presente verbs::unit-code::pt-conjugation::present verbs::unit-code::pt-conjugation::presente
Sair de + presente,Sair de,presente,Saio de ...,Sais de ...,Sai de ...,Saímos de ...,Saem de ...,,,,,,/ˈsaju dɨ .../,/ˈsajʒ dɨ .../,/ˈsaj dɨ .../,/sɐˈimuʒ dɨ .../,/ˈsaɐ̃j̃ dɨ .../,,,,,,,course-code::pt-a2.2 course-code::pt-a2.2::01::u1-verbos-mas-preposicion course-code::pt-conjugation verbs verbs::flag::pt::verbo-com-prepocicao verbs::mood::pt::indicativo verbs::tense::pt::presente verbs::unit-code::pt-conjugation::present verbs::unit-code::pt-conjugation::presente
Manter + passado (PPS),Manter,"<b><span style=""color: rgb(255, 0, 0);"">passado</span></b> (PPS)",mantive,mantiveste,manteve,mantivemos,mantiveram,,,,,,/mɐ̃ˈtivɨ/,/mɐ̃tiˈveʃtɨ/,/mɐ̃ˈtɛvɨ/,/mɐ̃tiˈvemuʃ/,/mɐ̃tiˈveɾɐ̃w̃/,,,,,,,course-code::pt-conjugation verbs::flag::pt::derivados verbs::mood::pt::indicativo verbs::tense::pt::preterito-perfeito-simples-pps verbs::unit-code::pt-conjugation::preterito-perfeito-simples-pps
Sair de + passado (PPS),Sair de,passado (PPS),Saí de ...,Saíste de ...,Saiu de ...,Saímos de ...,Saíram de ...,,,,,,/sɐˈi dɨ .../,/sɐˈiʃtɨ dɨ .../,/ˈsajw dɨ .../,/sɐˈimuʒ dɨ .../,/sɐˈiɾɐ̃w̃ dɨ .../,,,,,,,course-code::pt-a2.2 course-code::pt-a2.2::01::u1-verbos-mas-preposicion course-code::pt-conjugation verbs verbs::mood::pt::indicativo verbs::tense::pt::preterito-perfeito-simples-pps verbs::unit-code::pt-conjugation::preterito-perfeito-simples-pps
Lembrar-se de [infinitivo] + passado (PPS),Lembrar-se de [infinitivo],passado (PPS),Lembrei-me de ...,Lembraste-te de ...,Lembrou-se de ...,Lembrámo-nos de ...,Lembraram-se de ...,,,,,,/lẽˈbɾɐjmɨ dɨ .../,/lẽbɾɐˈʃtɛtɨ dɨ .../,/lẽˈbɾosɨ dɨ .../,/lẽˈbɾamunuʒ dɨ .../,/lẽbɾɐˈɾɐ̃sɨ dɨ .../,,,,,,,course-code::pt-a2.2 course-code::pt-a2.2::01::u1-verbos-mas-preposicion course-code::pt-conjugation verbs verbs::mood::pt::indicativo verbs::tense::pt::preterito-perfeito-simples-pps verbs::unit-code::pt-conjugation::preterito-perfeito-simples-pps
Lembrar-se de [infinitivo] + presente,Lembrar-se de [infinitivo],presente,Lembro-me de ...,Lembras-te de ...,Lembra-se de ...,Lembramo-nos de ...,Lembram-se de ...,,,,,,/lẽˈbɾɔmɨ dɨ .../,/lẽˈbɾastɨ dɨ .../,/lẽˈbɾasɨ dɨ .../,/lẽbɾɐˈmɔnuʒ dɨ .../,/lẽˈbɾɐ̃sɨ dɨ .../,,,,,,,course-code::pt-a2.2 course-code::pt-a2.2::01::u1-verbos-mas-preposicion course-code::pt-conjugation verbs verbs::flag::pt::verbo-com-prepocicao verbs::mood::pt::indicativo verbs::tense::pt::presente verbs::unit-code::pt-conjugation::present verbs::unit-code::pt-conjugation::presente
Esquecer-se de [infinitivo] + presente,Esquecer-se de [infinitivo],presente,Esqueço-me de ...,Esqueces-te de ...,Esquece-se de ...,Esquecemo-nos de ...,Esquecem-se de ...,,,,,,/skɨˈsɔmɨ dɨ .../,/skɨˈsɛstɨ dɨ .../,/skɨˈsɛsɨ dɨ .../,/skɨsɨˈmɔnuʒ dɨ .../,/skɨˈsẽsɨ dɨ .../,,,,,,,course-code::pt-a2.2 course-code::pt-a2.2::01::u1-verbos-mas-preposicion course-code::pt-conjugation verbs verbs::flag::pt::verbo-com-prepocicao verbs::mood::pt::indicativo verbs::tense::pt::presente verbs::unit-code::pt-conjugation::present verbs::unit-code::pt-conjugation::presente
Esquecer-se de [infinitivo] + passado (PPS),Esquecer-se de [infinitivo],passado (PPS),Esqueci-me de ...,Esqueceste-te de ...,Esqueceu-se de ...,Esquecemo-nos de ...,Esqueceram-se de ...,,,,,,/skɨˈsimɨ dɨ .../,/skɨsɨˈʃtɛtɨ dɨ .../,/skɨˈsewsɨ dɨ .../,/skɨsɨˈmɔnuʒ dɨ .../,/skɨsɨˈɾɐ̃sɨ dɨ .../,,,,,,,course-code::pt-a2.2 course-code::pt-a2.2::01::u1-verbos-mas-preposicion course-code::pt-conjugation verbs verbs::mood::pt::indicativo verbs::tense::pt::preterito-perfeito-simples-pps verbs::unit-code::pt-conjugation::preterito-perfeito-simples-pps
Precisar de [infinitivo] + presente,Precisar de [infinitivo],presente,Preciso de ...,Precisas de ...,Precisa de ...,Precisamos de ...,Precisam de ...,,,,,,/pɾɨˈsizu dɨ .../,/pɾɨˈsizɐʒ dɨ .../,/pɾɨˈsizɐ dɨ .../,/pɾɨsiˈzɐmuʒ dɨ .../,/pɾɨˈsizɐ̃w̃ dɨ .../,,,,,,,course-code::pt-a2.2 course-code::pt-a2.2::01::u1-verbos-mas-preposicion course-code::pt-conjugation verbs verbs::flag::pt::verbo-com-prepocicao verbs::mood::pt::indicativo verbs::tense::pt::presente verbs::unit-code::pt-conjugation::present verbs::unit-code::pt-conjugation::presente
Precisar de [infinitivo] + passado (PPS),Precisar de [infinitivo],passado (PPS),Precisei de ...,Precisaste de ...,Precisou de ...,Precisámos de ...,Precisaram de ...,,,,,,/pɾɨsiˈzɐj dɨ .../,/pɾɨsiˈzaʃtɨ dɨ .../,/pɾɨsiˈzo dɨ .../,/pɾɨsiˈzamuʒ dɨ .../,/pɾɨsiˈzaɾɐ̃w̃ dɨ .../,,,,,,,course-code::pt-a2.2 course-code::pt-a2.2::01::u1-verbos-mas-preposicion course-code::pt-conjugation verbs verbs::mood::pt::indicativo verbs::tense::pt::preterito-perfeito-simples-pps verbs::unit-code::pt-conjugation::preterito-perfeito-simples-pps
Gostar + Imperativo,Gostar,"<b><span style=""color: rgb(255, 85, 127);"">imperativo</span></b>",,Gosta,Goste,Gostemos,Gostem,,Não gostes,Não goste,Não gostemos,Não gostem,,ˈɡɔʃtɐ,ˈɡɔʃtɨ,ɡuˈʃtemuʃ,ˈɡɔʃtɐ̃j̃,,ˈnɐ̃w̃ ˈɡɔʃtɨʃ,ˈnɐ̃w̃ ˈɡɔʃtɨ,ˈnɐ̃w̃ ɡuˈʃtemuʃ,ˈnɐ̃w̃ ˈɡɔʃtɐ̃j̃,,course-code::pt-conjugation verbs::tense::pt::presente-imperativo verbs verbs::ending::pt::ar verbs::mood::pt::imperativo verbs::tense::pt::presente-imperativo verbs::unit-code::pt-conjugation::presente-imperativo
Começar + Imperativo,Começar,"<b><span style=""color: rgb(255, 85, 127);"">imperativo</span></b>",,Começa,Comece,Comecemos,Comecem,,Não comeces,Não comece,Não comecemos,Não comecem,,kuˈmɛsɐ,kuˈmɛsɨ,kumɨˈsemuʃ,kuˈmɛsɐ̃j̃,,ˈnɐ̃w̃ kuˈmɛsɨʃ,ˈnɐ̃w̃ kuˈmɛsɨ,ˈnɐ̃w̃ kumɨˈsemuʃ,ˈnɐ̃w̃ kuˈmɛsɐ̃j̃,,course-code::pt-conjugation verbs::tense::pt::presente-imperativo verbs verbs::ending::pt::ar verbs::mood::pt::imperativo verbs::tense::pt::presente-imperativo verbs::unit-code::pt-conjugation::presente-imperativo
Continuar + Imperativo,Continuar,"<b><span style=""color: rgb(255, 85, 127);"">imperativo</span></b>",,Continua,Continue,Continuemos,Continuem,,Não continues,Não continue,Não continuemos,Não continuem,,kõtiˈnuɐ,kõtiˈnuɨ,kõtinuˈemuʃ,kõtiˈnuɐ̃j̃,,ˈnɐ̃w̃ kõtiˈnuɨʃ,ˈnɐ̃w̃ kõtiˈnuɨ,ˈnɐ̃w̃ kõtinuˈemuʃ,ˈnɐ̃w̃ kõtiˈnuɐ̃j̃,,course-code::pt-conjugation verbs::tense::pt::presente-imperativo verbs verbs::ending::pt::ar verbs::mood::pt::imperativo verbs::tense::pt::presente-imperativo verbs::unit-code::pt-conjugation::presente-imperativo
Lembrar-se + Imperativo,Lembrar-se,"<b><span style=""color: rgb(255, 85, 127);"">imperativo</span></b>",,Lembra-te,Lembre-se,Lembremo-nos,Lembrem-se,,Não te lembres,Não se lembre,Não nos lembremos,Não se lembrem,,lẽˈbɾatɨ,lẽˈbɾɛsɨ,lẽbɾɨˈmɔnuʃ,lẽˈbɾẽsɨ,,ˈnɐ̃w̃ ˈtɛ ˈlẽbɾɨʃ,ˈnɐ̃w̃ sɨ ˈlẽbɾɨ,ˈnɐ̃w̃ ˈnɔʒ lẽˈbɾɛmuʃ,ˈnɐ̃w̃ sɨ ˈlẽbɾɐ̃j̃,,course-code::pt-conjugation verbs::tense::pt::presente-imperativo verbs verbs::ending::pt::ar verbs::mood::pt::imperativo verbs::tense::pt::presente-imperativo verbs::unit-code::pt-conjugation::presente-imperativo
Precisar + Imperativo,Precisar,"<b><span style=""color: rgb(255, 85, 127);"">imperativo</span></b>",,Precisa,Precise,Precisemos,Precisem,,Não precises,Não precise,Não precisemos,Não precisem,,pɾɨˈsizɐ,pɾɨˈsizɨ,pɾɨsiˈzemuʃ,pɾɨˈsizɐ̃j̃,,ˈnɐ̃w̃ pɾɨˈsizɨʃ,ˈnɐ̃w̃ pɾɨˈsizɨ,ˈnɐ̃w̃ pɾɨsiˈzemuʃ,ˈnɐ̃w̃ pɾɨˈsizɐ̃j̃,,course-code::pt-conjugation verbs::tense::pt::presente-imperativo verbs verbs::ending::pt::ar verbs::mood::pt::imperativo verbs::tense::pt::presente-imperativo verbs::unit-code::pt-conjugation::presente-imperativo
Entrar + Imperativo,Entrar,"<b><span style=""color: rgb(255, 85, 127);"">imperativo</span></b>",,Entra,Entre,Entremos,Entrem,,Não entres,Não entre,Não entremos,Não entrem,,ˈẽtɾɐ,ˈẽtɾɨ,ẽˈtɾɛmuʃ,ˈẽtɾɐ̃j̃,,ˈnɐ̃w̃ ˈẽtɾɨʃ,ˈnɐ̃w̃ ˈẽtɾɨ,ˈnɐ̃w̃ ẽˈtɾɛmuʃ,ˈnɐ̃w̃ ˈẽtɾɐ̃j̃,,course-code::pt-conjugation verbs::tense::pt::presente-imperativo verbs verbs::ending::pt::ar verbs::mood::pt::imperativo verbs::tense::pt::presente-imperativo verbs::unit-code::pt-conjugation::presente-imperativo
Passar + Imperativo,Passar,"<b><span style=""color: rgb(255, 85, 127);"">imperativo</span></b>",,Passa,Passe,Passemos,Passem,,Não passes,Não passe,Não passemos,Não passem,,ˈpasɐ,ˈpasɨ,pɐˈsemuʃ,ˈpasɐ̃j̃,,ˈnɐ̃w̃ ˈpasɨʃ,ˈnɐ̃w̃ ˈpasɨ,ˈnɐ̃w̃ pɐˈsemuʃ,ˈnɐ̃w̃ ˈpasɐ̃j̃,,course-code::pt-conjugation verbs::tense::pt::presente-imperativo verbs verbs::ending::pt::ar verbs::mood::pt::imperativo verbs::tense::pt::presente-imperativo verbs::unit-code::pt-conjugation::presente-imperativo
Chegar + Imperativo,Chegar,"<b><span style=""color: rgb(255, 85, 127);"">imperativo</span></b>",,Chega,Chegue,Cheguemos,Cheguem,,Não chegues,Não chegue,Não cheguemos,Não cheguem,,ˈʃɛɡɐ,ˈʃɛɡɨ,ʃɨˈɡemuʃ,ˈʃɛɡɐ̃j̃,,ˈnɐ̃w̃ ˈʃɛɡɨʃ,ˈnɐ̃w̃ ˈʃɛɡɨ,ˈnɐ̃w̃ ʃɨˈɡemuʃ,ˈnɐ̃w̃ ˈʃɛɡɐ̃j̃,,course-code::pt-conjugation verbs::tense::pt::presente-imperativo verbs verbs::ending::pt::ar verbs::mood::pt::imperativo verbs::tense::pt::presente-imperativo verbs::unit-code::pt-conjugation::presente-imperativo
Acreditar + Imperativo,Acreditar,"<b><span style=""color: rgb(255, 85, 127);"">imperativo</span></b>",,Acredita,Acredite,Acreditemos,Acreditem,,Não acredites,Não acredite,Não acreditemos,Não acreditem,,ɐkɾɨˈditɐ,ɐkɾɨˈditɨ,ɐkɾɨdiˈtemuʃ,ɐkɾɨˈditɐ̃j̃,,ˈnɐ̃w̃ ɐkɾɨˈditɨʃ,ˈnɐ̃w̃ ɐkɾɨˈditɨ,ˈnɐ̃w̃ ɐkɾɨdiˈtemuʃ,ˈnɐ̃w̃ ɐkɾɨˈditɐ̃j̃,,course-code::pt-conjugation verbs::tense::pt::presente-imperativo verbs verbs::ending::pt::ar verbs::mood::pt::imperativo verbs::tense::pt::presente-imperativo verbs::unit-code::pt-conjugation::presente-imperativo
Tratar + Imperativo,Tratar,"<b><span style=""color: rgb(255, 85, 127);"">imperativo</span></b>",,Trata,Trate,Tratemos,Tratem,,Não trates,Não trate,Não tratemos,Não tratem,,ˈtɾatɐ,ˈtɾatɨ,tɾɐˈtemuʃ,ˈtɾatɐ̃j̃,,ˈnɐ̃w̃ ˈtɾatɨʃ,ˈnɐ̃w̃ ˈtɾatɨ,ˈnɐ̃w̃ tɾɐˈtemuʃ,ˈnɐ̃w̃ ˈtɾatɐ̃j̃,,course-code::pt-conjugation verbs::tense::pt::presente-imperativo verbs verbs::ending::pt::ar verbs::mood::pt::imperativo verbs::tense::pt::presente-imperativo verbs::unit-code::pt-conjugation::presente-imperativo
Voltar + Imperativo,Voltar,"<b><span style=""color: rgb(255, 85, 127);"">imperativo</span></b>",,Volta,Volte,Voltemos,Voltem,,Não voltes,Não volte,Não voltemos,Não voltem,,ˈvɔɫtɐ,ˈvɔɫtɨ,vɔɫˈtemuʃ,ˈvɔɫtɐ̃j̃,,ˈnɐ̃w̃ ˈvɔɫtɨʃ,ˈnɐ̃w̃ ˈvɔɫtɨ,ˈnɐ̃w̃ vɔɫˈtemuʃ,ˈnɐ̃w̃ ˈvɔɫtɐ̃j̃,,course-code::pt-conjugation verbs::tense::pt::presente-imperativo verbs verbs::ending::pt::ar verbs::mood::pt::imperativo verbs::tense::pt::presente-imperativo verbs::unit-code::pt-conjugation::presente-imperativo
Concordar + Imperativo,Concordar,"<b><span style=""color: rgb(255, 85, 127);"">imperativo</span></b>",,Concorda,Concorde,Concordemos,Concordem,,Não concordes,Não concorde,Não concordemos,Não concordem,,kõˈkɔɾdɐ,kõˈkɔɾdɨ,kõkuɾˈdemuʃ,kõˈkɔɾdɐ̃j̃,,ˈnɐ̃w̃ kõˈkɔɾdɨʃ,ˈnɐ̃w̃ kõˈkɔɾdɨ,ˈnɐ̃w̃ kõkuɾˈdemuʃ,ˈnɐ̃w̃ kõˈkɔɾdɐ̃j̃,,course-code::pt-conjugation verbs::tense::pt::presente-imperativo verbs verbs::ending::pt::ar verbs::mood::pt::imperativo verbs::tense::pt::presente-imperativo verbs::unit-code::pt-conjugation::presente-imperativo
Discordar + Imperativo,Discordar,"<b><span style=""color: rgb(255, 85, 127);"">imperativo</span></b>",,Discorda,Discorde,Discordemos,Discordem,,Não discordes,Não discorde,Não discordemos,Não discordem,,diˈʃkɔɾdɐ,diˈʃkɔɾdɨ,diʃkuɾˈdemuʃ,diˈʃkɔɾdɐ̃j̃,,ˈnɐ̃w̃ diˈʃkɔɾdɨʃ,ˈnɐ̃w̃ diˈʃkɔɾdɨ,ˈnɐ̃w̃ diʃkuɾˈdemuʃ,ˈnɐ̃w̃ diˈʃkɔɾdɐ̃j̃,,course-code::pt-conjugation verbs::tense::pt::presente-imperativo verbs verbs::ending::pt::ar verbs::mood::pt::imperativo verbs::tense::pt::presente-imperativo verbs::unit-code::pt-conjugation::presente-imperativo
Participar + Imperativo,Participar,"<b><span style=""color: rgb(255, 85, 127);"">imperativo</span></b>",,Participa,Participe,Participemos,Participem,,Não participes,Não participe,Não participemos,Não participem,,pɐɾtiˈsipɐ,pɐɾtiˈsipɨ,pɐɾtisiˈpemuʃ,pɐɾtiˈsipɐ̃j̃,,ˈnɐ̃w̃ pɐɾtiˈsipɨʃ,ˈnɐ̃w̃ pɐɾtiˈsipɨ,ˈnɐ̃w̃ pɐɾtisiˈpemuʃ,ˈnɐ̃w̃ pɐɾtiˈsipɐ̃j̃,,course-code::pt-conjugation verbs::tense::pt::presente-imperativo verbs verbs::ending::pt::ar verbs::mood::pt::imperativo verbs::tense::pt::presente-imperativo verbs::unit-code::pt-conjugation::presente-imperativo
Nascer + Imperativo,Nascer,"<b><span style=""color: rgb(255, 85, 127);"">imperativo</span></b>",,Nasce,Nasça,Nascemos,Nasçam,,Não nasças,Não nasça,Não nasçamos,Não nasçam,,ˈnaʃsɨ,ˈnassɐ,nɐˈʃsemuʃ,ˈnassɐ̃w̃,,ˈnɐ̃w̃ ˈnassɐʃ,ˈnɐ̃w̃ ˈnassɐ,ˈnɐ̃w̃ nɐsˈsɐmuʃ,ˈnɐ̃w̃ ˈnassɐ̃w̃,,course-code::pt-conjugation verbs::tense::pt::presente-imperativo verbs verbs::ending::pt::er verbs::mood::pt::imperativo verbs::tense::pt::presente-imperativo verbs::unit-code::pt-conjugation::presente-imperativo
Viver + Imperativo,Viver,"<b><span style=""color: rgb(255, 85, 127);"">imperativo</span></b>",,Vive,Viva,Vivamos,Vivam,,Não vivas,Não viva,Não vivamos,Não vivam,,ˈvivɨ,ˈvivɐ,viˈvɐmuʃ,ˈvivɐ̃w̃,,ˈnɐ̃w̃ ˈvivɐʃ,ˈnɐ̃w̃ ˈvivɐ,ˈnɐ̃w̃ viˈvɐmuʃ,ˈnɐ̃w̃ ˈvivɐ̃w̃,,course-code::pt-conjugation verbs::tense::pt::presente-imperativo verbs::ending::pt::er verbs::mood::pt::imperativo verbs::tense::pt::presente-imperativo verbs::unit-code::pt-conjugation::presente-imperativo
Ter + Imperativo,Ter,"<b><span style=""color: rgb(255, 85, 127);"">imperativo</span></b>",,Tem,Tenha,Tenhamos,Tenham,,Não tenhas,Não tenha,Não tenhamos,Não tenham,,ˈtɐ̃j̃,ˈtɐɲɐ,tɨˈɲɐmuʃ,ˈtɐɲɐ̃w̃,,ˈnɐ̃w̃ ˈtɐɲɐʃ,ˈnɐ̃w̃ ˈtɐɲɐ,ˈnɐ̃w̃ tɨˈɲɐmuʃ,ˈnɐ̃w̃ ˈtɐɲɐ̃w̃,,course-code::pt-conjugation verbs::tense::pt::presente-imperativo verbs::ending::pt::er verbs::mood::pt::imperativo verbs::tense::pt::presente-imperativo verbs::unit-code::pt-conjugation::presente-imperativo
Dispor + presente,Dispor,"<b><span style=""color: rgb(0, 0, 255);"">presente</span></b>",disponho,dispões,dispõe,dispomos,dispõem,,,,,,diˈʃpɔɲu,diˈʃpõj̃ʃ,diˈʃpõj̃,diˈʃpɔmuʃ,diˈʃpõj̃m,,,,,,,course-code::pt-conjugation verbs::ending::pt::or verbs::family::pt::por verbs::flag::pt::derivados verbs::mood::pt::indicativo verbs::tense::pt::presente verbs::unit-code::pt-conjugation::present verbs::unit-code::pt-conjugation::presente
Reter + presente,Reter,"<b><span style=""color: rgb(0, 0, 255);"">presente</span></b>",retenho,reténs,retém,retenhamos,retêm,,,,,,ʁɨˈtɐɲu,ʁɨˈtẽʃ,ʁɨˈtɐ̃j̃,ʁɨtɨˈɲɐmuʃ,ʁɨˈtẽ,,,,,,,course-code::pt-conjugation verbs::ending::pt::er verbs::family::pt::ter verbs::flag::pt::derivados verbs::mood::pt::indicativo verbs::tense::pt::presente verbs::unit-code::pt-conjugation::present verbs::unit-code::pt-conjugation::presente
Deter + presente,Deter,"<b><span style=""color: rgb(0, 0, 255);"">presente</span></b>",detenho,deténs,detém,detemos,detêm,,,,,,dɨˈtɐɲu,dɨˈtẽʃ,dɨˈtɐ̃j̃,dɨˈtemuʃ,dɨˈtẽ,,,,,,,course-code::pt-conjugation verbs::ending::pt::er verbs::family::pt::ter verbs::flag::pt::derivados verbs::mood::pt::indicativo verbs::tense::pt::presente verbs::unit-code::pt-conjugation::present verbs::unit-code::pt-conjugation::presente
Refazer + presente,Refazer,"<b><span style=""color: rgb(0, 0, 255);"">presente</span></b>",refaço,refazes,refaz,refazemos,refazem,,,,,,ʁɨˈfasu,ʁɨˈfazɨʃ,ʁɨˈfaʃ,ʁɨfɐˈzemuʃ,ʁɨˈfazɐ̃j̃,,,,,,,course-code::pt-conjugation verbs::ending::pt::er verbs::mood::pt::indicativo verbs::tense::pt::presente verbs::unit-code::pt-conjugation::present verbs::unit-code::pt-conjugation::presente
Desfazer + presente,Desfazer,"<b><span style=""color: rgb(0, 0, 255);"">presente</span></b>",desfaço,desfazes,desfaz,desfazemos,desfazem,,,,,,dɨˈʃfasu,dɨˈʃfazɨʃ,dɨˈʃfaʃ,dɨʃfɐˈzemuʃ,dɨˈʃfazɐ̃j̃,,,,,,,course-code::pt-conjugation verbs::ending::pt::ar verbs::mood::pt::indicativo verbs::tense::pt::presente verbs::unit-code::pt-conjugation::present verbs::unit-code::pt-conjugation::presente
Satisfazer + presente,Satisfazer,"<b><span style=""color: rgb(0, 0, 255);"">presente</span></b>",satisfaço,satisfazes,satisfaz,satisfazemos,satisfazem,,,,,,sɐtiˈʃfasu,sɐtiˈʃfazɨʃ,sɐtiˈʃfaʃ,sɐtiʃfɐˈzemuʃ,sɐtiˈʃfazɐ̃j̃,,,,,,,course-code::pt-conjugation verbs::ending::pt::er verbs::mood::pt::indicativo verbs::tense::pt::presente verbs::unit-code::pt-conjugation::present verbs::unit-code::pt-conjugation::presente
Impor + presente,Impor,"<b><span style=""color: rgb(0, 0, 255);"">presente</span></b>",imponho,impões,impõe,impomos,impõem,,,,,,ĩˈpɔɲu,ĩˈpõj̃ʃ,ĩˈpõj̃,ĩˈpɔmuʃ,ĩˈpõj̃m,,,,,,,course-code::pt-conjugation verbs::ending::pt::or verbs::family::pt::por verbs::flag::pt::derivados verbs::mood::pt::indicativo verbs::tense::pt::presente verbs::unit-code::pt-conjugation::present verbs::unit-code::pt-conjugation::presente
Compor + presente,Compor,"<b><span style=""color: rgb(0, 0, 255);"">presente</span></b>",componho,compões,compõe,compomos,compõem,,,,,,kõˈpɔɲu,kõˈpõj̃ʃ,kõˈpõj̃,kõˈpɔmuʃ,kõˈpõj̃m,,,,,,,course-code::pt-conjugation verbs::ending::pt::or verbs::family::pt::por verbs::flag::pt::derivados verbs::mood::pt::indicativo verbs::tense::pt::presente verbs::unit-code::pt-conjugation::present verbs::unit-code::pt-conjugation::presente
Supor + presente,Supor,"<b><span style=""color: rgb(0, 0, 255);"">presente</span></b>",suponho,supões,supõe,supomos,supõem,,,,,,suˈpɔɲu,suˈpõj̃ʃ,suˈpõj̃,suˈpɔmuʃ,suˈpõj̃m,,,,,,,course-code::pt-conjugation verbs::ending::pt::or verbs::family::pt::por verbs::flag::pt::derivados verbs::mood::pt::indicativo verbs::tense::pt::presente verbs::unit-code::pt-conjugation::present verbs::unit-code::pt-conjugation::presente
Propor + presente,Propor,"<b><span style=""color: rgb(0, 0, 255);"">presente</span></b>",proponho,propões,propõe,propomos,propõem,,,,,,pɾuˈpɔɲu,pɾuˈpõj̃ʃ,pɾuˈpõj̃,pɾuˈpɔmuʃ,pɾuˈpõj̃m,,,,,,,course-code::pt-conjugation verbs::ending::pt::or verbs::family::pt::por verbs::flag::pt::derivados verbs::mood::pt::indicativo verbs::tense::pt::presente verbs::unit-code::pt-conjugation::present verbs::unit-code::pt-conjugation::presente
Repor + presente,Repor,"<b><span style=""color: rgb(0, 0, 255);"">presente</span></b>",reponho,repões,repõe,repomos,repõem,,,,,,ʁɨˈpɔɲu,ʁɨˈpõj̃ʃ,ʁɨˈpõj̃,ʁɨˈpɔmuʃ,ʁɨˈpõj̃m,,,,,,,course-code::pt-conjugation verbs::ending::pt::or verbs::family::pt::por verbs::flag::pt::derivados verbs::mood::pt::indicativo verbs::tense::pt::presente verbs::unit-code::pt-conjugation::present verbs::unit-code::pt-conjugation::presente
Obter + presente,Obter,"<b><span style=""color: rgb(0, 0, 255);"">presente</span></b>",obtenho,obténs,obtém,obtemos,obtêm,,,,,,oˈbtɐɲu,oˈbtẽʃ,oˈbtɐ̃j̃,oˈbtemuʃ,oˈbtẽ,,,,,,,course-code::pt-conjugation verbs::ending::pt::er verbs::family::pt::ter verbs::flag::pt::derivados verbs::mood::pt::indicativo verbs::tense::pt::presente verbs::unit-code::pt-conjugation::present verbs::unit-code::pt-conjugation::presente
Conter + presente,Conter,"<b><span style=""color: rgb(0, 0, 255);"">presente</span></b>",contenho,conténs,contém,contemos,contêm,,,,,,kõˈtɐɲu,kõˈtẽʃ,kõˈtɐ̃j̃,kõˈtɛmuʃ,kõˈtẽ,,,,,,,course-code::pt-conjugation verbs::ending::pt::er verbs::family::pt::ter verbs::flag::pt::derivados verbs::mood::pt::indicativo verbs::tense::pt::presente verbs::unit-code::pt-conjugation::present verbs::unit-code::pt-conjugation::presente
Rever + presente,Rever,"<b><span style=""color: rgb(0, 0, 255);"">presente</span></b>",revejo,revês,revê,revemos,reveem,,,,,,ʁɨˈvɐʒu,ʁɨˈveʃ,ʁɨˈve,ʁɨˈvemuʃ,ʁɨˈvɛɐ̃j̃,,,,,,,course-code::pt-conjugation verbs::ending::pt::er verbs::family::pt::ver verbs::flag::pt::derivados verbs::mood::pt::indicativo verbs::tense::pt::presente verbs::unit-code::pt-conjugation::present verbs::unit-code::pt-conjugation::presente
Prever + presente,Prever,"<b><span style=""color: rgb(0, 0, 255);"">presente</span></b>",prevejo,prevês,prevê,prevemos,preveem,,,,,,pɾɨˈvɐʒu,pɾɨˈveʃ,pɾɨˈve,pɾɨˈvemuʃ,pɾɨˈvɛɐ̃j̃,,,,,,,course-code::pt-conjugation verbs::ending::pt::er verbs::family::pt::ver verbs::flag::pt::derivados verbs::mood::pt::indicativo verbs::tense::pt::presente verbs::unit-code::pt-conjugation::present verbs::unit-code::pt-conjugation::presente
Entrever + presente,Entrever,"<b><span style=""color: rgb(0, 0, 255);"">presente</span></b>",entrevejo,entrevês,entrevê,entrevemos,entreveem,,,,,,ẽtɾɨˈvɐʒu,ẽtɾɨˈveʃ,ẽtɾɨˈve,ẽtɾɨˈvemuʃ,ẽtɾɨˈvɛɐ̃j̃,,,,,,,course-code::pt-conjugation verbs::ending::pt::er verbs::family::pt::ver verbs::flag::pt::derivados verbs::mood::pt::indicativo verbs::tense::pt::presente verbs::unit-code::pt-conjugation::present verbs::unit-code::pt-conjugation::presente
Transver + presente,Transver,"<b><span style=""color: rgb(0, 0, 255);"">presente</span></b>",transvejo,transvês,transvê,transvemos,transveem,,,,,,tɾɐ̃sˈvɐʒu,tɾɐ̃sˈveʃ,tɾɐ̃sˈve,tɾɐ̃sˈvemuʃ,tɾɐ̃sˈvɛɐ̃j̃,,,,,,,course-code::pt-conjugation verbs::ending::pt::er verbs::family::pt::ver verbs::flag::pt::derivados verbs::mood::pt::indicativo verbs::tense::pt::presente verbs::unit-code::pt-conjugation::present verbs::unit-code::pt-conjugation::presente
Intervir + presente,Intervir,"<b><span style=""color: rgb(0, 0, 255);"">presente</span></b>",intervenho,intervéns,intervém,intervimos,intervêm,,,,,,ĩtɨɾˈvɐɲu,ĩtɨɾˈvẽʃ,ĩtɨɾˈvɐ̃j̃,ĩtɨɾˈvimuʃ,ĩtɨɾˈvẽ,,,,,,,course-code::pt-conjugation verbs::ending::pt::ir verbs::family::pt::vir verbs::flag::pt::derivados verbs::mood::pt::indicativo verbs::tense::pt::presente verbs::unit-code::pt-conjugation::present verbs::unit-code::pt-conjugation::presente
Provir + presente,Provir,"<b><span style=""color: rgb(0, 0, 255);"">presente</span></b>",provenho,provéns,provém,provimos,provêm,,,,,,pɾuˈvɐɲu,pɾuˈvẽʃ,pɾuˈvɐ̃j̃,pɾuˈvimuʃ,pɾuˈvẽ,,,,,,,arreglar course-code::pt-conjugation verbs::ending::pt::ir verbs::family::pt::vir verbs::flag::pt::derivados verbs::mood::pt::indicativo verbs::tense::pt::presente verbs::unit-code::pt-conjugation::present verbs::unit-code::pt-conjugation::presente
Convir + presente,Convir,"<b><span style=""color: rgb(0, 0, 255);"">presente</span></b>",convenho,convêns,convê,convimos,convêm,,,,,,kõˈvɐɲu,kõˈvẽʃ,kõˈve,kõˈvimuʃ,kõˈvẽ,,,,,,,course-code::pt-conjugation verbs::ending::pt::ir verbs::family::pt::vir verbs::flag::pt::derivados verbs::mood::pt::indicativo verbs::tense::pt::presente verbs::unit-code::pt-conjugation::present verbs::unit-code::pt-conjugation::presente
ultrapassar + presente,ultrapassar,"<b><span style=""color: rgb(0, 0, 255);"">presente</span></b>",ultrapasso,ultrapassas,ultrapassa,ultrapassamos,ultrapassam,,,,,,uɫtɾɐˈpasu,uɫtɾɐˈpasɐʃ,uɫtɾɐˈpasɐ,uɫtɾɐpɐˈsɐmuʃ,uɫtɾɐˈpasɐ̃w̃,,,,,,,course-code::pt-conjugation verbs::ending::pt::ar verbs::mood::pt::indicativo verbs::tense::pt::presente verbs::unit-code::pt-conjugation::present verbs::unit-code::pt-conjugation::presente
Revir + presente,Revir,"<b><span style=""color: rgb(0, 0, 255);"">presente</span></b>",revejo,revês,revê,revemos,reveem,,,,,,ʁɨˈvɐʒu,ʁɨˈveʃ,ʁɨˈve,ʁɨˈvemuʃ,ʁɨˈvɛɐ̃j̃,,,,,,,course-code::pt-conjugation verbs::ending::pt::ir verbs::family::pt::vir verbs::flag::pt::derivados verbs::mood::pt::indicativo verbs::tense::pt::presente verbs::unit-code::pt-conjugation::present verbs::unit-code::pt-conjugation::presente
sobrepor + presente,Sobrepor,"<b><span style=""color: rgb(0, 0, 255);"">presente</span></b>",sobreponho,sobrepões,sobrepõe,sobrepomos,sobrepõem,,,,,,subɾɨˈpɔɲu,subɾɨˈpõj̃ʃ,subɾɨˈpõj̃,subɾɨˈpɔmuʃ,subɾɨˈpõj̃m,,,,,,,course-code::pt-conjugation verbs::ending::pt::or verbs::family::pt::por verbs::flag::pt::derivados verbs::mood::pt::indicativo verbs::tense::pt::presente verbs::unit-code::pt-conjugation::present verbs::unit-code::pt-conjugation::presente
Converter + presente,Converter,"<b><span style=""color: rgb(0, 0, 255);"">presente</span></b>",converto,convertes,converte,convertemos,convertem,,,,,,kõˈvɛɾtu,kõˈvɛɾtɨʃ,kõˈvɛɾtɨ,kõvɨɾˈtemuʃ,kõˈvɛɾtɐ̃j̃,,,,,,,course-code::pt-conjugation verbs::ending::pt::er verbs::flag::pt::derivados verbs::mood::pt::indicativo verbs::tense::pt::presente verbs::unit-code::pt-conjugation::present verbs::unit-code::pt-conjugation::presente
Compor + passado (PPS),Compor,"<b><span style=""color: rgb(255, 0, 0);"">passado</span></b> (PPS)",compus,compuseste,compôs,compusemos,compuseram,,,,,,/kõˈpuʃ/,/kõpuˈzeʃtɨ/,/kõˈpoʃ/,/kõpuˈzemuʃ/,/kõpuˈzeɾɐ̃w̃/,,,,,,,course-code::pt-conjugation verbs::flag::pt::derivados verbs::mood::pt::indicativo verbs::tense::pt::preterito-perfeito-simples-pps verbs::unit-code::pt-conjugation::preterito-perfeito-simples-pps
Conter + passado (PPS),Conter,"<b><span style=""color: rgb(255, 0, 0);"">passado</span></b> (PPS)",contive,contiveste,conteve,contivemos,contiveram,,,,,,/kõˈtivɨ/,/kõtiˈveʃtɨ/,/kõˈtɛvɨ/,/kõtiˈvemuʃ/,/kõtiˈveɾɐ̃w̃/,,,,,,,course-code::pt-conjugation verbs::flag::pt::derivados verbs::mood::pt::indicativo verbs::tense::pt::preterito-perfeito-simples-pps verbs::unit-code::pt-conjugation::preterito-perfeito-simples-pps
Converter + passado (PPS),Converter,"<b><span style=""color: rgb(255, 0, 0);"">passado</span></b> (PPS)",converti,converteste,converteu,convertimos,converteram,,,,,,/kõvɨɾˈti/,/kõvɨɾˈteʃtɨ/,/kõvɨɾˈtew/,/kõvɨɾˈtimuʃ/,/kõvɨɾˈteɾɐ̃w̃/,,,,,,,course-code::pt-conjugation verbs::flag::pt::derivados verbs::mood::pt::indicativo verbs::tense::pt::preterito-perfeito-simples-pps verbs::unit-code::pt-conjugation::preterito-perfeito-simples-pps
Convir + passado (PPS),Convir,"<b><span style=""color: rgb(255, 0, 0);"">passado</span></b> (PPS)",convim,conviveste,conviveu,convivemos,convieram,,,,,,/kõˈvĩ/,/kõviˈveʃtɨ/,/kõviˈvew/,/kõviˈvemuʃ/,/kõviˈeɾɐ̃w̃/,,,,,,,course-code::pt-conjugation verbs::flag::pt::derivados verbs::mood::pt::indicativo verbs::tense::pt::preterito-perfeito-simples-pps verbs::unit-code::pt-conjugation::preterito-perfeito-simples-pps
Desfazer + passado (PPS),Desfazer,"<b><span style=""color: rgb(255, 0, 0);"">passado</span></b> (PPS)",desfiz,desfizeste,desfez,desfizemos,desfizeram,,,,,,/dɨˈʃfiʃ/,/dɨʃfiˈzeʃtɨ/,/dɨˈʃfɛʃ/,/dɨʃfiˈzemuʃ/,/dɨʃfiˈzeɾɐ̃w̃/,,,,,,,course-code::pt-conjugation verbs::flag::pt::derivados verbs::mood::pt::indicativo verbs::tense::pt::preterito-perfeito-simples-pps verbs::unit-code::pt-conjugation::preterito-perfeito-simples-pps
Deter + passado (PPS),Deter,"<b><span style=""color: rgb(255, 0, 0);"">passado</span></b> (PPS)",detive,detiveste,deteve,detivemos,detiveram,,,,,,/dɨˈtivɨ/,/dɨtiˈveʃtɨ/,/dɨˈtɛvɨ/,/dɨtiˈvemuʃ/,/dɨtiˈveɾɐ̃w̃/,,,,,,,course-code::pt-conjugation verbs::flag::pt::derivados verbs::mood::pt::indicativo verbs::tense::pt::preterito-perfeito-simples-pps verbs::unit-code::pt-conjugation::preterito-perfeito-simples-pps
Dispor + passado (PPS),Dispor,"<b><span style=""color: rgb(255, 0, 0);"">passado</span></b> (PPS)",dispus,dispuseste,dispôs,dispusemos,dispuseram,,,,,,/diˈʃpuʃ/,/diʃpuˈzeʃtɨ/,/diˈʃpoʃ/,/diʃpuˈzemuʃ/,/diʃpuˈzeɾɐ̃w̃/,,,,,,,course-code::pt-conjugation verbs::flag::pt::derivados verbs::mood::pt::indicativo verbs::tense::pt::preterito-perfeito-simples-pps verbs::unit-code::pt-conjugation::preterito-perfeito-simples-pps
Entrever + passado (PPS),Entrever,"<b><span style=""color: rgb(255, 0, 0);"">passado</span></b> (PPS)",entrevi,entreviste,entreviu,entrevimos,entreviram,,,,,,/ẽtɾɨˈvi/,/ẽtɾɨˈviʃtɨ/,/ẽtɾɨˈviw/,/ẽtɾɨˈvimuʃ/,/ẽtɾɨˈviɾɐ̃w̃/,,,,,,,course-code::pt-conjugation verbs::flag::pt::derivados verbs::mood::pt::indicativo verbs::tense::pt::preterito-perfeito-simples-pps verbs::unit-code::pt-conjugation::preterito-perfeito-simples-pps
Impor + passado (PPS),Impor,"<b><span style=""color: rgb(255, 0, 0);"">passado</span></b> (PPS)",impus,impuseste,impôs,impusemos,impuseram,,,,,,/ĩˈpuʃ/,/ĩpuˈzeʃtɨ/,/ĩˈpoʃ/,/ĩpuˈzemuʃ/,/ĩpuˈzeɾɐ̃w̃/,,,,,,,course-code::pt-conjugation verbs::flag::pt::derivados verbs::mood::pt::indicativo verbs::tense::pt::preterito-perfeito-simples-pps verbs::unit-code::pt-conjugation::preterito-perfeito-simples-pps
Intervir + passado (PPS),Intervir,"<b><span style=""color: rgb(255, 0, 0);"">passado</span></b> (PPS)",intervim,intervieste,interveio,interviemos,intervieram,,,,,,/ĩtɨɾˈvĩ/,/ĩtɨɾviˈeʃtɨ/,/ĩtɨɾˈvɐju/,/ĩtɨɾviˈemuʃ/,/ĩtɨɾviˈeɾɐ̃w̃/,,,,,,,course-code::pt-conjugation verbs::flag::pt::derivados verbs::mood::pt::indicativo verbs::tense::pt::preterito-perfeito-simples-pps verbs::unit-code::pt-conjugation::preterito-perfeito-simples-pps
Obter + passado (PPS),Obter,"<b><span style=""color: rgb(255, 0, 0);"">passado</span></b> (PPS)",obtive,obtiveste,obteve,obtivemos,obtiveram,,,,,,/oˈbtivɨ/,/obtiˈveʃtɨ/,/oˈbtɛvɨ/,/obtiˈvemuʃ/,/obtiˈveɾɐ̃w̃/,,,,,,,course-code::pt-conjugation verbs::flag::pt::derivados verbs::mood::pt::indicativo verbs::tense::pt::preterito-perfeito-simples-pps verbs::unit-code::pt-conjugation::preterito-perfeito-simples-pps
Prever + passado (PPS),Prever,"<b><span style=""color: rgb(255, 0, 0);"">passado</span></b> (PPS)",previ,previste,previu,previmos,previram,,,,,,/pɾɨˈvi/,/pɾɨˈviʃtɨ/,/pɾɨˈviw/,/pɾɨˈvimuʃ/,/pɾɨˈviɾɐ̃w̃/,,,,,,,course-code::pt-conjugation verbs::flag::pt::derivados verbs::mood::pt::indicativo verbs::tense::pt::preterito-perfeito-simples-pps verbs::unit-code::pt-conjugation::preterito-perfeito-simples-pps
Propor + passado (PPS),Propor,"<b><span style=""color: rgb(255, 0, 0);"">passado</span></b> (PPS)",propús,propuseste,propôs,propusemos,propuseram,,,,,,/pɾuˈpuʃ/,/pɾupuˈzeʃtɨ/,/pɾuˈpoʃ/,/pɾupuˈzemuʃ/,/pɾupuˈzeɾɐ̃w̃/,,,,,,,course-code::pt-conjugation verbs::flag::pt::derivados verbs::mood::pt::indicativo verbs::tense::pt::preterito-perfeito-simples-pps verbs::unit-code::pt-conjugation::preterito-perfeito-simples-pps
Provir + passado (PPS),Provir,"<span style=""color: rgb(255, 0, 0);""><b>passado (PPS)</b></span>",provim,provieste,proveio,proviemos,provieram,,,,,,/pɾuˈvĩ/,/pɾuviˈeʃtɨ/,/pɾuˈvɐju/,/pɾuviˈemuʃ/,/pɾuviˈeɾɐ̃w̃/,,,,,,,course-code::pt-conjugation verbs::flag::pt::derivados verbs::mood::pt::indicativo verbs::tense::pt::preterito-perfeito-simples-pps verbs::unit-code::pt-conjugation::preterito-perfeito-simples-pps
Refazer + passado (PPS),Refazer,"<b><span style=""color: rgb(255, 0, 0);"">passado</span></b> (PPS)",refiz,refizeste,refez,refizemos,refizeram,,,,,,/ʁɨˈfiʃ/,/ʁɨfiˈzeʃtɨ/,/ʁɨˈfɛʃ/,/ʁɨfiˈzemuʃ/,/ʁɨfiˈzeɾɐ̃w̃/,,,,,,,course-code::pt-conjugation verbs::flag::pt::derivados verbs::mood::pt::indicativo verbs::tense::pt::preterito-perfeito-simples-pps verbs::unit-code::pt-conjugation::preterito-perfeito-simples-pps
Repor + passado (PPS),Repor,"<b><span style=""color: rgb(255, 0, 0);"">passado</span></b> (PPS)",repus,repuseste,repôs,repusemos,repuseram,,,,,,/ʁɨˈpuʃ/,/ʁɨpuˈzeʃtɨ/,/ʁɨˈpoʃ/,/ʁɨpuˈzemuʃ/,/ʁɨpuˈzeɾɐ̃w̃/,,,,,,,course-code::pt-conjugation verbs::flag::pt::derivados verbs::mood::pt::indicativo verbs::tense::pt::preterito-perfeito-simples-pps verbs::unit-code::pt-conjugation::preterito-perfeito-simples-pps
Reter + passado (PPS),Reter,"<b><span style=""color: rgb(255, 0, 0);"">passado</span></b> (PPS)",retive,retiveste,reteve,retivemos,retiveram,,,,,,/ʁɨˈtivɨ/,/ʁɨtiˈveʃtɨ/,/ʁɨˈtɛvɨ/,/ʁɨtiˈvemuʃ/,/ʁɨtiˈveɾɐ̃w̃/,,,,,,,course-code::pt-conjugation verbs::flag::pt::derivados verbs::mood::pt::indicativo verbs::tense::pt::preterito-perfeito-simples-pps verbs::unit-code::pt-conjugation::preterito-perfeito-simples-pps
Rever + passado (PPS),Rever,"<b><span style=""color: rgb(255, 0, 0);"">passado</span></b> (PPS)",revi,reviste,reviu,revimos,reviram,,,,,,/ʁɨˈvi/,/ʁɨˈviʃtɨ/,/ʁɨˈviw/,/ʁɨˈvimuʃ/,/ʁɨˈviɾɐ̃w̃/,,,,,,,course-code::pt-conjugation verbs::flag::pt::derivados verbs::mood::pt::indicativo verbs::tense::pt::preterito-perfeito-simples-pps verbs::unit-code::pt-conjugation::preterito-perfeito-simples-pps
Revir + passado (PPS),Revir,"<b><span style=""color: rgb(255, 0, 0);"">passado</span></b> (PPS)",revim,revieste,reveio,reviemos,revieram,,,,,,/ʁɨˈvĩ/,/ʁɨviˈeʃtɨ/,/ʁɨˈvɐju/,/ʁɨviˈemuʃ/,/ʁɨviˈeɾɐ̃w̃/,,,,,,,course-code::pt-conjugation verbs::flag::pt::derivados verbs::mood::pt::indicativo verbs::tense::pt::preterito-perfeito-simples-pps verbs::unit-code::pt-conjugation::preterito-perfeito-simples-pps
Satisfazer + passado (PPS),Satisfazer,"<b><span style=""color: rgb(255, 0, 0);"">passado</span></b> (PPS)",satisfiz,satisfizeste,satisfez,satisfizemos,satisfizeram,,,,,,/sɐtiˈʃfiʃ/,/sɐtiʃfiˈzeʃtɨ/,/sɐtiˈʃfɛʃ/,/sɐtiʃfiˈzemuʃ/,/sɐtiʃfiˈzeɾɐ̃w̃/,,,,,,,course-code::pt-conjugation verbs::flag::pt::derivados verbs::mood::pt::indicativo verbs::tense::pt::preterito-perfeito-simples-pps verbs::unit-code::pt-conjugation::preterito-perfeito-simples-pps
Sobrepor + passado (PPS),Sobrepor,"<b><span style=""color: rgb(255, 0, 0);"">passado</span></b> (PPS)",sobrepus,sobrepuseste,sobrepôs,sobrepusemos,sobrepuseram,,,,,,/subɾɨˈpuʃ/,/subɾɨpuˈzeʃtɨ/,/subɾɨˈpoʃ/,/subɾɨpuˈzemuʃ/,/subɾɨpuˈzeɾɐ̃w̃/,,,,,,,course-code::pt-conjugation verbs::flag::pt::derivados verbs::mood::pt::indicativo verbs::tense::pt::preterito-perfeito-simples-pps verbs::unit-code::pt-conjugation::preterito-perfeito-simples-pps
Supor + passado (PPS),Supor,"<b><span style=""color: rgb(255, 0, 0);"">passado</span></b> (PPS)",supus,supuseste,supôs,supusemos,supuseram,,,,,,/suˈpuʃ/,/supuˈzeʃtɨ/,/suˈpoʃ/,/supuˈzemuʃ/,/supuˈzeɾɐ̃w̃/,,,,,,,course-code::pt-conjugation verbs::flag::pt::derivados verbs::mood::pt::indicativo verbs::tense::pt::preterito-perfeito-simples-pps verbs::unit-code::pt-conjugation::preterito-perfeito-simples-pps
Transver + passado (PPS),Transver,"<b><span style=""color: rgb(255, 0, 0);"">passado</span></b> (PPS)",transvi,transviste,transviu,transvimos,transviram,,,,,,/tɾɐ̃sˈvi/,/tɾɐ̃sˈviʃtɨ/,/tɾɐ̃sˈviw/,/tɾɐ̃sˈvimuʃ/,/tɾɐ̃sˈviɾɐ̃w̃/,,,,,,,course-code::pt-conjugation verbs::flag::pt::derivados verbs::mood::pt::indicativo verbs::tense::pt::preterito-perfeito-simples-pps verbs::unit-code::pt-conjugation::preterito-perfeito-simples-pps
Ultrapassar + passado (PPS),Ultrapassar,"<b><span style=""color: rgb(255, 0, 0);"">passado</span></b> (PPS)",ultrapassei,ultrapassaste,ultrapassou,ultrapassamos,ultrapassaram,,,,,,/uɫtɾɐpɐˈsɐj/,/uɫtɾɐpɐˈsaʃtɨ/,/uɫtɾɐpɐˈso/,/uɫtɾɐpɐˈsɐmuʃ/,/uɫtɾɐpɐˈsaɾɐ̃w̃/,,,,,,,course-code::pt-conjugation verbs::flag::pt::derivados verbs::mood::pt::indicativo verbs::tense::pt::preterito-perfeito-simples-pps verbs::unit-code::pt-conjugation::preterito-perfeito-simples-pps
Compor + imperfeito,Compor,"<span style=""color: rgb(255, 85, 0);""><b>imperfeito</b></span>",compunha,compunhas,compunha,compúnhamos,compunham,,,,,,kõˈpuɲɐ,kõˈpuɲɐʃ,kõˈpuɲɐ,kõˈpuɲɐmuʃ,kõˈpuɲɐ̃w̃,,,,,,,course-code::pt-conjugation verbs::ending::pt::or verbs::family::pt::por verbs::flag::pt::derivados verbs::flag::pt::derivados verbs::flag::pt::derivados-irregulares verbs::mood::pt::indicativo verbs::tense::pt::preterito-imperfeito verbs::unit-code::pt-conjugation::preterito-imperfeito
Conter + imperfeito,Conter,"<span style=""color: rgb(255, 85, 0);""><b>imperfeito</b></span>",continha,continhas,continha,contínhamos,continha,,,,,,kõˈtiɲɐ,kõˈtiɲɐʃ,kõˈtiɲɐ,kõˈtiɲɐmuʃ,kõˈtiɲɐ,,,,,,,course-code::pt-conjugation verbs::family::pt::ter verbs::flag::pt::derivados verbs::flag::pt::derivados verbs::flag::pt::derivados-irregulares verbs::mood::pt::indicativo verbs::tense::pt::preterito-imperfeito verbs::unit-code::pt-conjugation::preterito-imperfeito
Converter + imperfeito,Converter,"<span style=""color: rgb(255, 85, 0);""><b>imperfeito</b></span>",convertia,convertias,convertia,convertíamos,convertiam,,,,,,kõvɨɾˈtiɐ,kõvɨɾˈtiɐʃ,kõvɨɾˈtiɐ,kõvɨɾˈtiɐmuʃ,kõvɨɾˈtiɐ̃w̃,,,,,,,course-code::pt-conjugation verbs::family::pt::ter verbs::flag::pt::derivados verbs::mood::pt::indicativo verbs::tense::pt::preterito-imperfeito verbs::unit-code::pt-conjugation::preterito-imperfeito
Convir + imperfeito,Convir,"<span style=""color: rgb(255, 85, 0);""><b>imperfeito</b></span>",convinha,convinhas,convinha,convínhamos,convinham,,,,,,kõˈviɲɐ,kõˈviɲɐʃ,kõˈviɲɐ,kõˈviɲɐmuʃ,kõˈviɲɐ̃w̃,,,,,,,course-code::pt-conjugation verbs::family::pt::vir verbs::flag::pt::derivados verbs::flag::pt::derivados verbs::flag::pt::derivados-irregulares verbs::mood::pt::indicativo verbs::tense::pt::preterito-imperfeito verbs::unit-code::pt-conjugation::preterito-imperfeito
Desfazer + imperfeito,Desfazer,"<span style=""color: rgb(255, 85, 0);""><b>imperfeito</b></span>",desfazia,desfazias,desfazia,desfazíamos,desfaziam,,,,,,dɨʃfɐˈziɐ,dɨʃfɐˈziɐʃ,dɨʃfɐˈziɐ,dɨʃfɐˈziɐmuʃ,dɨʃfɐˈziɐ̃w̃,,,,,,,course-code::pt-conjugation verbs::family::pt::fazer verbs::flag::pt::derivados verbs::mood::pt::indicativo verbs::tense::pt::preterito-imperfeito verbs::unit-code::pt-conjugation::preterito-imperfeito
Deter + imperfeito,Deter,"<span style=""color: rgb(255, 85, 0);""><b>imperfeito</b></span>",detinha,detinhas,detinha,detínhamos,detinham,,,,,,dɨˈtiɲɐ,dɨˈtiɲɐʃ,dɨˈtiɲɐ,dɨˈtiɲɐmuʃ,dɨˈtiɲɐ̃w̃,,,,,,,course-code::pt-conjugation verbs::family::pt::ter verbs::flag::pt::derivados verbs::flag::pt::derivados verbs::flag::pt::derivados-irregulares verbs::mood::pt::indicativo verbs::tense::pt::preterito-imperfeito verbs::unit-code::pt-conjugation::preterito-imperfeito
Dispor + imperfeito,Dispor,"<span style=""color: rgb(255, 85, 0);""><b>imperfeito</b></span>",dispunha,dispunhas,dispunha,dispúnhamos,dispunham,,,,,,diˈʃpuɲɐ,diˈʃpuɲɐʃ,diˈʃpuɲɐ,diˈʃpuɲɐmuʃ,diˈʃpuɲɐ̃w̃,,,,,,,course-code::pt-conjugation verbs::ending::pt::or verbs::family::pt::por verbs::flag::pt::derivados verbs::flag::pt::derivados verbs::flag::pt::derivados-irregulares verbs::mood::pt::indicativo verbs::tense::pt::preterito-imperfeito verbs::unit-code::pt-conjugation::preterito-imperfeito
Entrever + imperfeito,Entrever,"<span style=""color: rgb(255, 85, 0);""><b>imperfeito</b></span>",entrevia,entrevias,entrevia,entrevíamos,entreviam,,,,,,ẽtɾɨˈviɐ,ẽtɾɨˈviɐʃ,ẽtɾɨˈviɐ,ẽtɾɨˈviɐmuʃ,ẽtɾɨˈviɐ̃w̃,,,,,,,course-code::pt-conjugation verbs::family::pt::ver verbs::flag::pt::derivados verbs::mood::pt::indicativo verbs::tense::pt::preterito-imperfeito verbs::unit-code::pt-conjugation::preterito-imperfeito
Impor + imperfeito,Impor,"<span style=""color: rgb(255, 85, 0);""><b>imperfeito</b></span>",impunha,impunhas,impunha,impúnhamos,impunham,,,,,,ĩˈpuɲɐ,ĩˈpuɲɐʃ,ĩˈpuɲɐ,ĩˈpuɲɐmuʃ,ĩˈpuɲɐ̃w̃,,,,,,,course-code::pt-conjugation verbs::ending::pt::or verbs::family::pt::por verbs::flag::pt::derivados verbs::flag::pt::derivados verbs::flag::pt::derivados-irregulares verbs::mood::pt::indicativo verbs::tense::pt::preterito-imperfeito verbs::unit-code::pt-conjugation::preterito-imperfeito
Intervir + imperfeito,Intervir,"<span style=""color: rgb(255, 85, 0);""><b>imperfeito</b></span>",intervinha,intervinhas,intervinha,intervínhamos,intervinham,,,,,,ĩtɨɾˈviɲɐ,ĩtɨɾˈviɲɐʃ,ĩtɨɾˈviɲɐ,ĩtɨɾˈviɲɐmuʃ,ĩtɨɾˈviɲɐ̃w̃,,,,,,,course-code::pt-conjugation verbs::family::pt::vir verbs::flag::pt::derivados verbs::flag::pt::derivados verbs::flag::pt::derivados-irregulares verbs::mood::pt::indicativo verbs::tense::pt::preterito-imperfeito verbs::unit-code::pt-conjugation::preterito-imperfeito
Manter + imperfeito,Manter,"<span style=""color: rgb(255, 85, 0);""><b>imperfeito</b></span>",mantinha,mantinhas,mantinha,mantínhamos,mantinham,,,,,,mɐ̃ˈtiɲɐ,mɐ̃ˈtiɲɐʃ,mɐ̃ˈtiɲɐ,mɐ̃ˈtiɲɐmuʃ,mɐ̃ˈtiɲɐ̃w̃,,,,,,,course-code::pt-conjugation verbs::family::pt::ter verbs::flag::pt::derivados verbs::flag::pt::derivados verbs::flag::pt::derivados-irregulares verbs::mood::pt::indicativo verbs::tense::pt::preterito-imperfeito verbs::unit-code::pt-conjugation::preterito-imperfeito
Obter + imperfeito,Obter,"<span style=""color: rgb(255, 85, 0);""><b>imperfeito</b></span>",obtinha,obtinhas,obtinha,obtínhamos,obtinham,,,,,,oˈbtiɲɐ,oˈbtiɲɐʃ,oˈbtiɲɐ,oˈbtiɲɐmuʃ,oˈbtiɲɐ̃w̃,,,,,,,course-code::pt-conjugation verbs::family::pt::ter verbs::flag::pt::derivados verbs::flag::pt::derivados verbs::flag::pt::derivados-irregulares verbs::mood::pt::indicativo verbs::tense::pt::preterito-imperfeito verbs::unit-code::pt-conjugation::preterito-imperfeito
Prever + imperfeito,Prever,"<span style=""color: rgb(255, 85, 0);""><b>imperfeito</b></span>",previa,previas,previa,prevíamos,previam,,,,,,pɾɨˈviɐ,pɾɨˈviɐʃ,pɾɨˈviɐ,pɾɨˈviɐmuʃ,pɾɨˈviɐ̃w̃,,,,,,,course-code::pt-conjugation verbs::family::pt::ver verbs::flag::pt::derivados verbs::mood::pt::indicativo verbs::tense::pt::preterito-imperfeito verbs::unit-code::pt-conjugation::preterito-imperfeito
Propor + imperfeito,Propor,"<span style=""color: rgb(255, 85, 0);""><b>imperfeito</b></span>",propunha,propunhas,propunha,propúnhamos,propunham,,,,,,pɾuˈpuɲɐ,pɾuˈpuɲɐʃ,pɾuˈpuɲɐ,pɾuˈpuɲɐmuʃ,pɾuˈpuɲɐ̃w̃,,,,,,,course-code::pt-conjugation verbs::ending::pt::or verbs::family::pt::por verbs::flag::pt::derivados verbs::flag::pt::derivados verbs::flag::pt::derivados-irregulares verbs::mood::pt::indicativo verbs::tense::pt::preterito-imperfeito verbs::unit-code::pt-conjugation::preterito-imperfeito
Provir + imperfeito,Provir,"<span style=""color: rgb(255, 85, 0);""><b>imperfeito</b></span>",provinha,provinhas,provinha,provínhamos,provinham,,,,,,pɾuˈviɲɐ,pɾuˈviɲɐʃ,pɾuˈviɲɐ,pɾuˈviɲɐmuʃ,pɾuˈviɲɐ̃w̃,,,,,,,course-code::pt-conjugation verbs::family::pt::vir verbs::flag::pt::derivados verbs::flag::pt::derivados verbs::flag::pt::derivados-irregulares verbs::mood::pt::indicativo verbs::tense::pt::preterito-imperfeito verbs::unit-code::pt-conjugation::preterito-imperfeito
Refazer + imperfeito,Refazer,"<span style=""color: rgb(255, 85, 0);""><b>imperfeito</b></span>",refazia,refazias,refazia,refazíamos,refaziam,,,,,,ʁɨfɐˈziɐ,ʁɨfɐˈziɐʃ,ʁɨfɐˈziɐ,ʁɨfɐˈziɐmuʃ,ʁɨfɐˈziɐ̃w̃,,,,,,,course-code::pt-conjugation verbs::family::pt::fazer verbs::flag::pt::derivados verbs::mood::pt::indicativo verbs::tense::pt::preterito-imperfeito verbs::unit-code::pt-conjugation::preterito-imperfeito
Repor + imperfeito,Repor,"<span style=""color: rgb(255, 85, 0);""><b>imperfeito</b></span>",repunha,repunhas,repunha,repúnhamos,repunham,,,,,,ʁɨˈpuɲɐ,ʁɨˈpuɲɐʃ,ʁɨˈpuɲɐ,ʁɨˈpuɲɐmuʃ,ʁɨˈpuɲɐ̃w̃,,,,,,,course-code::pt-conjugation verbs::ending::pt::or verbs::family::pt::por verbs::flag::pt::derivados verbs::flag::pt::derivados verbs::flag::pt::derivados-irregulares verbs::mood::pt::indicativo verbs::tense::pt::preterito-imperfeito verbs::unit-code::pt-conjugation::preterito-imperfeito
Reter + imperfeito,Reter,"<span style=""color: rgb(255, 85, 0);""><b>imperfeito</b></span>",retinha,retinhas,retinha,retínhamos,retinham,,,,,,ʁɨˈtiɲɐ,ʁɨˈtiɲɐʃ,ʁɨˈtiɲɐ,ʁɨˈtiɲɐmuʃ,ʁɨˈtiɲɐ̃w̃,,,,,,,course-code::pt-conjugation verbs::family::pt::ter verbs::flag::pt::derivados verbs::flag::pt::derivados verbs::flag::pt::derivados-irregulares verbs::mood::pt::indicativo verbs::tense::pt::preterito-imperfeito verbs::unit-code::pt-conjugation::preterito-imperfeito
Rever + imperfeito,Rever,"<span style=""color: rgb(255, 85, 0);""><b>imperfeito</b></span>",revia,revias,revia,revíamos,reviam,,,,,,ʁɨˈviɐ,ʁɨˈviɐʃ,ʁɨˈviɐ,ʁɨˈviɐmuʃ,ʁɨˈviɐ̃w̃,,,,,,,course-code::pt-conjugation verbs::family::pt::ver verbs::flag::pt::derivados verbs::mood::pt::indicativo verbs::tense::pt::preterito-imperfeito verbs::unit-code::pt-conjugation::preterito-imperfeito
Revir + imperfeito,Revir,"<span style=""color: rgb(255, 85, 0);""><b>imperfeito</b></span>",revinha,revínhas,revinha,revínhamos,revnham,,,,,,ʁɨˈviɲɐ,ʁɨˈviɲɐʃ,ʁɨˈviɲɐ,ʁɨˈviɲɐmuʃ,ˈʁɛvɲɐ̃w̃,,,,,,,course-code::pt-conjugation verbs::family::pt::vir verbs::flag::pt::derivados verbs::flag::pt::derivados verbs::flag::pt::derivados-irregulares verbs::mood::pt::indicativo verbs::tense::pt::preterito-imperfeito verbs::unit-code::pt-conjugation::preterito-imperfeito
Satisfazer + imperfeito,Satisfazer,"<span style=""color: rgb(255, 85, 0);""><b>imperfeito</b></span>",satisfazia,satisfazias,satisfazia,satisfazíamos,satisfaziam,,,,,,sɐtiʃfɐˈziɐ,sɐtiʃfɐˈziɐʃ,sɐtiʃfɐˈziɐ,sɐtiʃfɐˈziɐmuʃ,sɐtiʃfɐˈziɐ̃w̃,,,,,,,course-code::pt-conjugation verbs::family::pt::fazer verbs::flag::pt::derivados verbs::mood::pt::indicativo verbs::tense::pt::preterito-imperfeito verbs::unit-code::pt-conjugation::preterito-imperfeito
Sobrepor + imperfeito,Sobrepor,"<span style=""color: rgb(255, 85, 0);""><b>imperfeito</b></span>",sobrepunha,sobrepunhas,sobrepunha,sobrepúnhamos,sobrepunham,,,,,,subɾɨˈpuɲɐ,subɾɨˈpuɲɐʃ,subɾɨˈpuɲɐ,subɾɨˈpuɲɐmuʃ,subɾɨˈpuɲɐ̃w̃,,,,,,,course-code::pt-conjugation verbs::ending::pt::or verbs::family::pt::por verbs::flag::pt::derivados verbs::flag::pt::derivados verbs::flag::pt::derivados-irregulares verbs::mood::pt::indicativo verbs::tense::pt::preterito-imperfeito verbs::unit-code::pt-conjugation::preterito-imperfeito
Supor + imperfeito,Supor,"<span style=""color: rgb(255, 85, 0);""><b>imperfeito</b></span>",supunha,supunhas,supunha,supúnhamos,supunham,,,,,,suˈpuɲɐ,suˈpuɲɐʃ,suˈpuɲɐ,suˈpuɲɐmuʃ,suˈpuɲɐ̃w̃,,,,,,,course-code::pt-conjugation verbs::ending::pt::or verbs::family::pt::por verbs::flag::pt::derivados verbs::flag::pt::derivados verbs::flag::pt::derivados-irregulares verbs::mood::pt::indicativo verbs::tense::pt::preterito-imperfeito verbs::unit-code::pt-conjugation::preterito-imperfeito
Transver + imperfeito,Transver,"<span style=""color: rgb(255, 85, 0);""><b>imperfeito</b></span>",transvia,transvias,transvia,transvíamos,transviam,,,,,,tɾɐ̃sˈviɐ,tɾɐ̃sˈviɐʃ,tɾɐ̃sˈviɐ,tɾɐ̃sˈviɐmuʃ,tɾɐ̃sˈviɐ̃w̃,,,,,,,course-code::pt-conjugation verbs::family::pt::ver verbs::flag::pt::derivados verbs::mood::pt::indicativo verbs::tense::pt::preterito-imperfeito verbs::unit-code::pt-conjugation::preterito-imperfeito
Ultrapassar + imperfeito,Ultrapassar,"<span style=""color: rgb(255, 85, 0);""><b>imperfeito</b></span>",ultrapassava,ultrapassavas,ultrapassava,ultrapassávamos,ultrapassavam,,,,,,uɫtɾɐpɐˈsavɐ,uɫtɾɐpɐˈsavɐʃ,uɫtɾɐpɐˈsavɐ,uɫtɾɐpɐˈsavɐmuʃ,uɫtɾɐpɐˈsavɐ̃w̃,,,,,,,course-code::pt-conjugation verbs::family::pt::passar verbs::flag::pt::derivados verbs::mood::pt::indicativo verbs::tense::pt::preterito-imperfeito verbs::unit-code::pt-conjugation::preterito-imperfeito
sentir-se + Presente,sentir-se,"<span style=""color: rgb(0, 85, 255);""><b>presente</b></span>",sinto-me,sentes-te,sente-se,sentimo-nos,sentem-se,não me sinto,não te sentes,não se sente,não nos sentimos,não se sentem,sĩˈtɔmɨ,sẽˈtɛstɨ,sẽˈtɛsɨ,sẽtiˈmɔnuʃ,sẽˈtẽsɨ,ˈnɐ̃w̃ ˈmɛ ˈsĩtu,ˈnɐ̃w̃ ˈtɛ ˈsẽtɨʃ,ˈnɐ̃w̃ sɨ ˈsẽtɨ,ˈnɐ̃w̃ ˈnɔʃ sẽˈtimuʃ,ˈnɐ̃w̃ sɨ ˈsẽtɐ̃j̃,,course-code::pt-conjugation verbs::ending::pt::ir verbs::flag::pt::reflexos verbs::mood::pt::indicativo verbs::tense::pt::presente verbs::unit-code::pt-conjugation::present verbs::unit-code::pt-conjugation::presente
ser + imperativo,ser,"<b><span style=""color: rgb(255, 85, 127);"">imperativo</span></b>",,Sê,Seja,Sejamos,Sejam,,Não sejas,Não seja,Não sejamos,Não sejam,,ˈse,ˈsɐjʒɐ,sɨˈʒɐmuʃ,ˈsɐjʒɐ̃w,,ˈnɐ̃w ˈsɐjʒɐʃ,ˈnɐ̃w ˈsɐjʒɐ,ˈnɐ̃w̃ sɨˈʒɐmuʃ,ˈnɐ̃w ˈsɐjʒɐ̃w,,course-code::pt-conjugation verbs::tense::pt::presente-imperativo verbs::ending::pt::er verbs::flag::pt::irregulares verbs::mood::pt::imperativo verbs::tense::pt::presente-imperativo verbs::unit-code::pt-conjugation::presente-imperativo
Ser + imperfeito,Ser,"<span style=""color: rgb(255, 85, 0);""><b>imperfeito</b></span>",era,eras,era,éramos,eram,,,,,,ˈɛɾɐ,ˈɛɾɐʃ,ˈɛɾɐ,ˈɛɾɐmuʃ,ˈɛɾɐ̃w̃,,,,,,,course-code::pt-conjugation verbs::flag::pt::irregulares verbs::mood::pt::indicativo verbs::tense::pt::preterito-imperfeito verbs::unit-code::pt-conjugation::preterito-imperfeito
Ter + imperfeito,Ter,"<span style=""color: rgb(255, 85, 0);""><b>imperfeito</b></span>",tinha,tinhas,tinha,tínhamos,tinham,,,,,,ˈtiɲɐ,ˈtiɲɐʃ,ˈtiɲɐ,ˈtiɲɐmuʃ,ˈtiɲɐ̃w̃,,,,,,,course-code::pt-conjugation verbs::flag::pt::irregulares verbs::mood::pt::indicativo verbs::tense::pt::preterito-imperfeito verbs::unit-code::pt-conjugation::preterito-imperfeito
Vir + imperfeito,Vir,"<span style=""color: rgb(255, 85, 0);""><b>imperfeito</b></span>",vinha,vinhas,vinha,vínhamos,vinham,,,,,,ˈviɲɐ,ˈviɲɐʃ,ˈviɲɐ,ˈviɲɐmuʃ,ˈviɲɐ̃w̃,,,,,,,course-code::pt-conjugation verbs::flag::pt::irregulares verbs::mood::pt::indicativo verbs::tense::pt::preterito-imperfeito verbs::unit-code::pt-conjugation::preterito-imperfeito
Pôr + imperfeito,Pôr,"<span style=""color: rgb(255, 85, 0);""><b>imperfeito</b></span>",punha,punhas,punha,púnhamos,punham,,,,,,ˈpuɲɐ,ˈpuɲɐʃ,ˈpuɲɐ,ˈpuɲɐmuʃ,ˈpuɲɐ̃w̃,,,,,,,course-code::pt-conjugation verbs::flag::pt::irregulares verbs::mood::pt::indicativo verbs::tense::pt::preterito-imperfeito verbs::unit-code::pt-conjugation::preterito-imperfeito
Ajudar + imperfeito,Ajudar,"<span style=""color: rgb(255, 85, 0);""><b>imperfeito</b></span>",ajudava,ajudavas,ajudava,ajudávamos,ajudavam,,,,,,ɐʒuˈdavɐ,ɐʒuˈdavɐʃ,ɐʒuˈdavɐ,ɐʒuˈdavɐmuʃ,ɐʒuˈdavɐ̃w̃,,,,,,,course-code::pt-conjugation ending::pt::ar verbs::mood::pt::indicativo verbs::tense::pt::preterito-imperfeito verbs::unit-code::pt-conjugation::preterito-imperfeito
Almoçar + imperfeito,Almoçar,"<span style=""color: rgb(255, 85, 0);""><b>imperfeito</b></span>",almocava,almocavas,almocava,almocávamos,almocavam,,,,,,aɫmuˈkavɐ,aɫmuˈkavɐʃ,aɫmuˈkavɐ,aɫmuˈkavɐmuʃ,aɫmuˈkavɐ̃w̃,,,,,,,course-code::pt-conjugation ending::pt::ar verbs::mood::pt::indicativo verbs::tense::pt::preterito-imperfeito verbs::unit-code::pt-conjugation::preterito-imperfeito
Andar + imperfeito,Andar,"<span style=""color: rgb(255, 85, 0);""><b>imperfeito</b></span>",andava,andavas,andava,andávamos,andavam,,,,,,ɐ̃ˈdavɐ,ɐ̃ˈdavɐʃ,ɐ̃ˈdavɐ,ɐ̃ˈdavɐmuʃ,ɐ̃ˈdavɐ̃w̃,,,,,,,course-code::pt-conjugation ending::pt::ar verbs::mood::pt::indicativo verbs::tense::pt::preterito-imperfeito verbs::unit-code::pt-conjugation::preterito-imperfeito
Apanhar + imperfeito,Apanhar,"<span style=""color: rgb(255, 85, 0);""><b>imperfeito</b></span>",apanhava,apanhavas,apanhava,apanhávamos,apanhavam,,,,,,ɐpɐˈɲavɐ,ɐpɐˈɲavɐʃ,ɐpɐˈɲavɐ,ɐpɐˈɲavɐmuʃ,ɐpɐˈɲavɐ̃w̃,,,,,,,course-code::pt-conjugation ending::pt::ar verbs::mood::pt::indicativo verbs::tense::pt::preterito-imperfeito verbs::unit-code::pt-conjugation::preterito-imperfeito
Beijar + imperfeito,Beijar,"<span style=""color: rgb(255, 85, 0);""><b>imperfeito</b></span>",beijava,beijavas,beijava,beijávamos,beijavam,,,,,,bɐjˈʒavɐ,bɐjˈʒavɐʃ,bɐjˈʒavɐ,bɐjˈʒavɐmuʃ,bɐjˈʒavɐ̃w̃,,,,,,,course-code::pt-conjugation ending::pt::ar verbs::mood::pt::indicativo verbs::tense::pt::preterito-imperfeito verbs::unit-code::pt-conjugation::preterito-imperfeito
Calar-se + imperfeito,Calar-se,"<span style=""color: rgb(255, 85, 0);""><b>imperfeito</b></span>",calava-me,calavas-te,calava-se,calávamos-nos,calavam-se,,,,,,kɐlɐˈvamɨ,kɐlɐˈvastɨ,kɐlɐˈvasɨ,kɐˈlavɐmusnuʃ,kɐlɐˈvɐ̃sɨ,,,,,,,course-code::pt-conjugation ending::pt::ar verbs::flag::pt::reflexos verbs::mood::pt::indicativo verbs::tense::pt::preterito-imperfeito verbs::unit-code::pt-conjugation::preterito-imperfeito
Cantar + imperfeito,Cantar,"<span style=""color: rgb(255, 85, 0);""><b>imperfeito</b></span>",cantava,cantavas,cantava,cantávamos,cantavam,,,,,,kɐ̃ˈtavɐ,kɐ̃ˈtavɐʃ,kɐ̃ˈtavɐ,kɐ̃ˈtavɐmuʃ,kɐ̃ˈtavɐ̃w̃,,,,,,,course-code::pt-conjugation ending::pt::ar verbs::mood::pt::indicativo verbs::tense::pt::preterito-imperfeito verbs::unit-code::pt-conjugation::preterito-imperfeito
Chamar + imperfeito,Chamar,"<span style=""color: rgb(255, 85, 0);""><b>imperfeito</b></span>",chamava,chamavas,chamava,chamávamos,chamavam,,,,,,ʃɐˈmavɐ,ʃɐˈmavɐʃ,ʃɐˈmavɐ,ʃɐˈmavɐmuʃ,ʃɐˈmavɐ̃w̃,,,,,,,course-code::pt-conjugation ending::pt::ar verbs::mood::pt::indicativo verbs::tense::pt::preterito-imperfeito verbs::unit-code::pt-conjugation::preterito-imperfeito
Colocar + imperfeito,Colocar,"<span style=""color: rgb(255, 85, 0);""><b>imperfeito</b></span>",colocava,colocavas,colocava,colocávamos,colocavam,,,,,,kuluˈkavɐ,kuluˈkavɐʃ,kuluˈkavɐ,kuluˈkavɐmuʃ,kuluˈkavɐ̃w̃,,,,,,,course-code::pt-conjugation ending::pt::ar verbs::mood::pt::indicativo verbs::tense::pt::preterito-imperfeito verbs::unit-code::pt-conjugation::preterito-imperfeito
Combinar + imperfeito,Combinar,"<span style=""color: rgb(255, 85, 0);""><b>imperfeito</b></span>",combinava,combinavas,combinava,combinávamos,combinavam,,,,,,kõbiˈnavɐ,kõbiˈnavɐʃ,kõbiˈnavɐ,kõbiˈnavɐmuʃ,kõbiˈnavɐ̃w̃,,,,,,,course-code::pt-conjugation ending::pt::ar verbs::mood::pt::indicativo verbs::tense::pt::preterito-imperfeito verbs::unit-code::pt-conjugation::preterito-imperfeito
Começar + imperfeito,Começar,"<span style=""color: rgb(255, 85, 0);""><b>imperfeito</b></span>",começava,começavas,começava,começávamos,começavam,,,,,,kumɨˈsavɐ,kumɨˈsavɐʃ,kumɨˈsavɐ,kumɨˈsavɐmuʃ,kumɨˈsavɐ̃w̃,,,,,,,course-code::pt-conjugation ending::pt::ar verbs::mood::pt::indicativo verbs::tense::pt::preterito-imperfeito verbs::unit-code::pt-conjugation::preterito-imperfeito
Cortar + imperfeito,Cortar,"<span style=""color: rgb(255, 85, 0);""><b>imperfeito</b></span>",cortava,cortavas,cortava,cortávamos,cortavam,,,,,,kuɾˈtavɐ,kuɾˈtavɐʃ,kuɾˈtavɐ,kuɾˈtavɐmuʃ,kuɾˈtavɐ̃w̃,,,,,,,course-code::pt-conjugation ending::pt::ar verbs::mood::pt::indicativo verbs::tense::pt::preterito-imperfeito verbs::unit-code::pt-conjugation::preterito-imperfeito
Costumar + imperfeito,Costumar,"<span style=""color: rgb(255, 85, 0);""><b>imperfeito</b></span>",costumava,costumavas,costumava,costumávamos,costumavam,,,,,,kuʃtuˈmavɐ,kuʃtuˈmavɐʃ,kuʃtuˈmavɐ,kuʃtuˈmavɐmuʃ,kuʃtuˈmavɐ̃w̃,,,,,,,course-code::pt-conjugation ending::pt::ar verbs::mood::pt::indicativo verbs::tense::pt::preterito-imperfeito verbs::unit-code::pt-conjugation::preterito-imperfeito
Cruzar + imperfeito,Cruzar,"<span style=""color: rgb(255, 85, 0);""><b>imperfeito</b></span>",cruzava,cruzavas,cruzava,cruzávamos,cruzavam,,,,,,kɾuˈzavɐ,kɾuˈzavɐʃ,kɾuˈzavɐ,kɾuˈzavɐmuʃ,kɾuˈzavɐ̃w̃,,,,,,,course-code::pt-conjugation ending::pt::ar verbs::mood::pt::indicativo verbs::tense::pt::preterito-imperfeito verbs::unit-code::pt-conjugation::preterito-imperfeito
Dançar + imperfeito,Dançar,"<span style=""color: rgb(255, 85, 0);""><b>imperfeito</b></span>",dançava,dançavas,dançava,dançávamos,dançavam,,,,,,dɐ̃ˈsavɐ,dɐ̃ˈsavɐʃ,dɐ̃ˈsavɐ,dɐ̃ˈsavɐmuʃ,dɐ̃ˈsavɐ̃w̃,,,,,,,course-code::pt-conjugation ending::pt::ar verbs::mood::pt::indicativo verbs::tense::pt::preterito-imperfeito verbs::unit-code::pt-conjugation::preterito-imperfeito
Dar + imperfeito,Dar,"<span style=""color: rgb(255, 85, 0);""><b>imperfeito</b></span>",dava,davas,dava,dávamos,davam,,,,,,ˈdavɐ,ˈdavɐʃ,ˈdavɐ,ˈdavɐmuʃ,ˈdavɐ̃w̃,,,,,,,course-code::pt-conjugation ending::pt::ar verbs::mood::pt::indicativo verbs::tense::pt::preterito-imperfeito verbs::unit-code::pt-conjugation::preterito-imperfeito
Deitar-se + imperfeito,Deitar-se,"<span style=""color: rgb(255, 85, 0);""><b>imperfeito</b></span>",deitava-me,deitavas-te,deitava-se,deitávamos-nos,deitavam-se,,,,,,dɐjtɐˈvamɨ,dɐjtɐˈvastɨ,dɐjtɐˈvasɨ,dɐjˈtavɐmusnuʃ,dɐjtɐˈvɐ̃sɨ,,,,,,,course-code::pt-conjugation ending::pt::ar verbs::mood::pt::indicativo verbs::tense::pt::preterito-imperfeito verbs::unit-code::pt-conjugation::preterito-imperfeito
Deixar + imperfeito,Deixar,"<span style=""color: rgb(255, 85, 0);""><b>imperfeito</b></span>",deixava,deixavas,deixava,deixávamos,deixavam,,,,,,dɐjˈʃavɐ,dɐjˈʃavɐʃ,dɐjˈʃavɐ,dɐjˈʃavɐmuʃ,dɐjˈʃavɐ̃w̃,,,,,,,course-code::pt-conjugation ending::pt::ar verbs::mood::pt::indicativo verbs::tense::pt::preterito-imperfeito verbs::unit-code::pt-conjugation::preterito-imperfeito
Encontrar + imperfeito,Encontrar,"<span style=""color: rgb(255, 85, 0);""><b>imperfeito</b></span>",encontrava,encontravas,encontrava,encontrávamos,encontravam,,,,,,ẽkõˈtɾavɐ,ẽkõˈtɾavɐʃ,ẽkõˈtɾavɐ,ẽkõˈtɾavɐmuʃ,ẽkõˈtɾavɐ̃w̃,,,,,,,course-code::pt-conjugation ending::pt::ar verbs::mood::pt::indicativo verbs::tense::pt::preterito-imperfeito verbs::unit-code::pt-conjugation::preterito-imperfeito
Ensinar + imperfeito,Ensinar,"<span style=""color: rgb(255, 85, 0);""><b>imperfeito</b></span>",ensinava,ensinavas,ensinava,ensinávamos,ensinavam,,,,,,ẽsiˈnavɐ,ẽsiˈnavɐʃ,ẽsiˈnavɐ,ẽsiˈnavɐmuʃ,ẽsiˈnavɐ̃w̃,,,,,,,course-code::pt-conjugation ending::pt::ar verbs::mood::pt::indicativo verbs::tense::pt::preterito-imperfeito verbs::unit-code::pt-conjugation::preterito-imperfeito
Entrar + imperfeito,Entrar,"<span style=""color: rgb(255, 85, 0);""><b>imperfeito</b></span>",entrava,entravas,entrava,entrávamos,entravam,,,,,,ẽˈtɾavɐ,ẽˈtɾavɐʃ,ẽˈtɾavɐ,ẽˈtɾavɐmuʃ,ẽˈtɾavɐ̃w̃,,,,,,,course-code::pt-conjugation ending::pt::ar verbs::mood::pt::indicativo verbs::tense::pt::preterito-imperfeito verbs::unit-code::pt-conjugation::preterito-imperfeito
Esperar + imperfeito,Esperar,"<span style=""color: rgb(255, 85, 0);""><b>imperfeito</b></span>",esperava,esperavas,esperava,esperávamos,esperavam,,,,,,ʃpɨˈɾavɐ,ʃpɨˈɾavɐʃ,ʃpɨˈɾavɐ,ʃpɨˈɾavɐmuʃ,ʃpɨˈɾavɐ̃w̃,,,,,,,course-code::pt-conjugation ending::pt::ar verbs::mood::pt::indicativo verbs::tense::pt::preterito-imperfeito verbs::unit-code::pt-conjugation::preterito-imperfeito
Estar + imperfeito,Estar,"<span style=""color: rgb(255, 85, 0);""><b>imperfeito</b></span>",estava,estavas,estava,estávamos,estavam,,,,,,ˈʃtavɐ,ˈʃtavɐʃ,ˈʃtavɐ,ˈʃtavɐmuʃ,ˈʃtavɐ̃w̃,,,,,,,course-code::pt-conjugation ending::pt::ar verbs::mood::pt::indicativo verbs::tense::pt::preterito-imperfeito verbs::unit-code::pt-conjugation::preterito-imperfeito
Experimentar + imperfeito,Experimentar,"<span style=""color: rgb(255, 85, 0);""><b>imperfeito</b></span>",experimentava,experimentavas,experimentava,experimentávamos,experimentavam,,,,,,iʃpɨɾimẽˈtavɐ,iʃpɨɾimẽˈtavɐʃ,iʃpɨɾimẽˈtavɐ,iʃpɨɾimẽˈtavɐmuʃ,iʃpɨɾimẽˈtavɐ̃w̃,,,,,,,course-code::pt-conjugation ending::pt::ar verbs::mood::pt::indicativo verbs::tense::pt::preterito-imperfeito verbs::unit-code::pt-conjugation::preterito-imperfeito
Falar + imperfeito,Falar,"<span style=""color: rgb(255, 85, 0);""><b>imperfeito</b></span>",falava,falavas,falava,falávamos,falavam,,,,,,fɐˈlavɐ,fɐˈlavɐʃ,fɐˈlavɐ,fɐˈlavɐmuʃ,fɐˈlavɐ̃w̃,,,,,,,course-code::pt-conjugation ending::pt::ar verbs::mood::pt::indicativo verbs::tense::pt::preterito-imperfeito verbs::unit-code::pt-conjugation::preterito-imperfeito
Fechar + imperfeito,Fechar,"<span style=""color: rgb(255, 85, 0);""><b>imperfeito</b></span>",fechava,fechavas,fechava,fechávamos,fechavam,,,,,,fɨˈʃavɐ,fɨˈʃavɐʃ,fɨˈʃavɐ,fɨˈʃavɐmuʃ,fɨˈʃavɐ̃w̃,,,,,,,course-code::pt-conjugation ending::pt::ar verbs::mood::pt::indicativo verbs::tense::pt::preterito-imperfeito verbs::unit-code::pt-conjugation::preterito-imperfeito
Ficar + imperfeito,Ficar,"<span style=""color: rgb(255, 85, 0);""><b>imperfeito</b></span>",ficava,ficavas,ficava,ficávamos,ficavam,,,,,,fiˈkavɐ,fiˈkavɐʃ,fiˈkavɐ,fiˈkavɐmuʃ,fiˈkavɐ̃w̃,,,,,,,course-code::pt-conjugation ending::pt::ar verbs::mood::pt::indicativo verbs::tense::pt::preterito-imperfeito verbs::unit-code::pt-conjugation::preterito-imperfeito
Ganhar + imperfeito,Ganhar,"<span style=""color: rgb(255, 85, 0);""><b>imperfeito</b></span>",ganhava,ganhavas,ganhava,ganhávamos,ganhavam,,,,,,ɡɐˈɲavɐ,ɡɐˈɲavɐʃ,ɡɐˈɲavɐ,ɡɐˈɲavɐmuʃ,ɡɐˈɲavɐ̃w̃,,,,,,,course-code::pt-conjugation ending::pt::ar verbs::mood::pt::indicativo verbs::tense::pt::preterito-imperfeito verbs::unit-code::pt-conjugation::preterito-imperfeito
Girar + imperfeito,Girar,"<span style=""color: rgb(255, 85, 0);""><b>imperfeito</b></span>",girava,giravas,girava,girámos,giravam,,,,,,ʒiˈɾavɐ,ʒiˈɾavɐʃ,ʒiˈɾavɐ,ʒiˈɾamuʃ,ʒiˈɾavɐ̃w̃,,,,,,,course-code::pt-conjugation ending::pt::ar verbs::mood::pt::indicativo verbs::tense::pt::preterito-imperfeito verbs::unit-code::pt-conjugation::preterito-imperfeito
Inserir + imperfeito,Inserir,"<span style=""color: rgb(255, 85, 0);""><b>imperfeito</b></span>",inseria,inserias,inseria,inseríamos,inseriam,,,,,,ĩsɨˈɾiɐ,ĩsɨˈɾiɐʃ,ĩsɨˈɾiɐ,ĩsɨˈɾiɐmuʃ,ĩsɨˈɾiɐ̃w̃,,,,,,,course-code::pt-conjugation verbs::ending::pt::ir verbs::mood::pt::indicativo verbs::tense::pt::preterito-imperfeito verbs::unit-code::pt-conjugation::preterito-imperfeito
Jantar + imperfeito,Jantar,"<span style=""color: rgb(255, 85, 0);""><b>imperfeito</b></span>",jantava,jantavas,jantava,jantávamos,jantavam,,,,,,ʒɐ̃ˈtavɐ,ʒɐ̃ˈtavɐʃ,ʒɐ̃ˈtavɐ,ʒɐ̃ˈtavɐmuʃ,ʒɐ̃ˈtavɐ̃w̃,,,,,,,course-code::pt-conjugation ending::pt::ar verbs::mood::pt::indicativo verbs::tense::pt::preterito-imperfeito verbs::unit-code::pt-conjugation::preterito-imperfeito
Jogar + imperfeito,Jogar,"<span style=""color: rgb(255, 85, 0);""><b>imperfeito</b></span>",jogava,jogavas,jogava,jogávamos,jogavam,,,,,,ʒuˈɡavɐ,ʒuˈɡavɐʃ,ʒuˈɡavɐ,ʒuˈɡavɐmuʃ,ʒuˈɡavɐ̃w̃,,,,,,,course-code::pt-conjugation ending::pt::ar verbs::mood::pt::indicativo verbs::tense::pt::preterito-imperfeito verbs::unit-code::pt-conjugation::preterito-imperfeito
Lavar + imperfeito,Lavar,"<span style=""color: rgb(255, 85, 0);""><b>imperfeito</b></span>",lavava,lavavas,lavava,lavávamos,lavavam,,,,,,lɐˈvavɐ,lɐˈvavɐʃ,lɐˈvavɐ,lɐˈvavɐmuʃ,lɐˈvavɐ̃w̃,,,,,,,course-code::pt-conjugation ending::pt::ar verbs::mood::pt::indicativo verbs::tense::pt::preterito-imperfeito verbs::unit-code::pt-conjugation::preterito-imperfeito
Lembrar-se + imperfeito,Lembrar-se,"<span style=""color: rgb(255, 85, 0);""><b>imperfeito</b></span>",lembrava-me,lembravas-te,lembrava-se,lembrávamos-nos,lembravam-se,,,,,,lẽbɾɐˈvamɨ,lẽbɾɐˈvastɨ,lẽbɾɐˈvasɨ,lẽˈbɾavɐmusnuʃ,lẽbɾɐˈvɐ̃sɨ,,,,,,,course-code::pt-conjugation ending::pt::ar verbs::flag::pt::reflexos verbs::mood::pt::indicativo verbs::tense::pt::preterito-imperfeito verbs::unit-code::pt-conjugation::preterito-imperfeito
Levantar + imperfeito,Levantar,"<span style=""color: rgb(255, 85, 0);""><b>imperfeito</b></span>",levantava,levantavas,levantava,levantávamos,levantavam,,,,,,lɨvɐ̃ˈtavɐ,lɨvɐ̃ˈtavɐʃ,lɨvɐ̃ˈtavɐ,lɨvɐ̃ˈtavɐmuʃ,lɨvɐ̃ˈtavɐ̃w̃,,,,,,,course-code::pt-conjugation ending::pt::ar verbs::mood::pt::indicativo verbs::tense::pt::preterito-imperfeito verbs::unit-code::pt-conjugation::preterito-imperfeito
Ligar + imperfeito,Ligar,"<span style=""color: rgb(255, 85, 0);""><b>imperfeito</b></span>",ligava,ligavas,ligava,ligávamos,ligavam,,,,,,liˈɡavɐ,liˈɡavɐʃ,liˈɡavɐ,liˈɡavɐmuʃ,liˈɡavɐ̃w̃,,,,,,,course-code::pt-conjugation ending::pt::ar verbs::mood::pt::indicativo verbs::tense::pt::preterito-imperfeito verbs::unit-code::pt-conjugation::preterito-imperfeito
Morar + imperfeito,Morar,"<span style=""color: rgb(255, 85, 0);""><b>imperfeito</b></span>",morava,moravas,morava,morávamos,moravam,,,,,,muˈɾavɐ,muˈɾavɐʃ,muˈɾavɐ,muˈɾavɐmuʃ,muˈɾavɐ̃w̃,,,,,,,course-code::pt-conjugation ending::pt::ar verbs::mood::pt::indicativo verbs::tense::pt::preterito-imperfeito verbs::unit-code::pt-conjugation::preterito-imperfeito
Olhar + imperfeito,Olhar,"<span style=""color: rgb(255, 85, 0);""><b>imperfeito</b></span>",olhava,olhavas,olhava,olhávamos,olhavam,,,,,,oˈʎavɐ,oˈʎavɐʃ,oˈʎavɐ,oˈʎavɐmuʃ,oˈʎavɐ̃w̃,,,,,,,course-code::pt-conjugation ending::pt::ar verbs::mood::pt::indicativo verbs::tense::pt::preterito-imperfeito verbs::unit-code::pt-conjugation::preterito-imperfeito
Pagar + imperfeito,Pagar,"<span style=""color: rgb(255, 85, 0);""><b>imperfeito</b></span>",pagava,pagavas,pagava,pagávamos,pagavam,,,,,,pɐˈɡavɐ,pɐˈɡavɐʃ,pɐˈɡavɐ,pɐˈɡavɐmuʃ,pɐˈɡavɐ̃w̃,,,,,,,course-code::pt-conjugation ending::pt::ar verbs::mood::pt::indicativo verbs::tense::pt::preterito-imperfeito verbs::unit-code::pt-conjugation::preterito-imperfeito
Passar + imperfeito,Passar,"<span style=""color: rgb(255, 85, 0);""><b>imperfeito</b></span>",passava,passavas,passava,passávamos,passavam,,,,,,pɐˈsavɐ,pɐˈsavɐʃ,pɐˈsavɐ,pɐˈsavɐmuʃ,pɐˈsavɐ̃w̃,,,,,,,course-code::pt-conjugation ending::pt::ar verbs::mood::pt::indicativo verbs::tense::pt::preterito-imperfeito verbs::unit-code::pt-conjugation::preterito-imperfeito
Pegar + imperfeito,Pegar,"<span style=""color: rgb(255, 85, 0);""><b>imperfeito</b></span>",pegava,pegavas,pegava,pegávamos,pegavam,,,,,,pɨˈɡavɐ,pɨˈɡavɐʃ,pɨˈɡavɐ,pɨˈɡavɐmuʃ,pɨˈɡavɐ̃w̃,,,,,,,course-code::pt-conjugation ending::pt::ar verbs::mood::pt::indicativo verbs::tense::pt::preterito-imperfeito verbs::unit-code::pt-conjugation::preterito-imperfeito
Perguntar + imperfeito,Perguntar,"<span style=""color: rgb(255, 85, 0);""><b>imperfeito</b></span>",perguntava,perguntavas,perguntava,perguntávamos,perguntavam,,,,,,pɨɾɡũˈtavɐ,pɨɾɡũˈtavɐʃ,pɨɾɡũˈtavɐ,pɨɾɡũˈtavɐmuʃ,pɨɾɡũˈtavɐ̃w̃,,,,,,,course-code::pt-conjugation ending::pt::ar verbs::mood::pt::indicativo verbs::tense::pt::preterito-imperfeito verbs::unit-code::pt-conjugation::preterito-imperfeito
Pesquisar + imperfeito,Pesquisar,"<span style=""color: rgb(255, 85, 0);""><b>imperfeito</b></span>",pesquisava,pesquisavas,pesquisava,pesquisávamos,pesquisavam,,,,,,pɨskiˈzavɐ,pɨskiˈzavɐʃ,pɨskiˈzavɐ,pɨskiˈzavɐmuʃ,pɨskiˈzavɐ̃w̃,,,,,,,course-code::pt-conjugation ending::pt::ar verbs::mood::pt::indicativo verbs::tense::pt::preterito-imperfeito verbs::unit-code::pt-conjugation::preterito-imperfeito
Praticar + imperfeito,Praticar,"<span style=""color: rgb(255, 85, 0);""><b>imperfeito</b></span>",praticava,praticavas,praticava,praticávamos,praticavam,,,,,,pɾɐtiˈkavɐ,pɾɐtiˈkavɐʃ,pɾɐtiˈkavɐ,pɾɐtiˈkavɐmuʃ,pɾɐtiˈkavɐ̃w̃,,,,,,,course-code::pt-conjugation ending::pt::ar verbs::mood::pt::indicativo verbs::tense::pt::preterito-imperfeito verbs::unit-code::pt-conjugation::preterito-imperfeito
Precisar + imperfeito,Precisar,"<span style=""color: rgb(255, 85, 0);""><b>imperfeito</b></span>",precisava,precisavas,precisava,precisávamos,precisavam,,,,,,pɾɨsiˈzavɐ,pɾɨsiˈzavɐʃ,pɾɨsiˈzavɐ,pɾɨsiˈzavɐmuʃ,pɾɨsiˈzavɐ̃w̃,,,,,,,course-code::pt-conjugation ending::pt::ar verbs::mood::pt::indicativo verbs::tense::pt::preterito-imperfeito verbs::unit-code::pt-conjugation::preterito-imperfeito
Telefonar + imperfeito,Telefonar,"<span style=""color: rgb(255, 85, 0);""><b>imperfeito</b></span>",telefonava,telefonavas,telefonava,telefonávamos,telefonavam,,,,,,tɨlɨfuˈnavɐ,tɨlɨfuˈnavɐʃ,tɨlɨfuˈnavɐ,tɨlɨfuˈnavɐmuʃ,tɨlɨfuˈnavɐ̃w̃,,,,,,,course-code::pt-conjugation ending::pt::ar verbs::mood::pt::indicativo verbs::tense::pt::preterito-imperfeito verbs::unit-code::pt-conjugation::preterito-imperfeito
Tentar + imperfeito,Tentar,"<span style=""color: rgb(255, 85, 0);""><b>imperfeito</b></span>",tentava,tentavas,tentava,tentávamos,tentavam,,,,,,tẽˈtavɐ,tẽˈtavɐʃ,tẽˈtavɐ,tẽˈtavɐmuʃ,tẽˈtavɐ̃w̃,,,,,,,course-code::pt-conjugation ending::pt::ar verbs::mood::pt::indicativo verbs::tense::pt::preterito-imperfeito verbs::unit-code::pt-conjugation::preterito-imperfeito
Tirar + imperfeito,Tirar,"<span style=""color: rgb(255, 85, 0);""><b>imperfeito</b></span>",tirava,tiravas,tirava,tirávamos,tiravam,,,,,,tiˈɾavɐ,tiˈɾavɐʃ,tiˈɾavɐ,tiˈɾavɐmuʃ,tiˈɾavɐ̃w̃,,,,,,,course-code::pt-conjugation ending::pt::ar verbs::mood::pt::indicativo verbs::tense::pt::preterito-imperfeito verbs::unit-code::pt-conjugation::preterito-imperfeito
Tocar + imperfeito,Tocar,"<span style=""color: rgb(255, 85, 0);""><b>imperfeito</b></span>",tocava,tocavas,tocava,tocávamos,tocavam,,,,,,tuˈkavɐ,tuˈkavɐʃ,tuˈkavɐ,tuˈkavɐmuʃ,tuˈkavɐ̃w̃,,,,,,,course-code::pt-conjugation ending::pt::ar verbs::mood::pt::indicativo verbs::tense::pt::preterito-imperfeito verbs::unit-code::pt-conjugation::preterito-imperfeito
Tomar + imperfeito,Tomar,"<span style=""color: rgb(255, 85, 0);""><b>imperfeito</b></span>",tomava,tomavas,tomava,tomávamos,tomavam,,,,,,tuˈmavɐ,tuˈmavɐʃ,tuˈmavɐ,tuˈmavɐmuʃ,tuˈmavɐ̃w̃,,,,,,,course-code::pt-conjugation ending::pt::ar verbs::mood::pt::indicativo verbs::tense::pt::preterito-imperfeito verbs::unit-code::pt-conjugation::preterito-imperfeito
Trabalhar + imperfeito,Trabalhar,"<span style=""color: rgb(255, 85, 0);""><b>imperfeito</b></span>",trabalhava,trabalhavas,trabalhava,trabalhávamos,trabalhavam,,,,,,tɾɐbɐˈʎavɐ,tɾɐbɐˈʎavɐʃ,tɾɐbɐˈʎavɐ,tɾɐbɐˈʎavɐmuʃ,tɾɐbɐˈʎavɐ̃w̃,,,,,,,course-code::pt-conjugation ending::pt::ar verbs::mood::pt::indicativo verbs::tense::pt::preterito-imperfeito verbs::unit-code::pt-conjugation::preterito-imperfeito
Tratar + imperfeito,Tratar,"<span style=""color: rgb(255, 85, 0);""><b>imperfeito</b></span>",tratava,tratavas,tratava,tratávamos,tratavam,,,,,,tɾɐˈtavɐ,tɾɐˈtavɐʃ,tɾɐˈtavɐ,tɾɐˈtavɐmuʃ,tɾɐˈtavɐ̃w̃,,,,,,,course-code::pt-conjugation ending::pt::ar verbs::mood::pt::indicativo verbs::tense::pt::preterito-imperfeito verbs::unit-code::pt-conjugation::preterito-imperfeito
Usar + imperfeito,Usar,"<span style=""color: rgb(255, 85, 0);""><b>imperfeito</b></span>",usava,usavas,usava,usávamos,usavam,,,,,,uˈzavɐ,uˈzavɐʃ,uˈzavɐ,uˈzavɐmuʃ,uˈzavɐ̃w̃,,,,,,,course-code::pt-conjugation ending::pt::ar verbs::mood::pt::indicativo verbs::tense::pt::preterito-imperfeito verbs::unit-code::pt-conjugation::preterito-imperfeito
Viajar + imperfeito,Viajar,"<span style=""color: rgb(255, 85, 0);""><b>imperfeito</b></span>",viajava,viajavas,viajava,viajávamos,viajavam,,,,,,viɐˈʒavɐ,viɐˈʒavɐʃ,viɐˈʒavɐ,viɐˈʒavɐmuʃ,viɐˈʒavɐ̃w̃,,,,,,,course-code::pt-conjugation ending::pt::ar verbs::mood::pt::indicativo verbs::tense::pt::preterito-imperfeito verbs::unit-code::pt-conjugation::preterito-imperfeito
Visitar + imperfeito,Visitar,"<span style=""color: rgb(255, 85, 0);""><b>imperfeito</b></span>",visitava,visitavas,visitava,visitávamos,visitavam,,,,,,viziˈtavɐ,viziˈtavɐʃ,viziˈtavɐ,viziˈtavɐmuʃ,viziˈtavɐ̃w̃,,,,,,,course-code::pt-conjugation ending::pt::ar verbs::mood::pt::indicativo verbs::tense::pt::preterito-imperfeito verbs::unit-code::pt-conjugation::preterito-imperfeito
Achar + imperfeito,Achar,"<span style=""color: rgb(255, 85, 0);""><b>imperfeito</b></span>",achava,achavas,achava,achávamos,achavam,,,,,,ɐˈʃavɐ,ɐˈʃavɐʃ,ɐˈʃavɐ,ɐˈʃavɐmuʃ,ɐˈʃavɐ̃w̃,,,,,,,course-code::pt-conjugation ending::pt::ar verbs::mood::pt::indicativo verbs::tense::pt::preterito-imperfeito verbs::unit-code::pt-conjugation::preterito-imperfeito
Afagar + imperfeito,Afagar,"<span style=""color: rgb(255, 85, 0);""><b>imperfeito</b></span>",afagava,afagavas,afagava,afagávamos,afagavam,,,,,,ɐfɐˈɡavɐ,ɐfɐˈɡavɐʃ,ɐfɐˈɡavɐ,ɐfɐˈɡavɐmuʃ,ɐfɐˈɡavɐ̃w̃,,,,,,,course-code::pt-conjugation ending::pt::ar verbs::mood::pt::indicativo verbs::tense::pt::preterito-imperfeito verbs::unit-code::pt-conjugation::preterito-imperfeito
Afastar-se + imperfeito,Afastar-se,"<span style=""color: rgb(255, 85, 0);""><b>imperfeito</b></span>",afastava-me,afastavas-te,afastava-se,afastávamos-nos,afastavam-se,,,,,,ɐfɐʃtɐˈvamɨ,ɐfɐʃtɐˈvastɨ,ɐfɐʃtɐˈvasɨ,ɐfɐˈʃtavɐmusnuʃ,ɐfɐʃtɐˈvɐ̃sɨ,,,,,,,course-code::pt-conjugation ending::pt::ar verbs::flag::pt::reflexos verbs::mood::pt::indicativo verbs::tense::pt::preterito-imperfeito verbs::unit-code::pt-conjugation::preterito-imperfeito
Arranjar + imperfeito,Arranjar,"<span style=""color: rgb(255, 85, 0);""><b>imperfeito</b></span>",arranjava,arranjavas,arranjava,arranjávamos,arranjavam,,,,,,ɐʁɐ̃ˈʒavɐ,ɐʁɐ̃ˈʒavɐʃ,ɐʁɐ̃ˈʒavɐ,ɐʁɐ̃ˈʒavɐmuʃ,ɐʁɐ̃ˈʒavɐ̃w̃,,,,,,,course-code::pt-conjugation ending::pt::ar verbs::mood::pt::indicativo verbs::tense::pt::preterito-imperfeito verbs::unit-code::pt-conjugation::preterito-imperfeito
Comprar + imperfeito,Comprar,"<span style=""color: rgb(255, 85, 0);""><b>imperfeito</b></span>",comprava,compravas,comprava,comprávamos,compravam,,,,,,kõˈpɾavɐ,kõˈpɾavɐʃ,kõˈpɾavɐ,kõˈpɾavɐmuʃ,kõˈpɾavɐ̃w̃,,,,,,,course-code::pt-conjugation ending::pt::ar verbs::mood::pt::indicativo verbs::tense::pt::preterito-imperfeito verbs::unit-code::pt-conjugation::preterito-imperfeito
Empurrar + imperfeito,Empurrar,"<span style=""color: rgb(255, 85, 0);""><b>imperfeito</b></span>",empurrava,empurravas,empurrava,empurrávamos,empurravam,,,,,,ẽpuˈʁavɐ,ẽpuˈʁavɐʃ,ẽpuˈʁavɐ,ẽpuˈʁavɐmuʃ,ẽpuˈʁavɐ̃w̃,,,,,,,course-code::pt-conjugation ending::pt::ar verbs::mood::pt::indicativo verbs::tense::pt::preterito-imperfeito verbs::unit-code::pt-conjugation::preterito-imperfeito
Estudar + imperfeito,Estudar,"<span style=""color: rgb(255, 85, 0);""><b>imperfeito</b></span>",estudava,estudavas,estudava,estudávamos,estudavam,,,,,,ʃtuˈdavɐ,ʃtuˈdavɐʃ,ʃtuˈdavɐ,ʃtuˈdavɐmuʃ,ʃtuˈdavɐ̃w̃,,,,,,,course-code::pt-conjugation ending::pt::ar verbs::mood::pt::indicativo verbs::tense::pt::preterito-imperfeito verbs::unit-code::pt-conjugation::preterito-imperfeito
Gostar + imperfeito,Gostar,"<span style=""color: rgb(255, 85, 0);""><b>imperfeito</b></span>",gostava,gostavas,gostava,gostávamos,gostavam,,,,,,ɡuˈʃtavɐ,ɡuˈʃtavɐʃ,ɡuˈʃtavɐ,ɡuˈʃtavɐmuʃ,ɡuˈʃtavɐ̃w̃,,,,,,,course-code::pt-conjugation ending::pt::ar verbs::mood::pt::indicativo verbs::tense::pt::preterito-imperfeito verbs::unit-code::pt-conjugation::preterito-imperfeito
Levantar-se + imperfeito,Levantar-se,"<span style=""color: rgb(255, 85, 0);""><b>imperfeito</b></span>",levantava-me,levantavas-te,levantava-se,levantávamos-nos,levantavam-se,,,,,,lɨvɐ̃tɐˈvamɨ,lɨvɐ̃tɐˈvastɨ,lɨvɐ̃tɐˈvasɨ,lɨvɐ̃ˈtavɐmusnuʃ,lɨvɐ̃tɐˈvɐ̃sɨ,,,,,,,course-code::pt-conjugation ending::pt::ar verbs::flag::pt::reflexos verbs::mood::pt::indicativo verbs::tense::pt::preterito-imperfeito verbs::unit-code::pt-conjugation::preterito-imperfeito
Mudar + imperfeito,Mudar,"<span style=""color: rgb(255, 85, 0);""><b>imperfeito</b></span>",mudava,mudavas,mudava,mudávamos,mudavam,,,,,,muˈdavɐ,muˈdavɐʃ,muˈdavɐ,muˈdavɐmuʃ,muˈdavɐ̃w̃,,,,,,,course-code::pt-conjugation ending::pt::ar verbs::mood::pt::indicativo verbs::tense::pt::preterito-imperfeito verbs::unit-code::pt-conjugation::preterito-imperfeito
Pensar + imperfeito,Pensar,"<span style=""color: rgb(255, 85, 0);""><b>imperfeito</b></span>",pensava,pensavas,pensava,pensávamos,pensavam,,,,,,pẽˈsavɐ,pẽˈsavɐʃ,pẽˈsavɐ,pẽˈsavɐmuʃ,pẽˈsavɐ̃w̃,,,,,,,course-code::pt-conjugation ending::pt::ar verbs::mood::pt::indicativo verbs::tense::pt::preterito-imperfeito verbs::unit-code::pt-conjugation::preterito-imperfeito
Pintar + imperfeito,Pintar,"<span style=""color: rgb(255, 85, 0);""><b>imperfeito</b></span>",pintava,pintavas,pintava,pintávamos,pintavam,,,,,,pĩˈtavɐ,pĩˈtavɐʃ,pĩˈtavɐ,pĩˈtavɐmuʃ,pĩˈtavɐ̃w̃,,,,,,,course-code::pt-conjugation ending::pt::ar verbs::mood::pt::indicativo verbs::tense::pt::preterito-imperfeito verbs::unit-code::pt-conjugation::preterito-imperfeito
Puxar + imperfeito,Puxar,"<span style=""color: rgb(255, 85, 0);""><b>imperfeito</b></span>",puxava,puxavas,puxava,puxávamos,puxavam,,,,,,puˈʃavɐ,puˈʃavɐʃ,puˈʃavɐ,puˈʃavɐmuʃ,puˈʃavɐ̃w̃,,,,,,,course-code::pt-conjugation ending::pt::ar verbs::mood::pt::indicativo verbs::tense::pt::preterito-imperfeito verbs::unit-code::pt-conjugation::preterito-imperfeito
Sentar + imperfeito,Sentar,"<span style=""color: rgb(255, 85, 0);""><b>imperfeito</b></span>",sentava,sentavas,sentava,sentávamos,sentavam,,,,,,sẽˈtavɐ,sẽˈtavɐʃ,sẽˈtavɐ,sẽˈtavɐmuʃ,sẽˈtavɐ̃w̃,,,,,,,course-code::pt-conjugation ending::pt::ar verbs::mood::pt::indicativo verbs::tense::pt::preterito-imperfeito verbs::unit-code::pt-conjugation::preterito-imperfeito
Abrir + imperfeito,Abrir,"<span style=""color: rgb(255, 85, 0);""><b>imperfeito</b></span>",abria,abrias,abria,abríamos,abriam,,,,,,ɐˈbɾiɐ,ɐˈbɾiɐʃ,ɐˈbɾiɐ,ɐˈbɾiɐmuʃ,ɐˈbɾiɐ̃w̃,,,,,,,course-code::pt-conjugation verbs::ending::pt::ir verbs::mood::pt::indicativo verbs::tense::pt::preterito-imperfeito verbs::unit-code::pt-conjugation::preterito-imperfeito
Admitir + imperfeito,Admitir,"<span style=""color: rgb(255, 85, 0);""><b>imperfeito</b></span>",admitia,admitias,admitia,admitíamos,admitiam,,,,,,ɐdmiˈtiɐ,ɐdmiˈtiɐʃ,ɐdmiˈtiɐ,ɐdmiˈtiɐmuʃ,ɐdmiˈtiɐ̃w̃,,,,,,,course-code::pt-conjugation verbs::ending::pt::ir verbs::mood::pt::indicativo verbs::tense::pt::preterito-imperfeito verbs::unit-code::pt-conjugation::preterito-imperfeito
Cair + imperfeito,Cair,"<span style=""color: rgb(255, 85, 0);""><b>imperfeito</b></span>",caía,caías,caía,caíamos,caíam,,,,,,kɐˈiɐ,kɐˈiɐʃ,kɐˈiɐ,kɐˈiɐmuʃ,kɐˈiɐ̃w̃,,,,,,,course-code::pt-conjugation verbs::ending::pt::ir verbs::mood::pt::indicativo verbs::tense::pt::preterito-imperfeito verbs::unit-code::pt-conjugation::preterito-imperfeito
Conseguir + imperfeito,Conseguir,"<span style=""color: rgb(255, 85, 0);""><b>imperfeito</b></span>",conseguia,conseguias,conseguia,conseguíamos,conseguiam,,,,,,kõsɨˈɡiɐ,kõsɨˈɡiɐʃ,kõsɨˈɡiɐ,kõsɨˈɡwiɐmuʃ,kõsɨˈɡiɐ̃w̃,,,,,,,course-code::pt-conjugation verbs::ending::pt::ir verbs::mood::pt::indicativo verbs::tense::pt::preterito-imperfeito verbs::unit-code::pt-conjugation::preterito-imperfeito
Corrigir + imperfeito,Corrigir,"<span style=""color: rgb(255, 85, 0);""><b>imperfeito</b></span>",corrigia,corrigias,corrigia,corrigíamos,corrigiam,,,,,,kuʁiˈʒiɐ,kuʁiˈʒiɐʃ,kuʁiˈʒiɐ,kuʁiˈʒiɐmuʃ,kuʁiˈʒiɐ̃w̃,,,,,,,course-code::pt-conjugation verbs::ending::pt::ir verbs::mood::pt::indicativo verbs::tense::pt::preterito-imperfeito verbs::unit-code::pt-conjugation::preterito-imperfeito
Cumprir + imperfeito,Cumprir,"<span style=""color: rgb(255, 85, 0);""><b>imperfeito</b></span>",cumpria,cumprias,cumpria,cumpríamos,cumpriam,,,,,,kũˈpɾiɐ,kũˈpɾiɐʃ,kũˈpɾiɐ,kũˈpɾiɐmuʃ,kũˈpɾiɐ̃w̃,,,,,,,course-code::pt-conjugation verbs::ending::pt::ir verbs::mood::pt::indicativo verbs::tense::pt::preterito-imperfeito verbs::unit-code::pt-conjugation::preterito-imperfeito
Decidir + imperfeito,Decidir,"<span style=""color: rgb(255, 85, 0);""><b>imperfeito</b></span>",decidia,decidias,decidia,decidíamos,decidiam,,,,,,dɨsiˈdiɐ,dɨsiˈdiɐʃ,dɨsiˈdiɐ,dɨsiˈdiɐmuʃ,dɨsiˈdiɐ̃w̃,,,,,,,course-code::pt-conjugation verbs::ending::pt::ir verbs::mood::pt::indicativo verbs::tense::pt::preterito-imperfeito verbs::unit-code::pt-conjugation::preterito-imperfeito
Despir-se + imperfeito,Despir-se,"<span style=""color: rgb(255, 85, 0);""><b>imperfeito</b></span>",despia-me,despias-te,despia-se,despíamos-nos,despiam-se,,,,,,dɨʃpiˈamɨ,dɨʃpiˈastɨ,dɨʃpiˈasɨ,dɨˈʃpiɐmusnuʃ,dɨʃpiˈɐ̃sɨ,,,,,,,course-code::pt-conjugation verbs::ending::pt::ir verbs::flag::pt::reflexos verbs::mood::pt::indicativo verbs::tense::pt::preterito-imperfeito verbs::unit-code::pt-conjugation::preterito-imperfeito
Dirigir + imperfeito,Dirigir,"<span style=""color: rgb(255, 85, 0);""><b>imperfeito</b></span>",dirigia,dirigias,dirigia,dirigíamos,dirigiam,,,,,,diɾiˈʒiɐ,diɾiˈʒiɐʃ,diɾiˈʒiɐ,diɾiˈʒiɐmuʃ,diɾiˈʒiɐ̃w̃,,,,,,,course-code::pt-conjugation verbs::ending::pt::ir verbs::mood::pt::indicativo verbs::tense::pt::preterito-imperfeito verbs::unit-code::pt-conjugation::preterito-imperfeito
Discutir + imperfeito,Discutir,"<span style=""color: rgb(255, 85, 0);""><b>imperfeito</b></span>",discutia,discutias,discutia,discutíamos,discutiam,,,,,,diʃkuˈtiɐ,diʃkuˈtiɐʃ,diʃkuˈtiɐ,diʃkuˈtiɐmuʃ,diʃkuˈtiɐ̃w̃,,,,,,,course-code::pt-conjugation verbs::ending::pt::ir verbs::mood::pt::indicativo verbs::tense::pt::preterito-imperfeito verbs::unit-code::pt-conjugation::preterito-imperfeito
Distribuir + imperfeito,Distribuir,"<span style=""color: rgb(255, 85, 0);""><b>imperfeito</b></span>",distribuía,distribuías,distribuía,distribuíamos,distribuíam,,,,,,diʃtɾibuˈiɐ,diʃtɾibuˈiɐʃ,diʃtɾibuˈiɐ,diʃtɾibuˈiɐmuʃ,diʃtɾibuˈiɐ̃w̃,,,,,,,course-code::pt-conjugation verbs::ending::pt::ir verbs::mood::pt::indicativo verbs::tense::pt::preterito-imperfeito verbs::unit-code::pt-conjugation::preterito-imperfeito
Dormir + imperfeito,Dormir,"<span style=""color: rgb(255, 85, 0);""><b>imperfeito</b></span>",dormia,dormias,dormia,dormíamos,dormiam,,,,,,duɾˈmiɐ,duɾˈmiɐʃ,duɾˈmiɐ,duɾˈmiɐmuʃ,duɾˈmiɐ̃w̃,,,,,,,course-code::pt-conjugation verbs::ending::pt::ir verbs::mood::pt::indicativo verbs::tense::pt::preterito-imperfeito verbs::unit-code::pt-conjugation::preterito-imperfeito
Fugir + imperfeito,Fugir,"<span style=""color: rgb(255, 85, 0);""><b>imperfeito</b></span>",fugia,fugias,fugia,fugíamos,fugiam,,,,,,fuˈʒiɐ,fuˈʒiɐʃ,fuˈʒiɐ,fuˈʒiɐmuʃ,fuˈʒiɐ̃w̃,,,,,,,course-code::pt-conjugation verbs::ending::pt::ir verbs::mood::pt::indicativo verbs::tense::pt::preterito-imperfeito verbs::unit-code::pt-conjugation::preterito-imperfeito
Imprimir + imperfeito,Imprimir,"<span style=""color: rgb(255, 85, 0);""><b>imperfeito</b></span>",imprimia,imprimias,imprimia,imprimíamos,imprimiam,,,,,,ĩpɾiˈmiɐ,ĩpɾiˈmiɐʃ,ĩpɾiˈmiɐ,ĩpɾiˈmiɐmuʃ,ĩpɾiˈmiɐ̃w̃,,,,,,,course-code::pt-conjugation verbs::ending::pt::ir verbs::mood::pt::indicativo verbs::tense::pt::preterito-imperfeito verbs::unit-code::pt-conjugation::preterito-imperfeito
Insistir + imperfeito,Insistir,"<span style=""color: rgb(255, 85, 0);""><b>imperfeito</b></span>",insistia,insistias,insistia,insistíamos,insistiam,,,,,,ĩsiˈʃtiɐ,ĩsiˈʃtiɐʃ,ĩsiˈʃtiɐ,ĩsiˈʃtiɐmuʃ,ĩsiˈʃtiɐ̃w̃,,,,,,,course-code::pt-conjugation verbs::ending::pt::ir verbs::mood::pt::indicativo verbs::tense::pt::preterito-imperfeito verbs::unit-code::pt-conjugation::preterito-imperfeito
Introduzir + imperfeito,Introduzir,"<span style=""color: rgb(255, 85, 0);""><b>imperfeito</b></span>",introduzia,introduzias,introduzia,introduzíamos,introduziam,,,,,,ĩtɾuduˈziɐ,ĩtɾuduˈziɐʃ,ĩtɾuduˈziɐ,ĩtɾuduˈziɐmuʃ,ĩtɾuduˈziɐ̃w̃,,,,,,,course-code::pt-conjugation verbs::ending::pt::ir verbs::mood::pt::indicativo verbs::tense::pt::preterito-imperfeito verbs::unit-code::pt-conjugation::preterito-imperfeito
Ir + imperfeito,Ir,"<span style=""color: rgb(255, 85, 0);""><b>imperfeito</b></span>",ia,ias,ia,íamos,iam,,,,,,ˈiɐ,ˈiɐʃ,ˈiɐ,ˈiɐmuʃ,ˈiɐ̃w̃,,,,,,,course-code::pt-conjugation verbs::ending::pt::ir verbs::mood::pt::indicativo verbs::tense::pt::preterito-imperfeito verbs::unit-code::pt-conjugation::preterito-imperfeito
Medir + imperfeito,Medir,"<span style=""color: rgb(255, 85, 0);""><b>imperfeito</b></span>",media,medias,media,medíamos,mediam,,,,,,mɨˈdiɐ,mɨˈdiɐʃ,mɨˈdiɐ,mɨˈdiɐmuʃ,mɨˈdiɐ̃w̃,,,,,,,course-code::pt-conjugation verbs::ending::pt::ir verbs::mood::pt::indicativo verbs::tense::pt::preterito-imperfeito verbs::unit-code::pt-conjugation::preterito-imperfeito
Ouvir + imperfeito,Ouvir,"<span style=""color: rgb(255, 85, 0);""><b>imperfeito</b></span>",ouvia,ouvias,ouvia,ouvíamos,ouviam,,,,,,oˈviɐ,oˈviɐʃ,oˈviɐ,oˈviɐmuʃ,oˈviɐ̃w̃,,,,,,,course-code::pt-conjugation verbs::ending::pt::ir verbs::mood::pt::indicativo verbs::tense::pt::preterito-imperfeito verbs::unit-code::pt-conjugation::preterito-imperfeito
Partir + imperfeito,Partir,"<span style=""color: rgb(255, 85, 0);""><b>imperfeito</b></span>",partia,partias,partia,partíamos,partiam,,,,,,pɐɾˈtiɐ,pɐɾˈtiɐʃ,pɐɾˈtiɐ,pɐɾˈtiɐmuʃ,pɐɾˈtiɐ̃w̃,,,,,,,course-code::pt-conjugation verbs::ending::pt::ir verbs::mood::pt::indicativo verbs::tense::pt::preterito-imperfeito verbs::unit-code::pt-conjugation::preterito-imperfeito
Pedir + imperfeito,Pedir,"<span style=""color: rgb(255, 85, 0);""><b>imperfeito</b></span>",pedia,pedias,pedia,pedíamos,pediam,,,,,,pɨˈdiɐ,pɨˈdiɐʃ,pɨˈdiɐ,pɨˈdiɐmuʃ,pɨˈdiɐ̃w̃,,,,,,,course-code::pt-conjugation verbs::ending::pt::ir verbs::mood::pt::indicativo verbs::tense::pt::preterito-imperfeito verbs::unit-code::pt-conjugation::preterito-imperfeito
Permitir + imperfeito,Permitir,"<span style=""color: rgb(255, 85, 0);""><b>imperfeito</b></span>",permitia,permitias,permitia,permitíamos,permitiam,,,,,,pɨɾmiˈtiɐ,pɨɾmiˈtiɐʃ,pɨɾmiˈtiɐ,pɨɾmiˈtiɐmuʃ,pɨɾmiˈtiɐ̃w̃,,,,,,,course-code::pt-conjugation verbs::ending::pt::ir verbs::mood::pt::indicativo verbs::tense::pt::preterito-imperfeito verbs::unit-code::pt-conjugation::preterito-imperfeito
Preferir + imperfeito,Preferir,"<span style=""color: rgb(255, 85, 0);""><b>imperfeito</b></span>",preferia,preferias,preferia,preferíamos,preferiam,,,,,,pɾɨfɨˈɾiɐ,pɾɨfɨˈɾiɐʃ,pɾɨfɨˈɾiɐ,pɾɨfɨˈɾiɐmuʃ,pɾɨfɨˈɾiɐ̃w̃,,,,,,,course-code::pt-conjugation verbs::ending::pt::ir verbs::mood::pt::indicativo verbs::tense::pt::preterito-imperfeito verbs::unit-code::pt-conjugation::preterito-imperfeito
Repetir + imperfeito,Repetir,"<span style=""color: rgb(255, 85, 0);""><b>imperfeito</b></span>",repetia,repetias,repetia,repetíamos,repetiam,,,,,,ʁɨpɨˈtiɐ,ʁɨpɨˈtiɐʃ,ʁɨpɨˈtiɐ,ʁɨpɨˈtiɐmuʃ,ʁɨpɨˈtiɐ̃w̃,,,,,,,course-code::pt-conjugation verbs::ending::pt::ir verbs::mood::pt::indicativo verbs::tense::pt::preterito-imperfeito verbs::unit-code::pt-conjugation::preterito-imperfeito
Reunir + imperfeito,Reunir,"<span style=""color: rgb(255, 85, 0);""><b>imperfeito</b></span>",reunia,reunias,reunia,reuníamos,reuniam,,,,,,ʁewˈniɐ,ʁewˈniɐʃ,ʁewˈniɐ,ʁewˈniɐmuʃ,ʁewˈniɐ̃w̃,,,,,,,course-code::pt-conjugation verbs::ending::pt::ir verbs::mood::pt::indicativo verbs::tense::pt::preterito-imperfeito verbs::unit-code::pt-conjugation::preterito-imperfeito
Rir + imperfeito,Rir,"<span style=""color: rgb(255, 85, 0);""><b>imperfeito</b></span>",ria,rias,ria,ríamos,riam,,,,,,ˈʁiɐ,ˈʁiɐʃ,ˈʁiɐ,ˈʁiɐmuʃ,ˈʁiɐ̃w̃,,,,,,,course-code::pt-conjugation verbs::ending::pt::ir verbs::mood::pt::indicativo verbs::tense::pt::preterito-imperfeito verbs::unit-code::pt-conjugation::preterito-imperfeito
Sair + imperfeito,Sair,"<span style=""color: rgb(255, 85, 0);""><b>imperfeito</b></span>",saía,saías,saía,saíamos,saíam,,,,,,sɐˈiɐ,sɐˈiɐʃ,sɐˈiɐ,sɐˈiɐmuʃ,sɐˈiɐ̃w̃,,,,,,,course-code::pt-conjugation verbs::ending::pt::ir verbs::mood::pt::indicativo verbs::tense::pt::preterito-imperfeito verbs::unit-code::pt-conjugation::preterito-imperfeito
Seguir + imperfeito,Seguir,"<span style=""color: rgb(255, 85, 0);""><b>imperfeito</b></span>",seguia,seguias,seguia,seguíamos,seguiam,,,,,,sɨˈɡiɐ,sɨˈɡiɐʃ,sɨˈɡiɐ,sɨˈɡwiɐmuʃ,sɨˈɡiɐ̃w̃,,,,,,,course-code::pt-conjugation verbs::ending::pt::ir verbs::mood::pt::indicativo verbs::tense::pt::preterito-imperfeito verbs::unit-code::pt-conjugation::preterito-imperfeito
Sentir + imperfeito,Sentir,"<span style=""color: rgb(255, 85, 0);""><b>imperfeito</b></span>",sentia,sentias,sentia,sentíamos,sentiam,,,,,,sẽˈtiɐ,sẽˈtiɐʃ,sẽˈtiɐ,sẽˈtiɐmuʃ,sẽˈtiɐ̃w̃,,,,,,,course-code::pt-conjugation verbs::ending::pt::ir verbs::mood::pt::indicativo verbs::tense::pt::preterito-imperfeito verbs::unit-code::pt-conjugation::preterito-imperfeito
Servir + imperfeito,Servir,"<span style=""color: rgb(255, 85, 0);""><b>imperfeito</b></span>",servia,servias,servia,servíamos,serviam,,,,,,sɨɾˈviɐ,sɨɾˈviɐʃ,sɨɾˈviɐ,sɨɾˈviɐmuʃ,sɨɾˈviɐ̃w̃,,,,,,,course-code::pt-conjugation verbs::ending::pt::ir verbs::mood::pt::indicativo verbs::tense::pt::preterito-imperfeito verbs::unit-code::pt-conjugation::preterito-imperfeito
Subir + imperfeito,Subir,"<span style=""color: rgb(255, 85, 0);""><b>imperfeito</b></span>",subia,subias,subia,subíamos,subiam,,,,,,suˈbiɐ,suˈbiɐʃ,suˈbiɐ,suˈbiɐmuʃ,suˈbiɐ̃w̃,,,,,,,course-code::pt-conjugation verbs::ending::pt::ir verbs::mood::pt::indicativo verbs::tense::pt::preterito-imperfeito verbs::unit-code::pt-conjugation::preterito-imperfeito
Traduzir + imperfeito,Traduzir,"<span style=""color: rgb(255, 85, 0);""><b>imperfeito</b></span>",traduzia,traduzias,traduzia,traduzíamos,traduziam,,,,,,tɾɐduˈziɐ,tɾɐduˈziɐʃ,tɾɐduˈziɐ,tɾɐduˈziɐmuʃ,tɾɐduˈziɐ̃w̃,,,,,,,course-code::pt-conjugation verbs::ending::pt::ir verbs::mood::pt::indicativo verbs::tense::pt::preterito-imperfeito verbs::unit-code::pt-conjugation::preterito-imperfeito
Vestir-se + imperfeito,Vestir-se,"<span style=""color: rgb(255, 85, 0);""><b>imperfeito</b></span>",vestia-me,vestias-te,vestia-se,vestíamos-nos,vestiam-se,,,,,,vɨʃtiˈamɨ,vɨʃtiˈastɨ,vɨʃtiˈasɨ,vɨˈʃtiɐmusnuʃ,vɨʃtiˈɐ̃sɨ,,,,,,,course-code::pt-conjugation verbs::ending::pt::ir verbs::flag::pt::reflexos verbs::mood::pt::indicativo verbs::tense::pt::preterito-imperfeito verbs::unit-code::pt-conjugation::preterito-imperfeito
Dividir + imperfeito,Dividir,"<span style=""color: rgb(255, 85, 0);""><b>imperfeito</b></span>",dividia,dividias,dividia,dividíamos,dividiam,,,,,,diviˈdiɐ,diviˈdiɐʃ,diviˈdiɐ,diviˈdiɐmuʃ,diviˈdiɐ̃w̃,,,,,,,course-code::pt-conjugation verbs::ending::pt::ir verbs::mood::pt::indicativo verbs::tense::pt::preterito-imperfeito verbs::unit-code::pt-conjugation::preterito-imperfeito
Agradecer + imperfeito,Agradecer,"<span style=""color: rgb(255, 85, 0);""><b>imperfeito</b></span>",agradecia,agradecias,agradecia,agradecíamos,agradeciam,,,,,,ɐɡɾɐdɨˈsiɐ,ɐɡɾɐdɨˈsiɐʃ,ɐɡɾɐdɨˈsiɐ,ɐɡɾɐdɨˈsiɐmuʃ,ɐɡɾɐdɨˈsiɐ̃w̃,,,,,,,course-code::pt-conjugation verbs::ending::pt::er verbs::mood::pt::indicativo verbs::tense::pt::preterito-imperfeito verbs::unit-code::pt-conjugation::preterito-imperfeito
Aprender + imperfeito,Aprender,"<span style=""color: rgb(255, 85, 0);""><b>imperfeito</b></span>",aprendia,aprendias,aprendia,aprendíamos,aprendiam,,,,,,ɐpɾẽˈdiɐ,ɐpɾẽˈdiɐʃ,ɐpɾẽˈdiɐ,ɐpɾẽˈdiɐmuʃ,ɐpɾẽˈdiɐ̃w̃,,,,,,,course-code::pt-conjugation verbs::ending::pt::er verbs::mood::pt::indicativo verbs::tense::pt::preterito-imperfeito verbs::unit-code::pt-conjugation::preterito-imperfeito
Bater + imperfeito,Bater,"<span style=""color: rgb(255, 85, 0);""><b>imperfeito</b></span>",batia,batias,batia,batíamos,batiam,,,,,,bɐˈtiɐ,bɐˈtiɐʃ,bɐˈtiɐ,bɐˈtiɐmuʃ,bɐˈtiɐ̃w̃,,,,,,,course-code::pt-conjugation verbs::ending::pt::er verbs::mood::pt::indicativo verbs::tense::pt::preterito-imperfeito verbs::unit-code::pt-conjugation::preterito-imperfeito
Beber + imperfeito,Beber,"<span style=""color: rgb(255, 85, 0);""><b>imperfeito</b></span>",bebia,bebias,bebia,bebíamos,bebiam,,,,,,bɨˈbiɐ,bɨˈbiɐʃ,bɨˈbiɐ,bɨˈbiɐmuʃ,bɨˈbiɐ̃w̃,,,,,,,course-code::pt-conjugation verbs::ending::pt::er verbs::mood::pt::indicativo verbs::tense::pt::preterito-imperfeito verbs::unit-code::pt-conjugation::preterito-imperfeito
Comer + imperfeito,Comer,"<span style=""color: rgb(255, 85, 0);""><b>imperfeito</b></span>",comia,comias,comia,comíamos,comiam,,,,,,kuˈmiɐ,kuˈmiɐʃ,kuˈmiɐ,kuˈmiɐmuʃ,kuˈmiɐ̃w̃,,,,,,,course-code::pt-conjugation verbs::ending::pt::er verbs::mood::pt::indicativo verbs::tense::pt::preterito-imperfeito verbs::unit-code::pt-conjugation::preterito-imperfeito
Compreender + imperfeito,Compreender,"<span style=""color: rgb(255, 85, 0);""><b>imperfeito</b></span>",compreendia,compreendias,compreendia,compreendíamos,compreendiam,,,,,,kõpɾɨẽˈdiɐ,kõpɾɨẽˈdiɐʃ,kõpɾɨẽˈdiɐ,kõpɾɨẽˈdiɐmuʃ,kõpɾɨẽˈdiɐ̃w̃,,,,,,,course-code::pt-conjugation verbs::ending::pt::er verbs::mood::pt::indicativo verbs::tense::pt::preterito-imperfeito verbs::unit-code::pt-conjugation::preterito-imperfeito
Conhecer + imperfeito,Conhecer,"<span style=""color: rgb(255, 85, 0);""><b>imperfeito</b></span>",conhecia,conhecias,conhecia,conhecíamos,conheciam,,,,,,kuɲɨˈsiɐ,kuɲɨˈsiɐʃ,kuɲɨˈsiɐ,kuɲɨˈsiɐmuʃ,kuɲɨˈsiɐ̃w̃,,,,,,,course-code::pt-conjugation verbs::ending::pt::er verbs::mood::pt::indicativo verbs::tense::pt::preterito-imperfeito verbs::unit-code::pt-conjugation::preterito-imperfeito
Correr + imperfeito,Correr,"<span style=""color: rgb(255, 85, 0);""><b>imperfeito</b></span>",corria,corrias,corria,corríamos,corriam,,,,,,kuˈʁiɐ,kuˈʁiɐʃ,kuˈʁiɐ,kuˈʁiɐmuʃ,kuˈʁiɐ̃w̃,,,,,,,course-code::pt-conjugation verbs::ending::pt::er verbs::mood::pt::indicativo verbs::tense::pt::preterito-imperfeito verbs::unit-code::pt-conjugation::preterito-imperfeito
Crer + imperfeito,Crer,"<span style=""color: rgb(255, 85, 0);""><b>imperfeito</b></span>",creia,creias,creia,críamos,creiam,,,,,,ˈkɾɐjɐ,ˈkɾɐjɐʃ,ˈkɾɐjɐ,ˈkɾiɐmuʃ,ˈkɾɐjɐ̃w̃,,,,,,,course-code::pt-conjugation verbs::ending::pt::er verbs::mood::pt::indicativo verbs::tense::pt::preterito-imperfeito verbs::unit-code::pt-conjugation::preterito-imperfeito
Crescer + imperfeito,Crescer,"<span style=""color: rgb(255, 85, 0);""><b>imperfeito</b></span>",crescia,crescias,crescia,crescíamos,cresciam,,,,,,kɾɨˈʃsiɐ,kɾɨˈʃsiɐʃ,kɾɨˈʃsiɐ,kɾɨˈʃsiɐmuʃ,kɾɨˈʃsiɐ̃w̃,,,,,,,course-code::pt-conjugation verbs::ending::pt::er verbs::mood::pt::indicativo verbs::tense::pt::preterito-imperfeito verbs::unit-code::pt-conjugation::preterito-imperfeito
Dever + imperfeito,Dever,"<span style=""color: rgb(255, 85, 0);""><b>imperfeito</b></span>",devia,devias,devia,devíamos,deviam,,,,,,dɨˈviɐ,dɨˈviɐʃ,dɨˈviɐ,dɨˈviɐmuʃ,dɨˈviɐ̃w̃,,,,,,,course-code::pt-conjugation verbs::ending::pt::er verbs::mood::pt::indicativo verbs::tense::pt::preterito-imperfeito verbs::unit-code::pt-conjugation::preterito-imperfeito
Doer + imperfeito,Doer,"<span style=""color: rgb(255, 85, 0);""><b>imperfeito</b></span>",doía,doías,doía,doíamos,doíam,,,,,,duˈiɐ,duˈiɐʃ,duˈiɐ,duˈiɐmuʃ,duˈiɐ̃w̃,,,,,,,course-code::pt-conjugation verbs::ending::pt::er verbs::mood::pt::indicativo verbs::tense::pt::preterito-imperfeito verbs::unit-code::pt-conjugation::preterito-imperfeito
Entender + imperfeito,Entender,"<span style=""color: rgb(255, 85, 0);""><b>imperfeito</b></span>",entendia,entendias,entendia,entendíamos,entendiam,,,,,,ẽtẽˈdiɐ,ẽtẽˈdiɐʃ,ẽtẽˈdiɐ,ẽtẽˈdiɐmuʃ,ẽtẽˈdiɐ̃w̃,,,,,,,course-code::pt-conjugation verbs::ending::pt::er verbs::mood::pt::indicativo verbs::tense::pt::preterito-imperfeito verbs::unit-code::pt-conjugation::preterito-imperfeito
Escolher + imperfeito,Escolher,"<span style=""color: rgb(255, 85, 0);""><b>imperfeito</b></span>",escolhia,escolhias,escolhia,escolhíamos,escolhiam,,,,,,ʃkuˈʎiɐ,ʃkuˈʎiɐʃ,ʃkuˈʎiɐ,ʃkuˈʎiɐmuʃ,ʃkuˈʎiɐ̃w̃,,,,,,,course-code::pt-conjugation verbs::ending::pt::er verbs::mood::pt::indicativo verbs::tense::pt::preterito-imperfeito verbs::unit-code::pt-conjugation::preterito-imperfeito
Escrever + imperfeito,Escrever,"<span style=""color: rgb(255, 85, 0);""><b>imperfeito</b></span>",escrevia,escrevias,escrevia,escrevíamos,escreviam,,,,,,ʃkɾɨˈviɐ,ʃkɾɨˈviɐʃ,ʃkɾɨˈviɐ,ʃkɾɨˈviɐmuʃ,ʃkɾɨˈviɐ̃w̃,,,,,,,course-code::pt-conjugation verbs::ending::pt::er verbs::mood::pt::indicativo verbs::tense::pt::preterito-imperfeito verbs::unit-code::pt-conjugation::preterito-imperfeito
Esquecer + imperfeito,Esquecer,"<span style=""color: rgb(255, 85, 0);""><b>imperfeito</b></span>",esquecia,esquecias,esquecia,esquecíamos,esqueciam,,,,,,skɨˈsiɐ,skɨˈsiɐʃ,skɨˈsiɐ,skɨˈsiɐmuʃ,skɨˈsiɐ̃w̃,,,,,,,course-code::pt-conjugation verbs::ending::pt::er verbs::mood::pt::indicativo verbs::tense::pt::preterito-imperfeito verbs::unit-code::pt-conjugation::preterito-imperfeito
Fazer + imperfeito,Fazer,"<span style=""color: rgb(255, 85, 0);""><b>imperfeito</b></span>",fazia,fazias,fazia,fazíamos,faziam,,,,,,fɐˈziɐ,fɐˈziɐʃ,fɐˈziɐ,fɐˈziɐmuʃ,fɐˈziɐ̃w̃,,,,,,,course-code::pt-conjugation verbs::ending::pt::er verbs::mood::pt::indicativo verbs::tense::pt::preterito-imperfeito verbs::unit-code::pt-conjugation::preterito-imperfeito
Ler + imperfeito,Ler,"<span style=""color: rgb(255, 85, 0);""><b>imperfeito</b></span>",lia,lias,lia,líamos,liam,,,,,,ˈliɐ,ˈliɐʃ,ˈliɐ,ˈliɐmuʃ,ˈliɐ̃w̃,,,,,,,course-code::pt-conjugation verbs::ending::pt::er verbs::mood::pt::indicativo verbs::tense::pt::preterito-imperfeito verbs::unit-code::pt-conjugation::preterito-imperfeito
Oferecer + imperfeito,Oferecer,"<span style=""color: rgb(255, 85, 0);""><b>imperfeito</b></span>",oferecia,oferecias,oferecia,oferecíamos,ofereciam,,,,,,ofɨɾɨˈsiɐ,ofɨɾɨˈsiɐʃ,ofɨɾɨˈsiɐ,ofɨɾɨˈsiɐmuʃ,ofɨɾɨˈsiɐ̃w̃,,,,,,,course-code::pt-conjugation verbs::ending::pt::er verbs::mood::pt::indicativo verbs::tense::pt::preterito-imperfeito verbs::unit-code::pt-conjugation::preterito-imperfeito
Parecer + imperfeito,Parecer,"<span style=""color: rgb(255, 85, 0);""><b>imperfeito</b></span>",parecia,parecias,parecia,parecíamos,pareciam,,,,,,pɐɾɨˈsiɐ,pɐɾɨˈsiɐʃ,pɐɾɨˈsiɐ,pɐɾɨˈsiɐmuʃ,pɐɾɨˈsiɐ̃w̃,,,,,,,course-code::pt-conjugation verbs::ending::pt::er verbs::mood::pt::indicativo verbs::tense::pt::preterito-imperfeito verbs::unit-code::pt-conjugation::preterito-imperfeito
Perceber + imperfeito,Perceber,"<span style=""color: rgb(255, 85, 0);""><b>imperfeito</b></span>",percebia,percebias,percebia,percebíamos,percebiam,,,,,,pɨɾsɨˈbiɐ,pɨɾsɨˈbiɐʃ,pɨɾsɨˈbiɐ,pɨɾsɨˈbiɐmuʃ,pɨɾsɨˈbiɐ̃w̃,,,,,,,course-code::pt-conjugation verbs::ending::pt::er verbs::mood::pt::indicativo verbs::tense::pt::preterito-imperfeito verbs::unit-code::pt-conjugation::preterito-imperfeito
Perder + imperfeito,Perder,"<span style=""color: rgb(255, 85, 0);""><b>imperfeito</b></span>",perdia,perdias,perdia,perdíamos,perdiam,,,,,,pɨɾˈdiɐ,pɨɾˈdiɐʃ,pɨɾˈdiɐ,pɨɾˈdiɐmuʃ,pɨɾˈdiɐ̃w̃,,,,,,,course-code::pt-conjugation verbs::ending::pt::er verbs::mood::pt::indicativo verbs::tense::pt::preterito-imperfeito verbs::unit-code::pt-conjugation::preterito-imperfeito
Permanecer + imperfeito,Permanecer,"<span style=""color: rgb(255, 85, 0);""><b>imperfeito</b></span>",permanecia,permanecias,permanecia,permanecíamos,permaneciam,,,,,,pɨɾmɐnɨˈsiɐ,pɨɾmɐnɨˈsiɐʃ,pɨɾmɐnɨˈsiɐ,pɨɾmɐnɨˈsiɐmuʃ,pɨɾmɐnɨˈsiɐ̃w̃,,,,,,,course-code::pt-conjugation verbs::ending::pt::er verbs::mood::pt::indicativo verbs::tense::pt::preterito-imperfeito verbs::unit-code::pt-conjugation::preterito-imperfeito
Poder + imperfeito,Poder,"<span style=""color: rgb(255, 85, 0);""><b>imperfeito</b></span>",podia,podias,podia,podíamos,podiam,,,,,,puˈdiɐ,puˈdiɐʃ,puˈdiɐ,puˈdiɐmuʃ,puˈdiɐ̃w̃,,,,,,,course-code::pt-conjugation verbs::ending::pt::er verbs::mood::pt::indicativo verbs::tense::pt::preterito-imperfeito verbs::unit-code::pt-conjugation::preterito-imperfeito
Prometer + imperfeito,Prometer,"<span style=""color: rgb(255, 85, 0);""><b>imperfeito</b></span>",prometia,prometias,prometia,prometíamos,prometiam,,,,,,pɾumɨˈtiɐ,pɾumɨˈtiɐʃ,pɾumɨˈtiɐ,pɾumɨˈtiɐmuʃ,pɾumɨˈtiɐ̃w̃,,,,,,,course-code::pt-conjugation verbs::ending::pt::er verbs::mood::pt::indicativo verbs::tense::pt::preterito-imperfeito verbs::unit-code::pt-conjugation::preterito-imperfeito
Proteger + imperfeito,Proteger,"<span style=""color: rgb(255, 85, 0);""><b>imperfeito</b></span>",protegia,protegias,protegia,protegíamos,protegiam,,,,,,pɾutɨˈʒiɐ,pɾutɨˈʒiɐʃ,pɾutɨˈʒiɐ,pɾutɨˈʒiɐmuʃ,pɾutɨˈʒiɐ̃w̃,,,,,,,course-code::pt-conjugation verbs::ending::pt::er verbs::mood::pt::indicativo verbs::tense::pt::preterito-imperfeito verbs::unit-code::pt-conjugation::preterito-imperfeito
Querer + imperfeito,Querer,"<span style=""color: rgb(255, 85, 0);""><b>imperfeito</b></span>",queria,querias,queria,queríamos,queriam,,,,,,kɨˈɾiɐ,kɨˈɾiɐʃ,kɨˈɾiɐ,kɨˈɾiɐmuʃ,kɨˈɾiɐ̃w̃,,,,,,,course-code::pt-conjugation verbs::ending::pt::er verbs::mood::pt::indicativo verbs::tense::pt::preterito-imperfeito verbs::unit-code::pt-conjugation::preterito-imperfeito
Receber + imperfeito,Receber,"<span style=""color: rgb(255, 85, 0);""><b>imperfeito</b></span>",recebia,recebias,recebia,recebíamos,recebiam,,,,,,ʁɨsɨˈbiɐ,ʁɨsɨˈbiɐʃ,ʁɨsɨˈbiɐ,ʁɨsɨˈbiɐmuʃ,ʁɨsɨˈbiɐ̃w̃,,,,,,,course-code::pt-conjugation verbs::ending::pt::er verbs::mood::pt::indicativo verbs::tense::pt::preterito-imperfeito verbs::unit-code::pt-conjugation::preterito-imperfeito
Resolver + imperfeito,Resolver,"<span style=""color: rgb(255, 85, 0);""><b>imperfeito</b></span>",resolvia,resolvias,resolvia,resolvíamos,resolviam,,,,,,ʁɨzɔɫˈviɐ,ʁɨzɔɫˈviɐʃ,ʁɨzɔɫˈviɐ,ʁɨzɔɫˈviɐmuʃ,ʁɨzɔɫˈviɐ̃w̃,,,,,,,course-code::pt-conjugation verbs::ending::pt::er verbs::mood::pt::indicativo verbs::tense::pt::preterito-imperfeito verbs::unit-code::pt-conjugation::preterito-imperfeito
Saber + imperfeito,Saber,"<span style=""color: rgb(255, 85, 0);""><b>imperfeito</b></span>",sabia,sabias,sabia,sabíamos,sabiam,,,,,,sɐˈbiɐ,sɐˈbiɐʃ,sɐˈbiɐ,sɐˈbiɐmuʃ,sɐˈbiɐ̃w̃,,,,,,,course-code::pt-conjugation verbs::ending::pt::er verbs::mood::pt::indicativo verbs::tense::pt::preterito-imperfeito verbs::unit-code::pt-conjugation::preterito-imperfeito
Trazer + imperfeito,Trazer,"<span style=""color: rgb(255, 85, 0);""><b>imperfeito</b></span>",trazia,trazias,trazia,trazíamos,traziam,,,,,,tɾɐˈziɐ,tɾɐˈziɐʃ,tɾɐˈziɐ,tɾɐˈziɐmuʃ,tɾɐˈziɐ̃w̃,,,,,,,course-code::pt-conjugation verbs::ending::pt::er verbs::mood::pt::indicativo verbs::tense::pt::preterito-imperfeito verbs::unit-code::pt-conjugation::preterito-imperfeito
Ver + imperfeito,Ver,"<span style=""color: rgb(255, 85, 0);""><b>imperfeito</b></span>",via,vias,via,víamos,viam,,,,,,ˈviɐ,ˈviɐʃ,ˈviɐ,ˈviɐmuʃ,ˈviɐ̃w̃,,,,,,,course-code::pt-conjugation verbs::ending::pt::er verbs::mood::pt::indicativo verbs::tense::pt::preterito-imperfeito verbs::unit-code::pt-conjugation::preterito-imperfeito
Viver + imperfeito,Viver,"<span style=""color: rgb(255, 85, 0);""><b>imperfeito</b></span>",vivia,vivias,vivia,vivíamos,viviam,,,,,,viˈviɐ,viˈviɐʃ,viˈviɐ,viˈviɐmuʃ,viˈviɐ̃w̃,,,,,,,course-code::pt-conjugation verbs::ending::pt::er verbs::mood::pt::indicativo verbs::tense::pt::preterito-imperfeito verbs::unit-code::pt-conjugation::preterito-imperfeito
Responder + imperfeito,Responder,"<span style=""color: rgb(255, 85, 0);""><b>imperfeito</b></span>",respondia,respondias,respondia,respondíamos,respondiam,,,,,,ʁɨʃpõˈdiɐ,ʁɨʃpõˈdiɐʃ,ʁɨʃpõˈdiɐ,ʁɨʃpõˈdiɐmuʃ,ʁɨʃpõˈdiɐ̃w̃,,,,,,,course-code::pt-conjugation verbs::ending::pt::er verbs::mood::pt::indicativo verbs::tense::pt::preterito-imperfeito verbs::unit-code::pt-conjugation::preterito-imperfeito
Caber + imperfeito,Caber,"<span style=""color: rgb(255, 85, 0);""><b>imperfeito</b></span>",cabia,cabias,cabia,cabíamos,cabiam,,,,,,kɐˈbiɐ,kɐˈbiɐʃ,kɐˈbiɐ,kɐˈbiɐmuʃ,kɐˈbiɐ̃w̃,,,,,,,course-code::pt-conjugation verbs::ending::pt::er verbs::mood::pt::indicativo verbs::tense::pt::preterito-imperfeito verbs::unit-code::pt-conjugation::preterito-imperfeito
Percorrer + imperfeito,Percorrer,"<span style=""color: rgb(255, 85, 0);""><b>imperfeito</b></span>",percorria,percorrías,percorria,percorríamos,percorriam,,,,,,pɨɾkuˈʁiɐ,pɨɾkuˈʁiɐʃ,pɨɾkuˈʁiɐ,pɨɾkuˈʁiɐmuʃ,pɨɾkuˈʁiɐ̃w̃,,,,,,,course-code::pt-conjugation verbs::ending::pt::er verbs::mood::pt::indicativo verbs::tense::pt::preterito-imperfeito verbs::unit-code::pt-conjugation::preterito-imperfeito
Chover + presente,Chover,"<span style=""color: rgb(0, 85, 255);""><b>presente</b></span>",,,chove,,,,,,,,,,/ˈʃɔvɨ/,,,,,,,,,course-code::pt-conjugation mood::pt::indicativo verbs verbs::flag::pt::impessoais verbs::mood::pt::indicativo verbs::tense::pt::presente verbs::unit-code::pt-conjugation::presente
Doer + presente,Doer,"<span style=""color: rgb(0, 85, 255);""><b>presente</b></span>",,,dói,,doem,,,,,,,,ˈdɔj,,ˈdɔɐ̃j̃,,,,,,,course-code::pt-conjugation mood::pt::indicativo course-code::pt-conjugation verbs::ending::pt::er verbs::flag::pt::impessoais verbs verbs::mood::pt::indicativo verbs::tense::pt::presente verbs::unit-code::pt-conjugation::present verbs::unit-code::pt-conjugation::presente Voc::Health
Granizar + presente,Granizar,"<span style=""color: rgb(255, 85, 0);""><b>imperfeito</b></span>",,,graniza,,,,,,,,,,/ɡɾɐˈnizɐ/,,,,,,,,,course-code::pt-conjugation mood::pt::indicativo verbs verbs::flag::pt::impessoais verbs::mood::pt::indicativo verbs::tense::pt::presente verbs::tense::pt::preterito-imperfeito verbs::topic::pt::clima verbs::unit-code::pt-conjugation::presente verbs::unit-code::pt-conjugation::preterito-imperfeito
Haver (impessoal) + presente,Haver,"<span style=""color: rgb(255, 85, 0);""><b>imperfeito</b></span>",,,há,,,,,,,,,,/ˈa/,,,,,,,,,course-code::pt-conjugation mood::pt::indicativo verbs verbs::flag::pt::impessoais verbs::mood::pt::indicativo verbs::tense::pt::presente verbs::tense::pt::preterito-imperfeito verbs::unit-code::pt-conjugation::presente verbs::unit-code::pt-conjugation::preterito-imperfeito
Nevar + presente,Nevar,"<span style=""color: rgb(255, 85, 0);""><b>imperfeito</b></span>",,,neva,,,,,,,,,,/ˈnɛvɐ/,,,,,,,,,course-code::pt-conjugation mood::pt::indicativo verbs verbs::flag::pt::impessoais verbs::mood::pt::indicativo verbs::tense::pt::presente verbs::tense::pt::preterito-imperfeito verbs::topic::pt::clima verbs::unit-code::pt-conjugation::presente verbs::unit-code::pt-conjugation::preterito-imperfeito
Relampejar + presente,Relampejar,"<span style=""color: rgb(255, 85, 0);""><b>imperfeito</b></span>",,,relampeja,,,,,,,,,,/ʁɨlɐ̃ˈpɐʒɐ/,,,,,,,,,course-code::pt-conjugation mood::pt::indicativo verbs verbs::flag::pt::impessoais verbs::mood::pt::indicativo verbs::tense::pt::presente verbs::tense::pt::preterito-imperfeito verbs::topic::pt::clima verbs::unit-code::pt-conjugation::presente verbs::unit-code::pt-conjugation::preterito-imperfeito
Trovejar + presente,Trovejar,"<span style=""color: rgb(255, 85, 0);""><b>imperfeito</b></span>",,,troveja,,,,,,,,,,/tɾuˈvɐʒɐ/,,,,,,,,,course-code::pt-conjugation mood::pt::indicativo verbs verbs::flag::pt::impessoais verbs::mood::pt::indicativo verbs::tense::pt::presente verbs::tense::pt::preterito-imperfeito verbs::topic::pt::clima verbs::unit-code::pt-conjugation::presente verbs::unit-code::pt-conjugation::preterito-imperfeito
Haver + presente,Haver,presente,hei,hás,há,hemos,hão,,,,,,/ˈɐj/,/ˈaʃ/,/ˈa/,/ˈɛmuʃ/,/ˈɐ̃w̃/,,,,,,,course-code::pt-conjugation mood::pt::indicativo verbs verbs::flag::pt::auxiliares verbs::flag::pt::impessoais verbs::mood::pt::indicativo verbs::tense::pt::presente verbs::unit-code::pt-conjugation::presente
Doer + Passado (PPS),Doer,"<span style=""color: rgb(255, 0, 0);""><b>passado (PPS)</b></span>",,,doeu,,doeram,,,,,,,,/duˈew/,,/duˈeɾɐ̃w̃/,,,,,,,course-code::pt-conjugation verbs verbs::ending::pt::er verbs::flag::pt::impessoais verbs verbs::mood::pt::indicativo verbs::tense::pt::preterito-perfeito-simples-pps verbs::unit-code::pt-conjugation::preterito-perfeito-simples-pps Voc::Health
Haver + Passado (PPS),Haver,"<span style=""color: rgb(255, 0, 0);""><b>passado (PPS)</b></span>",houve,houvesse,houve,houvemos,houvesse,,,,,,/ˈovɨ/,/oˈvesɨ/,/ˈovɨ/,/oˈvemuʃ/,/oˈvesɨ/,,,,,,,course-code::pt-conjugation verbs verbs::ending::pt::er verbs::flag::pt::auxiliares verbs::flag::pt::impessoais verbs verbs::mood::pt::indicativo verbs::tense::pt::preterito-perfeito-simples-pps verbs::unit-code::pt-conjugation::preterito-perfeito-simples-pps
Trovejar + Passado (PPS),Trovejar,"<span style=""color: rgb(255, 0, 0);""><b>passado (PPS)</b></span>",,,trovejou,,,,,,,,,,/tɾuvɨˈʒo/,,,,,,,,,course-code::pt-conjugation verbs verbs::ending::pt::ar verbs::topic::pt::clima verbs::flag::pt::impessoais verbs::mood::pt::indicativo verbs::tense::pt::preterito-perfeito-simples-pps verbs::unit-code::pt-conjugation::preterito-perfeito-simples-pps
Relampejar + Passado (PPS),Relampejar,"<span style=""color: rgb(255, 0, 0);""><b>passado (PPS)</b></span>",,,relampejou,,,,,,,,,,/ʁɨlɐ̃pɨˈʒo/,,,,,,,,,course-code::pt-conjugation verbs verbs::ending::pt::ar verbs::topic::pt::clima verbs::flag::pt::impessoais verbs::mood::pt::indicativo verbs::tense::pt::preterito-perfeito-simples-pps verbs::unit-code::pt-conjugation::preterito-perfeito-simples-pps
Nevar + Passado (PPS),Nevar,"<span style=""color: rgb(255, 0, 0);""><b>passado (PPS)</b></span>",,,nevou,,,,,,,,,,/nɨˈvo/,,,,,,,,,course-code::pt-conjugation verbs verbs::ending::pt::ar verbs::topic::pt::clima verbs::flag::pt::impessoais verbs::mood::pt::indicativo verbs::tense::pt::preterito-perfeito-simples-pps verbs::unit-code::pt-conjugation::preterito-perfeito-simples-pps
Haver (impessoal) + Passado (PPS),Haver,"<span style=""color: rgb(255, 0, 0);""><b>passado (PPS)</b></span>",,,houve,,,,,,,,,,/ˈovɨ/,,,,,,,,,course-code::pt-conjugation verbs verbs::flag::pt::auxiliares verbs::flag::pt::impessoais verbs verbs::mood::pt::indicativo verbs::tense::pt::preterito-perfeito-simples-pps verbs::unit-code::pt-conjugation::preterito-perfeito-simples-pps
Granizar + Passado (PPS),Granizar,"<span style=""color: rgb(255, 0, 0);""><b>passado (PPS)</b></span>",,,granizou,,,,,,,,,,/ɡɾɐniˈzo/,,,,,,,,,course-code::pt-conjugation verbs verbs::ending::pt::ar verbs::topic::pt::clima verbs::flag::pt::impessoais verbs::mood::pt::indicativo verbs::tense::pt::preterito-perfeito-simples-pps verbs::unit-code::pt-conjugation::preterito-perfeito-simples-pps
Chover + Passado (PPS),Chover,"<span style=""color: rgb(255, 0, 0);""><b>passado (PPS)</b></span>",,,choveu,,,,,,,,,,/ʃuˈvew/,,,,,,,,,course-code::pt-conjugation verbs verbs::ending::pt::er verbs::topic::pt::clima verbs::flag::pt::impessoais verbs::mood::pt::indicativo verbs::tense::pt::preterito-perfeito-simples-pps verbs::unit-code::pt-conjugation::preterito-perfeito-simples-pps
Procurar + Presente,Procurar,"<span style=""color: rgb(0, 85, 255);""><b>presente</b></span>",procuro,procuras,procura,procuramos,procuram,,,,,,pɾuˈkuɾu,pɾuˈkuɾɐʃ,pɾuˈkuɾɐ,pɾukuˈɾɐmuʃ,pɾuˈkuɾɐ̃w̃,,,,,,,course-code::pt-conjugation verbs::ending::pt::ar verbs::mood::pt::indicativo verbs::tense::pt::presente verbs::unit-code::pt-conjugation::present verbs::unit-code::pt-conjugation::presente
Relaxar + Presente,Relaxar,"<span style=""color: rgb(0, 85, 255);""><b>presente</b></span>",relaxo,relaxas,relaxa,relaxamos,relaxam,,,,,,ʁɨˈlaʃu,ʁɨˈlaʃɐʃ,ʁɨˈlaʃɐ,ʁɨlɐˈʃɐmuʃ,ʁɨˈlaʃɐ̃w̃,,,,,,,course-code::pt-conjugation verbs::ending::pt::ar verbs::mood::pt::indicativo verbs::tense::pt::presente verbs::unit-code::pt-conjugation::present verbs::unit-code::pt-conjugation::presente
sonhar + Presente,sonhar,"<span style=""color: rgb(0, 85, 255);""><b>presente</b></span>",sonho,sonhas,sonha,sonhamos,sonham,,,,,,ˈsɔɲu,ˈsɔɲɐʃ,ˈsɔɲɐ,suˈɲɐmuʃ,ˈsɔɲɐ̃w̃,,,,,,,course-code::pt-conjugation verbs::ending::pt::ar verbs::mood::pt::indicativo verbs::tense::pt::presente verbs::unit-code::pt-conjugation::present verbs::unit-code::pt-conjugation::presente
Adormecer + Presente,Adormecer,"<span style=""color: rgb(0, 85, 255);""><b>presente</b></span>",adormeço,adormeces,adormece,adormecemos,adormecem,,,,,,ɐduɾˈmɛsu,ɐduɾˈmɛsɨʃ,ɐduɾˈmɛsɨ,ɐduɾmɨˈsemuʃ,ɐduɾˈmɛsɐ̃j̃,,,,,,,course-code::pt-conjugation verbs::ending::pt::er verbs::mood::pt::indicativo verbs::tense::pt::presente verbs::unit-code::pt-conjugation::present verbs::unit-code::pt-conjugation::presente
utilizar + Presente,Utilizar,"<span style=""color: rgb(0, 85, 255);""><b>presente</b></span>",utilizo,utilizas,utiliza,utilizamos,utilizam,,,,,,utiˈlizu,utiˈlizɐʃ,utiˈlizɐ,utiliˈzɐmuʃ,utiˈlizɐ̃w̃,,,,,,,course-code::pt-conjugation verbs::ending::pt::ar verbs::mood::pt::indicativo verbs::tense::pt::presente verbs::unit-code::pt-conjugation::present verbs::unit-code::pt-conjugation::presente
Concordar + Presente,Concordar,"<span style=""color: rgb(0, 85, 255);""><b>Presente</b></span>",concordo,concordas,concorda,concordamos,concordam,,,,,,kõˈkɔɾdu,kõˈkɔɾdɐʃ,kõˈkɔɾdɐ,kõkuɾˈdɐmuʃ,kõˈkɔɾdɐ̃w̃,,,,,,,course-code::pt-conjugation verbs::ending::pt::ar verbs::mood::pt::indicativo verbs::tense::pt::presente verbs::unit-code::pt-conjugation::present verbs::unit-code::pt-conjugation::presente
Discordar + Presente,Discordar,"<span style=""color: rgb(0, 85, 255);""><b>Presente</b></span>",discordo,discordas,discorda,discordamos,discordam,,,,,,diˈʃkɔɾdu,diˈʃkɔɾdɐʃ,diˈʃkɔɾdɐ,diʃkuɾˈdɐmuʃ,diˈʃkɔɾdɐ̃w̃,,,,,,,course-code::pt-conjugation verbs::ending::pt::ar verbs::mood::pt::indicativo verbs::tense::pt::presente verbs::unit-code::pt-conjugation::present verbs::unit-code::pt-conjugation::presente
Pesquisar + Presente,Pesquisar,"<span style=""color: rgb(0, 85, 255);""><b>presente</b></span>",pesquiso,pesquisas,pesquisa,pesquisamos,pesquisam,,,,,,pɨsˈkizu,pɨsˈkizɐʃ,pɨsˈkizɐ,pɨskiˈzɐmuʃ,pɨsˈkizɐ̃w̃,,,,,,,course-code::pt-conjugation verbs::ending::pt::ar verbs::mood::pt::indicativo verbs::tense::pt::presente verbs::unit-code::pt-conjugation::present verbs::unit-code::pt-conjugation::presente
Para se casar + Presente,Para se casar,"<span style=""color: rgb(255, 85, 0);""><b>imperfeito</b></span>",para me casar,para te casar,para se casar,para nos casarmos,para se casarem,,,,,,pɐɾɐ ˈmɛ kɐˈzaɾ,pɐɾɐ ˈtɛ kɐˈzaɾ,pɐɾɐ sɨ kɐˈzaɾ,pɐɾɐ ˈnɔʃ kɐˈzaɾmuʃ,pɐɾɐ sɨ kɐˈzaɾɐ̃j̃,,,,,,,course-code::pt-conjugation verbs::ending::pt::ar verbs::mood::pt::indicativo verbs::tense::pt::presente verbs::tense::pt::preterito-imperfeito verbs::unit-code::pt-conjugation::present verbs::unit-code::pt-conjugation::presente verbs::unit-code::pt-conjugation::preterito-imperfeito
Melhorar + Passado (PPS),Melhorar,"<span style=""color: rgb(255, 0, 0);""><b>passado (PPS)</b></span>",melhorei,melhoraste,melhorou,melhorámos,melhoraram,,,,,,/mɨʎuˈɾɐj/,/mɨʎuˈɾaʃtɨ/,/mɨʎuˈɾo/,/mɨʎuˈɾamuʃ/,/mɨʎuˈɾaɾɐ̃w̃/,,,,,,,course-code::pt-conjugation verbs verbs::ending::pt::ar verbs::mood::pt::indicativo verbs::tense::pt::preterito-perfeito-simples-pps verbs::unit-code::pt-conjugation::preterito-perfeito-simples-pps Voc::My_Choice
Aposentar-se + Passado (PPS),Aposentar-se,"<span style=""color: rgb(255, 0, 0);""><b>passado (PPS)</b></span>",aposentei-me,aposentaste-te,aposentou-se,aposentámo-nos,aposentaram-se,,,,,,/ɐpuzẽˈtɐjmɨ/,/ɐpuzẽtɐˈʃtɛtɨ/,/ɐpuzẽˈtosɨ/,/ɐpuzẽˈtamunuʃ/,/ɐpuzẽtɐˈɾɐ̃sɨ/,,,,,,,course-code::pt-conjugation verbs verbs::ending::pt::ar verbs::mood::pt::indicativo verbs::tense::pt::preterito-perfeito-simples-pps verbs::unit-code::pt-conjugation::preterito-perfeito-simples-pps
Sair + Passado (PPS),Sair,"<span style=""color: rgb(255, 0, 0);""><b>passado (PPS)</b></span>",saí,saíste,saiu,saímos,saíram,,,,,,/sɐˈi/,/sɐˈiʃtɨ/,/ˈsajw/,/sɐˈimuʃ/,/sɐˈiɾɐ̃w̃/,,,,,,,course-code::pt-conjugation verbs::flag::pt::irregulares verbs::mood::pt::indicativo verbs::tense::pt::preterito-perfeito-simples-pps verbs::unit-code::pt-conjugation::preterito-perfeito-simples-pps
Utilizar + Passado (PPS),Utilizar,"<span style=""color: rgb(255, 0, 0);""><b>passado (PPS)</b></span>",utilizei,utilizaste,utilizou,utilizámos,utilizaram,,,,,,/utiliˈzɐj/,/utiliˈzaʃtɨ/,/utiliˈzo/,/utiliˈzamuʃ/,/utiliˈzaɾɐ̃w̃/,,,,,,,course-code::pt-conjugation verbs verbs::ending::pt::ar verbs::mood::pt::indicativo verbs::tense::pt::preterito-perfeito-simples-pps verbs::unit-code::pt-conjugation::preterito-perfeito-simples-pps Voc::My_Choice
Concordar com + Passado (PPS),Concordar (com),"<span style=""color: rgb(255, 0, 0);""><b>passado (PPS)</b></span>",concordei,concordaste,concordou,concordámos,concordaram,,,,,,kõkuɾˈdɐj,kõkuɾˈdaʃtɨ,kõkuɾˈdo,kõkuɾˈdamuʃ,kõkuɾˈdaɾɐ̃w̃,,,,,,,course-code::pt-conjugation verbs verbs::ending::pt::ar verbs::mood::pt::indicativo verbs::tense::pt::preterito-perfeito-simples-pps verbs::unit-code::pt-conjugation::preterito-perfeito-simples-pps
Discordar de + Passado (PPS),Discordar de,"<span style=""color: rgb(255, 0, 0);""><b>passado (PPS)</b></span>",discordei,discordaste,discordou,discordámos,discordaram,,,,,,/diʃkuɾˈdɐj/,/diʃkuɾˈdaʃtɨ/,/diʃkuɾˈdo/,/diʃkuɾˈdamuʃ/,/diʃkuɾˈdaɾɐ̃w̃/,,,,,,,course-code::pt-conjugation verbs verbs::ending::pt::ar verbs::mood::pt::indicativo verbs::tense::pt::preterito-perfeito-simples-pps verbs::unit-code::pt-conjugation::preterito-perfeito-simples-pps Voc::My_Choice
Revelar + Passado (PPS),Revelar,"<span style=""color: rgb(255, 0, 0);""><b>passado (PPS)</b></span>",revelei,revelaste,revelou,revelámos,revelaram,,,,,,/ʁɨvɨˈlɐj/,/ʁɨvɨˈlaʃtɨ/,/ʁɨvɨˈlo/,/ʁɨvɨˈlamuʃ/,/ʁɨvɨˈlaɾɐ̃w̃/,,,,,,,course-code::pt-conjugation verbs verbs::ending::pt::ar verbs::mood::pt::indicativo verbs::tense::pt::preterito-perfeito-simples-pps verbs::unit-code::pt-conjugation::preterito-perfeito-simples-pps Voc::My_Choice
Estrangular + Passado (PPS),Estrangular,"<span style=""color: rgb(255, 0, 0);""><b>passado (PPS)</b></span>",estrangulei,estrangulaste,estrangulou,estrangulámos,estrangularam,,,,,,/ʃtɾɐ̃ɡuˈlɐj/,/ʃtɾɐ̃ɡuˈlaʃtɨ/,/ʃtɾɐ̃ɡuˈlo/,/ʃtɾɐ̃ɡuˈlamuʃ/,/ʃtɾɐ̃ɡuˈlaɾɐ̃w̃/,,,,,,,course-code::pt-conjugation verbs verbs::ending::pt::ar verbs::mood::pt::indicativo verbs::tense::pt::preterito-perfeito-simples-pps verbs::unit-code::pt-conjugation::preterito-perfeito-simples-pps Voc::My_Choice
Mandar + Passado (PPS),Mandar,"<span style=""color: rgb(255, 0, 0);""><b>passado (PPS)</b></span>",mandei,mandaste,mandou,mandámos,mandaram,,,,,,/mɐ̃ˈdɐj/,/mɐ̃ˈdaʃtɨ/,/mɐ̃ˈdo/,/mɐ̃ˈdamuʃ/,/mɐ̃ˈdaɾɐ̃w̃/,,,,,,,course-code::pt-conjugation verbs verbs::ending::pt::ar verbs::mood::pt::indicativo verbs::tense::pt::preterito-perfeito-simples-pps verbs::unit-code::pt-conjugation::preterito-perfeito-simples-pps Voc::My_Choice
Precisar + Passado (PPS),Precisar,"<span style=""color: rgb(255, 0, 0);""><b>passado (PPS)</b></span>",precisei,precisaste,precisou,precisámos,precisaram,,,,,,/pɾɨsiˈzɐj/,/pɾɨsiˈzaʃtɨ/,/pɾɨsiˈzo/,/pɾɨsiˈzamuʃ/,/pɾɨsiˈzaɾɐ̃w̃/,,,,,,,course-code::pt-conjugation verbs verbs::ending::pt::ar verbs::mood::pt::indicativo verbs::tense::pt::preterito-perfeito-simples-pps verbs::unit-code::pt-conjugation::preterito-perfeito-simples-pps Voc::My_Choice
Procurar + Passado (PPS),Procurar,"<span style=""color: rgb(255, 0, 0);""><b>passado (PPS)</b></span>",procurei,procuraste,procurou,procuramos,procuraram,,,,,,/pɾukuˈɾɐj/,/pɾukuˈɾaʃtɨ/,/pɾukuˈɾo/,/pɾukuˈɾɐmuʃ/,/pɾukuˈɾaɾɐ̃w̃/,,,,,,,arreglar course-code::pt-conjugation verbs verbs::ending::pt::ar verbs::mood::pt::indicativo verbs::tense::pt::preterito-perfeito-simples-pps verbs::unit-code::pt-conjugation::preterito-perfeito-simples-pps Voc::My_Choice
Relaxar + Passado (PPS),Relaxar,"<span style=""color: rgb(255, 0, 0);""><b>passado (PPS)</b></span>",relaxei,relaxaste,relaxou,relaxamos,relaxaram,,,,,,/ʁɨlɐˈʃɐj/,/ʁɨlɐˈʃaʃtɨ/,/ʁɨlɐˈʃo/,/ʁɨlɐˈʃɐmuʃ/,/ʁɨlɐˈʃaɾɐ̃w̃/,,,,,,,course-code::pt-conjugation verbs verbs::ending::pt::ar verbs::mood::pt::indicativo verbs::tense::pt::preterito-perfeito-simples-pps verbs::unit-code::pt-conjugation::preterito-perfeito-simples-pps Voc::My_Choice
Sonhar + Passado (PPS),Sonhar,"<span style=""color: rgb(255, 0, 0);""><b>passado (PPS)</b></span>",sonhei,sonhaste,sonhou,sonhamos,sonharam,,,,,,/suˈɲɐj/,/suˈɲaʃtɨ/,/suˈɲo/,/suˈɲɐmuʃ/,/suˈɲaɾɐ̃w̃/,,,,,,,course-code::pt-conjugation verbs verbs::ending::pt::ar verbs::mood::pt::indicativo verbs::tense::pt::preterito-perfeito-simples-pps verbs::unit-code::pt-conjugation::preterito-perfeito-simples-pps Voc::My_Choice
Adormecer + Passado (PPS),Adormecer,"<span style=""color: rgb(255, 0, 0);""><b>passado (PPS)</b></span>",adormeci,adormeceste,adormeceu,adormecemos,adormeceram,,,,,,/ɐduɾmɨˈsi/,/ɐduɾmɨˈseʃtɨ/,/ɐduɾmɨˈsew/,/ɐduɾmɨˈsemuʃ/,/ɐduɾmɨˈseɾɐ̃w̃/,,,,,,,course-code::pt-conjugation verbs verbs::ending::pt::er verbs::mood::pt::indicativo verbs::tense::pt::preterito-perfeito-simples-pps verbs::unit-code::pt-conjugation::preterito-perfeito-simples-pps Voc::My_Choice
Abrir + participio,Abrir,"<span style=""color: rgb(134, 53, 255);""><b>Participio</b></span>",,,aberto,,,,,,,,,,/ɐˈbɛɾtu/,,,,,,,,,course-code::pt-conjugation course-code::pt-conjugation verbs::flag::pt::irregulares verbs::mood::pt::forma-nominal verbs::flag::pt::irregulares verbs::tense::pt::participio verbs::unit-code::pt-conjugation::participio
Fazer + participio,Fazer,"<span style=""color: rgb(134, 53, 255);""><b>Participio</b></span>",,,feito,,,,,,,,,,/ˈfɐjtu/,,,,,,,,,course-code::pt-conjugation course-code::pt-conjugation verbs::flag::pt::irregulares verbs::mood::pt::forma-nominal verbs::flag::pt::irregulares verbs::tense::pt::participio verbs::unit-code::pt-conjugation::participio
Abrir + Mais-que-Perfeito,Abrir,"<b><span style=""color: rgb(255, 85, 0);"">Mais-que-Perfeito</span> + <span style=""color: rgb(0, 85, 255);"">Ter</span></b>",tinha aberto,tinhas aberto,tinha aberto,tínhamos aberto,tinham aberto,,,,,,/ˈtiɲɐ ɐˈbɛɾtu/,/ˈtiɲɐz ɐˈbɛɾtu/,/ˈtiɲɐz ɐˈbɛɾtu/,/ˈtiɲɐmuz ɐˈbɛɾtu/,/ˈtiɲɐ̃w̃ ɐˈbɛɾtu/,,,,,,,course-code::pt-conjugation verbs::ending::pt::ir verbs verbs::ending::pt::ir verbs::mood::pt::indicativo verbs::tense::pt::mais-que-perfeito verbs::unit-code::pt-conjugation::mais-que-perfeito
Descobrir + Mais-que-Perfeito,Descobrir,"<b><span style=""color: rgb(255, 85, 0);"">Mais-que-Perfeito</span> + <span style=""color: rgb(0, 85, 255);"">Ter</span></b>",tinha descoberto,tinhas descoberto,tinha descoberto,tínhamos descoberto,tinham descoberto,,,,,,/ˈtiɲɐ dɨʃkuˈbɛɾtu/,/ˈtiɲɐʒ dɨʃkuˈbɛɾtu/,/ˈtiɲɐʒ dɨʃkuˈbɛɾtu/,/ˈtiɲɐmuʒ dɨʃkuˈbɛɾtu/,/ˈtiɲɐ̃w̃ dɨʃkuˈbɛɾtu/,,,,,,,course-code::pt-conjugation verbs::ending::pt::ir verbs::flag::pt::irregulares verbs::flag::pt::irregulares-ter verbs verbs::ending::pt::ir verbs::mood::pt::indicativo verbs::tense::pt::mais-que-perfeito verbs::unit-code::pt-conjugation::mais-que-perfeito
Dizer + Mais-que-Perfeito,Dizer,"<b><span style=""color: rgb(255, 85, 0);"">Mais-que-Perfeito</span></b>",tinha dito,tinhas dito,tinha dito,tínhamos dito,tinham dito,,,,,,/ˈtiɲɐ ˈditu/,/ˈtiɲɐʒ ˈditu/,/ˈtiɲɐʒ ˈditu/,/ˈtiɲɐmuʒ ˈditu/,/ˈtiɲɐ̃w̃ ˈditu/,,,,,,,course-code::pt-conjugation verbs::flag::pt::irregulares verbs::flag::pt::irregulares-ter verbs verbs::ending::pt::ar verbs::ending::pt::er verbs::mood::pt::indicativo verbs::tense::pt::mais-que-perfeito verbs::unit-code::pt-conjugation::mais-que-perfeito
Escrever + Mais-que-Perfeito,Escrever,"<b><span style=""color: rgb(255, 85, 0);"">Mais-que-Perfeito</span></b>",tinha escrito,tinhas escrito,tinha escrito,tínhamos escrito,tinham escrito,,,,,,/ˈtiɲɐ ʃˈkɾitu/,/ˈtiɲɐʃ ʃˈkɾitu/,/ˈtiɲɐʃ ʃˈkɾitu/,/ˈtiɲɐmuʃ ʃˈkɾitu/,/ˈtiɲɐ̃w̃ ʃˈkɾitu/,,,,,,,course-code::pt-conjugation verbs::ending::pt::er verbs::ending::pt::er verbs::mood::pt::indicativo verbs::tense::pt::mais-que-perfeito verbs::unit-code::pt-conjugation::mais-que-perfeito
Fazer + Mais-que-Perfeito,Fazer,"<b><span style=""color: rgb(255, 85, 0);"">Mais-que-Perfeito</span></b>",tinha feito,tinhas feito,tinha feito,tínhamos feito,tinham feito,,,,,,/ˈtiɲɐ ˈfɐjtu/,/ˈtiɲɐʃ ˈfɐjtu/,/ˈtiɲɐʃ ˈfɐjtu/,/ˈtiɲɐmuʃ ˈfɐjtu/,/ˈtiɲɐ̃w̃ ˈfɐjtu/,,,,,,,course-code::pt-conjugation verbs::flag::pt::irregulares verbs::flag::pt::irregulares-ter verbs::ending::pt::ar verbs::ending::pt::er verbs::mood::pt::indicativo verbs::tense::pt::mais-que-perfeito verbs::unit-code::pt-conjugation::mais-que-perfeito
Ganhar + Mais-que-Perfeito,Ganhar,"<b><span style=""color: rgb(255, 85, 0);"">Mais-que-Perfeito</span> + <span style=""color: rgb(0, 85, 255);"">Ter</span></b>",tinha ganho,tinhas ganho,tinha ganho,tínhamos ganho,tinham ganho,,,,,,/ˈtiɲɐ ˈɡɐɲu/,/ˈtiɲɐʒ ˈɡɐɲu/,/ˈtiɲɐʒ ˈɡɐɲu/,/ˈtiɲɐmuʒ ˈɡɐɲu/,/ˈtiɲɐ̃w̃ ˈɡɐɲu/,,,,,,,course-code::pt-conjugation verbs::flag::pt::irregulares verbs::flag::pt::irregulares-ter verbs verbs::ending::pt::ar verbs::mood::pt::indicativo verbs::tense::pt::mais-que-perfeito verbs::unit-code::pt-conjugation::mais-que-perfeito
Gastar + Mais-que-Perfeito,Gastar,"<b><span style=""color: rgb(255, 85, 0);"">Mais-que-Perfeito</span> + <span style=""color: rgb(0, 85, 255);"">Ter</span></b>",tinha <s>gastado</s> gasto,tinhas <s>gastado</s> gasto,tinha <s>gastado</s> gasto,tínhamos <s>gastado</s> gasto,tinham <s>gastado</s> gasto,,,,,,/ˈtiɲɐ ˈɡaʃtu/,/ˈtiɲɐʒ ˈɡaʃtu/,/ˈtiɲɐʒ ˈɡaʃtu/,/ˈtiɲɐmuʒ ˈɡaʃtu/,/ˈtiɲɐ̃w̃ ˈɡaʃtu/,,,,,,,course-code::pt-conjugation verbs::flag::pt::irregulares verbs::flag::pt::irregulares-ter verbs verbs::ending::pt::ar verbs::mood::pt::indicativo verbs::tense::pt::mais-que-perfeito verbs::unit-code::pt-conjugation::mais-que-perfeito
Limpar + Mais-que-Perfeito,Limpar,"<b><span style=""color: rgb(255, 85, 0);"">Mais-que-Perfeito</span> + <span style=""color: rgb(0, 85, 255);"">Ter</span></b>",tinha limpo,tinhas limpo,tinha limpo,tínhamos limpo,tinham limpo,,,,,,/ˈtiɲɐ ˈlĩpu/,/ˈtiɲɐʒ ˈlĩpu/,/ˈtiɲɐʒ ˈlĩpu/,/ˈtiɲɐmuʒ ˈlĩpu/,/ˈtiɲɐ̃w̃ ˈlĩpu/,,,,,,,course-code::pt-conjugation verbs::flag::pt::irregulares verbs::flag::pt::irregulares-ter verbs verbs::ending::pt::ar verbs::mood::pt::indicativo verbs::tense::pt::mais-que-perfeito verbs::unit-code::pt-conjugation::mais-que-perfeito
Pagar + Mais-que-Perfeito,Pagar,"<b><span style=""color: rgb(255, 85, 0);"">Mais-que-Perfeito</span> + <span style=""color: rgb(0, 85, 255);"">Ter</span></b>",tinha pago,tinhas pago,tinha pago,tínhamos pago,tinham pago,,,,,,/ˈtiɲɐ ˈpaɡu/,/ˈtiɲɐʃ ˈpaɡu/,/ˈtiɲɐʃ ˈpaɡu/,/ˈtiɲɐmuʃ ˈpaɡu/,/ˈtiɲɐ̃w̃ ˈpaɡu/,,,,,,,course-code::pt-conjugation verbs::flag::pt::irregulares verbs::flag::pt::irregulares-ter verbs verbs::ending::pt::ar verbs::mood::pt::indicativo verbs::tense::pt::mais-que-perfeito verbs::unit-code::pt-conjugation::mais-que-perfeito
Pôr + Mais-que-Perfeito,Pôr,"<b><span style=""color: rgb(255, 85, 0);"">Mais-que-Perfeito</span></b>",tinha posto,tinhas posto,tinha posto,tínhamos posto,tinham posto,,,,,,/ˈtiɲɐ ˈpɔʃtu/,/ˈtiɲɐʃ ˈpɔʃtu/,/ˈtiɲɐʃ ˈpɔʃtu/,/ˈtiɲɐmuʃ ˈpɔʃtu/,/ˈtiɲɐ̃w̃ ˈpɔʃtu/,,,,,,,course-code::pt-conjugation verbs::flag::pt::irregulares verbs::flag::pt::irregulares-ter verbs::ending::pt::ar verbs::ending::pt::or verbs::mood::pt::indicativo verbs::tense::pt::mais-que-perfeito verbs::unit-code::pt-conjugation::mais-que-perfeito
Ver + Mais-que-Perfeito,Ver,"<b><span style=""color: rgb(255, 85, 0);"">Mais-que-Perfeito</span></b>",tinha visto,tinhas visto,tinha visto,tínhamos visto,tinham visto,,,,,,/ˈtiɲɐ ˈviʃtu/,/ˈtiɲɐʒ ˈviʃtu/,/ˈtiɲɐʒ ˈviʃtu/,/ˈtiɲɐmuʒ ˈviʃtu/,/ˈtiɲɐ̃w̃ ˈviʃtu/,,,,,,,course-code::pt-conjugation verbs::flag::pt::irregulares verbs::flag::pt::irregulares-ter verbs::ending::pt::ar verbs::ending::pt::er verbs::mood::pt::indicativo verbs::tense::pt::mais-que-perfeito verbs::unit-code::pt-conjugation::mais-que-perfeito
Vir + Mais-que-Perfeito,Vir,"<b><span style=""color: rgb(255, 85, 0);"">Mais-que-Perfeito</span> + <span style=""color: rgb(0, 85, 255);"">Ter</span></b>",tinha vindo,tinhas vindo,tinha vindo,tínhamos vindo,tinham vindo,,,,,,/ˈtiɲɐ ˈvĩdu/,/ˈtiɲɐʒ ˈvĩdu/,/ˈtiɲɐʒ ˈvĩdu/,/ˈtiɲɐmuʒ ˈvĩdu/,/ˈtiɲɐ̃w̃ ˈvĩdu/,,,,,,,course-code::pt-conjugation verbs::flag::pt::irregulares verbs::flag::pt::irregulares-ter verbs verbs::ending::pt::ar verbs::ending::pt::ir verbs::mood::pt::indicativo verbs::tense::pt::mais-que-perfeito verbs::unit-code::pt-conjugation::mais-que-perfeito
Amar + Mais-que-Perfeito,Amar,"<b><span style=""color: rgb(255, 85, 0);"">Mais-que-Perfeito</span> + <span style=""color: rgb(0, 85, 255);"">Ter</span></b>",tinha amado,tinhas amado,tinha amado,tínhamos amado,tinham amado,,,,,,/ˈtiɲɐ ɐˈmadu/,/ˈtiɲɐz ɐˈmadu/,/ˈtiɲɐz ɐˈmadu/,/ˈtiɲɐmuz ɐˈmadu/,/ˈtiɲɐ̃w̃ ɐˈmadu/,,,,,,,course-code::pt-conjugation verbs::ending::pt::ar verbs verbs::ending::pt::ar verbs::mood::pt::indicativo verbs::tense::pt::mais-que-perfeito verbs::unit-code::pt-conjugation::mais-que-perfeito
Andar + Mais-que-Perfeito,Andar,"<b><span style=""color: rgb(255, 85, 0);"">Mais-que-Perfeito</span> + <span style=""color: rgb(0, 85, 255);"">Ter</span></b>",tinha andado,tinhas andado,tinha andado,tínhamos andado,tinham andado,,,,,,/ˈtiɲɐ ɐ̃ˈdadu/,/ˈtiɲɐz ɐ̃ˈdadu/,/ˈtiɲɐz ɐ̃ˈdadu/,/ˈtiɲɐmuz ɐ̃ˈdadu/,/ˈtiɲɐ̃w̃ ɐ̃ˈdadu/,,,,,,,course-code::pt-conjugation verbs::ending::pt::ar verbs verbs::ending::pt::ar verbs::mood::pt::indicativo verbs::tense::pt::mais-que-perfeito verbs::unit-code::pt-conjugation::mais-que-perfeito
Ajudar + Mais-que-Perfeito,Ajudar,"<b><span style=""color: rgb(255, 85, 0);"">Mais-que-Perfeito</span> + <span style=""color: rgb(0, 85, 255);"">Ter</span></b>",tinha ajudado,tinhas ajudado,tinha ajudado,tínhamos ajudado,tinham ajudado,,,,,,/ˈtiɲɐ ɐʒuˈdadu/,/ˈtiɲɐz ɐʒuˈdadu/,/ˈtiɲɐz ɐʒuˈdadu/,/ˈtiɲɐmuz ɐʒuˈdadu/,/ˈtiɲɐ̃w̃ ɐʒuˈdadu/,,,,,,,course-code::pt-conjugation verbs::ending::pt::ar verbs verbs::ending::pt::ar verbs::mood::pt::indicativo verbs::tense::pt::mais-que-perfeito verbs::unit-code::pt-conjugation::mais-que-perfeito
Arrumar + Mais-que-Perfeito,Arrumar,"<b><span style=""color: rgb(255, 85, 0);"">Mais-que-Perfeito</span></b>",tinha arrumado,tinhas arrumado,tinha arrumado,tínhamos arrumado,tinham arrumado,,,,,,/ˈtiɲɐ ɐʁuˈmadu/,/ˈtiɲɐz ɐʁuˈmadu/,/ˈtiɲɐz ɐʁuˈmadu/,/ˈtiɲɐmuz ɐʁuˈmadu/,/ˈtiɲɐ̃w̃ ɐʁuˈmadu/,,,,,,,course-code::pt-conjugation verbs::ending::pt::ar verbs verbs::ending::pt::ar verbs::mood::pt::indicativo verbs::tense::pt::mais-que-perfeito verbs::unit-code::pt-conjugation::mais-que-perfeito
Cantar + Mais-que-Perfeito,Cantar,"<b><span style=""color: rgb(255, 85, 0);"">Mais-que-Perfeito</span> + <span style=""color: rgb(0, 85, 255);"">Ter</span></b>",tinha cantado,tinhas cantado,tinha cantado,tínhamos cantado,tinham cantado,,,,,,/ˈtiɲɐ kɐ̃ˈtadu/,/ˈtiɲɐʃ kɐ̃ˈtadu/,/ˈtiɲɐʃ kɐ̃ˈtadu/,/ˈtiɲɐmuʃ kɐ̃ˈtadu/,/ˈtiɲɐ̃w̃ kɐ̃ˈtadu/,,,,,,,course-code::pt-conjugation verbs::ending::pt::ar verbs verbs::ending::pt::ar verbs::mood::pt::indicativo verbs::tense::pt::mais-que-perfeito verbs::unit-code::pt-conjugation::mais-que-perfeito
Chamar + Mais-que-Perfeito,Chamar,"<b><span style=""color: rgb(255, 85, 0);"">Mais-que-Perfeito</span> + <span style=""color: rgb(0, 85, 255);"">Ter</span></b>",tinha chamado,tinhas chamado,tinha chamado,tínhamos chamado,tinham chamado,,,,,,/ˈtiɲɐ ʃɐˈmadu/,/ˈtiɲɐʃ ʃɐˈmadu/,/ˈtiɲɐʃ ʃɐˈmadu/,/ˈtiɲɐmuʃ ʃɐˈmadu/,/ˈtiɲɐ̃w̃ ʃɐˈmadu/,,,,,,,course-code::pt-conjugation verbs::ending::pt::ar verbs verbs::ending::pt::ar verbs::mood::pt::indicativo verbs::tense::pt::mais-que-perfeito verbs::unit-code::pt-conjugation::mais-que-perfeito
Chegar + Mais-que-Perfeito,Chegar,"<b><span style=""color: rgb(255, 85, 0);"">Mais-que-Perfeito</span> + <span style=""color: rgb(0, 85, 255);"">Ter</span></b>",tinha chegado,tinhas chegado,tinha chegado,tínhamos chegado,tinham chegado,,,,,,/ˈtiɲɐ ʃɨˈɡadu/,/ˈtiɲɐʃ ʃɨˈɡadu/,/ˈtiɲɐʃ ʃɨˈɡadu/,/ˈtiɲɐmuʃ ʃɨˈɡadu/,/ˈtiɲɐ̃w̃ ʃɨˈɡadu/,,,,,,,course-code::pt-conjugation verbs::ending::pt::ar verbs verbs::ending::pt::ar verbs::mood::pt::indicativo verbs::tense::pt::mais-que-perfeito verbs::unit-code::pt-conjugation::mais-que-perfeito
Comprar + Mais-que-Perfeito,Comprar,"<b><span style=""color: rgb(255, 85, 0);"">Mais-que-Perfeito</span></b>",tinha comprado,tinhas comprado,tinha comprado,tínhamos comprado,tinham comprado,,,,,,/ˈtiɲɐ kõˈpɾadu/,/ˈtiɲɐʃ kõˈpɾadu/,/ˈtiɲɐʃ kõˈpɾadu/,/ˈtiɲɐmuʃ kõˈpɾadu/,/ˈtiɲɐ̃w̃ kõˈpɾadu/,,,,,,,course-code::pt-conjugation verbs::ending::pt::ar verbs::ending::pt::ar verbs::mood::pt::indicativo verbs::tense::pt::mais-que-perfeito verbs::unit-code::pt-conjugation::mais-que-perfeito
Começar + Mais-que-Perfeito,Começar,"<b><span style=""color: rgb(255, 85, 0);"">Mais-que-Perfeito</span> + <span style=""color: rgb(0, 85, 255);"">Ter</span></b>",tinha começado,tinhas começado,tinha começado,tínhamos começado,tinham começado,,,,,,/ˈtiɲɐ kumɨˈsadu/,/ˈtiɲɐʃ kumɨˈsadu/,/ˈtiɲɐʃ kumɨˈsadu/,/ˈtiɲɐmuʃ kumɨˈsadu/,/ˈtiɲɐ̃w̃ kumɨˈsadu/,,,,,,,course-code::pt-conjugation verbs::ending::pt::ar verbs verbs::ending::pt::ar verbs::mood::pt::indicativo verbs::tense::pt::mais-que-perfeito verbs::unit-code::pt-conjugation::mais-que-perfeito
Conversar + Mais-que-Perfeito,Conversar,"<b><span style=""color: rgb(255, 85, 0);"">Mais-que-Perfeito</span></b>",tinha conversado,tinhas conversado,tinha conversado,tínhamos conversado,tinham conversado,,,,,,/ˈtiɲɐ kõvɨɾˈsadu/,/ˈtiɲɐʃ kõvɨɾˈsadu/,/ˈtiɲɐʃ kõvɨɾˈsadu/,/ˈtiɲɐmuʃ kõvɨɾˈsadu/,/ˈtiɲɐ̃w̃ kõvɨɾˈsadu/,,,,,,,course-code::pt-conjugation verbs::ending::pt::ar verbs verbs::ending::pt::ar verbs::mood::pt::indicativo verbs::tense::pt::mais-que-perfeito verbs::unit-code::pt-conjugation::mais-que-perfeito
Dançar + Mais-que-Perfeito,Dançar,"<b><span style=""color: rgb(255, 85, 0);"">Mais-que-Perfeito</span> + <span style=""color: rgb(0, 85, 255);"">Ter</span></b>",tinha dançado,tinhas dançado,tinha dançado,tínhamos dançado,tinham dançado,,,,,,/ˈtiɲɐ dɐ̃ˈsadu/,/ˈtiɲɐʒ dɐ̃ˈsadu/,/ˈtiɲɐʒ dɐ̃ˈsadu/,/ˈtiɲɐmuʒ dɐ̃ˈsadu/,/ˈtiɲɐ̃w̃ dɐ̃ˈsadu/,,,,,,,course-code::pt-conjugation verbs::ending::pt::ar verbs verbs::ending::pt::ar verbs::mood::pt::indicativo verbs::tense::pt::mais-que-perfeito verbs::unit-code::pt-conjugation::mais-que-perfeito
Encontrar + Mais-que-Perfeito,Encontrar,"<b><span style=""color: rgb(255, 85, 0);"">Mais-que-Perfeito</span> + <span style=""color: rgb(0, 85, 255);"">Ter</span></b>",tinha encontrado,tinhas encontrado,tinha encontrado,tínhamos encontrado,tinham encontrado,,,,,,/ˈtiɲɐ ẽkõˈtɾadu/,/ˈtiɲɐʃ ẽkõˈtɾadu/,/ˈtiɲɐʃ ẽkõˈtɾadu/,/ˈtiɲɐmuʃ ẽkõˈtɾadu/,/ˈtiɲɐ̃w̃ ẽkõˈtɾadu/,,,,,,,course-code::pt-conjugation verbs::ending::pt::ar verbs verbs::ending::pt::ar verbs::mood::pt::indicativo verbs::tense::pt::mais-que-perfeito verbs::unit-code::pt-conjugation::mais-que-perfeito
Estudar + Mais-que-Perfeito,Estudar,"<b><span style=""color: rgb(255, 85, 0);"">Mais-que-Perfeito</span> + <span style=""color: rgb(0, 85, 255);"">Ter</span></b>",tinha estudado,tinhas estudado,tinha estudado,tínhamos estudado,tinham estudado,,,,,,/ˈtiɲɐ ʃtuˈdadu/,/ˈtiɲɐʃ ʃtuˈdadu/,/ˈtiɲɐʃ ʃtuˈdadu/,/ˈtiɲɐmuʃ ʃtuˈdadu/,/ˈtiɲɐ̃w̃ ʃtuˈdadu/,,,,,,,course-code::pt-conjugation verbs::ending::pt::ar verbs verbs::ending::pt::ar verbs::mood::pt::indicativo verbs::tense::pt::mais-que-perfeito verbs::unit-code::pt-conjugation::mais-que-perfeito
Falar + Mais-que-Perfeito,Falar,"<b><span style=""color: rgb(255, 85, 0);"">Mais-que-Perfeito</span> + <span style=""color: rgb(0, 85, 255);"">Ter</span></b>",tinha falado,tinhas falado,tinha falado,tínhamos falado,tinham falado,,,,,,/ˈtiɲɐ fɐˈladu/,/ˈtiɲɐʃ fɐˈladu/,/ˈtiɲɐʃ fɐˈladu/,/ˈtiɲɐmuʃ fɐˈladu/,/ˈtiɲɐ̃w̃ fɐˈladu/,,,,,,,course-code::pt-conjugation verbs::ending::pt::ar verbs verbs::ending::pt::ar verbs::mood::pt::indicativo verbs::tense::pt::mais-que-perfeito verbs::unit-code::pt-conjugation::mais-que-perfeito
Gostar + Mais-que-Perfeito,Gostar,"<b><span style=""color: rgb(255, 85, 0);"">Mais-que-Perfeito</span> + <span style=""color: rgb(0, 85, 255);"">Ter</span></b>",tinha gostado,tinhas gostado,tinha gostado,tínhamos gostado,tinham gostado,,,,,,/ˈtiɲɐ ɡuˈʃtadu/,/ˈtiɲɐʒ ɡuˈʃtadu/,/ˈtiɲɐʒ ɡuˈʃtadu/,/ˈtiɲɐmuʒ ɡuˈʃtadu/,/ˈtiɲɐ̃w̃ ɡuˈʃtadu/,,,,,,,course-code::pt-conjugation verbs::ending::pt::ar verbs verbs::ending::pt::ar verbs::mood::pt::indicativo verbs::tense::pt::mais-que-perfeito verbs::unit-code::pt-conjugation::mais-que-perfeito
Lembrar + Mais-que-Perfeito,Lembrar,"<b><span style=""color: rgb(255, 85, 0);"">Mais-que-Perfeito</span> + <span style=""color: rgb(0, 85, 255);"">Ter</span></b>",tinha lembrado,tinhas lembrado,tinha lembrado,tínhamos lembrado,tinham lembrado,,,,,,/ˈtiɲɐ lẽˈbɾadu/,/ˈtiɲɐʒ lẽˈbɾadu/,/ˈtiɲɐʒ lẽˈbɾadu/,/ˈtiɲɐmuʒ lẽˈbɾadu/,/ˈtiɲɐ̃w̃ lẽˈbɾadu/,,,,,,,course-code::pt-conjugation verbs::ending::pt::ar verbs verbs::ending::pt::ar verbs::mood::pt::indicativo verbs::tense::pt::mais-que-perfeito verbs::unit-code::pt-conjugation::mais-que-perfeito
Mandar + Mais-que-Perfeito,Mandar,"<b><span style=""color: rgb(255, 85, 0);"">Mais-que-Perfeito</span> + <span style=""color: rgb(0, 85, 255);"">Ter</span></b>",tinha mandado,tinhas mandado,tinha mandado,tínhamos mandado,tinham mandado,,,,,,/ˈtiɲɐ mɐ̃ˈdadu/,/ˈtiɲɐʒ mɐ̃ˈdadu/,/ˈtiɲɐʒ mɐ̃ˈdadu/,/ˈtiɲɐmuʒ mɐ̃ˈdadu/,/ˈtiɲɐ̃w̃ mɐ̃ˈdadu/,,,,,,,course-code::pt-conjugation verbs::ending::pt::ar verbs verbs::ending::pt::ar verbs::mood::pt::indicativo verbs::tense::pt::mais-que-perfeito verbs::unit-code::pt-conjugation::mais-que-perfeito
Morar + Mais-que-Perfeito,Morar,"<b><span style=""color: rgb(255, 85, 0);"">Mais-que-Perfeito</span> + <span style=""color: rgb(0, 85, 255);"">Ter</span></b>",tinha morado,tinhas morado,tinha morado,tínhamos morado,tinham morado,,,,,,/ˈtiɲɐ muˈɾadu/,/ˈtiɲɐʒ muˈɾadu/,/ˈtiɲɐʒ muˈɾadu/,/ˈtiɲɐmuʒ muˈɾadu/,/ˈtiɲɐ̃w̃ muˈɾadu/,,,,,,,course-code::pt-conjugation verbs::ending::pt::ar verbs verbs::ending::pt::ar verbs::mood::pt::indicativo verbs::tense::pt::mais-que-perfeito verbs::unit-code::pt-conjugation::mais-que-perfeito
Olhar + Mais-que-Perfeito,Olhar,"<b><span style=""color: rgb(255, 85, 0);"">Mais-que-Perfeito</span> + <span style=""color: rgb(0, 85, 255);"">Ter</span></b>",tinha olhado,tinhas olhado,tinha olhado,tínhamos olhado,tinham olhado,,,,,,/ˈtiɲɐ oˈʎadu/,/ˈtiɲɐz oˈʎadu/,/ˈtiɲɐz oˈʎadu/,/ˈtiɲɐmuz oˈʎadu/,/ˈtiɲɐ̃w̃ oˈʎadu/,,,,,,,course-code::pt-conjugation verbs::ending::pt::ar verbs verbs::ending::pt::ar verbs::mood::pt::indicativo verbs::tense::pt::mais-que-perfeito verbs::unit-code::pt-conjugation::mais-que-perfeito
Trabalhar + Mais-que-Perfeito,Trabalhar,"<b><span style=""color: rgb(255, 85, 0);"">Mais-que-Perfeito</span></b>",tinha trabalhado,tinhas trabalhado,tinha trabalhado,tínhamos trabalhado,tinham trabalhado,,,,,,/ˈtiɲɐ tɾɐbɐˈʎadu/,/ˈtiɲɐʃ tɾɐbɐˈʎadu/,/ˈtiɲɐʃ tɾɐbɐˈʎadu/,/ˈtiɲɐmuʃ tɾɐbɐˈʎadu/,/ˈtiɲɐ̃w̃ tɾɐbɐˈʎadu/,,,,,,,course-code::pt-conjugation verbs::ending::pt::ar verbs verbs::ending::pt::ar verbs::mood::pt::indicativo verbs::tense::pt::mais-que-perfeito verbs::unit-code::pt-conjugation::mais-que-perfeito
Aprender + Mais-que-Perfeito,Aprender,"<b><span style=""color: rgb(255, 85, 0);"">Mais-que-Perfeito</span> + <span style=""color: rgb(0, 85, 255);"">Ter</span></b>",tinha aprendido,tinhas aprendido,tinha aprendido,tínhamos aprendido,tinham aprendido,,,,,,/ˈtiɲɐ ɐpɾẽˈdidu/,/ˈtiɲɐz ɐpɾẽˈdidu/,/ˈtiɲɐz ɐpɾẽˈdidu/,/ˈtiɲɐmuz ɐpɾẽˈdidu/,/ˈtiɲɐ̃w̃ ɐpɾẽˈdidu/,,,,,,,course-code::pt-conjugation verbs::ending::pt::er verbs verbs::ending::pt::er verbs::mood::pt::indicativo verbs::tense::pt::mais-que-perfeito verbs::unit-code::pt-conjugation::mais-que-perfeito
Beber + Mais-que-Perfeito,Beber,"<b><span style=""color: rgb(255, 85, 0);"">Mais-que-Perfeito</span> + <span style=""color: rgb(0, 85, 255);"">Ter</span></b>",tinha bebido,tinhas bebido,tinha bebido,tínhamos bebido,tinham bebido,,,,,,/ˈtiɲɐ bɨˈbidu/,/ˈtiɲɐʒ bɨˈbidu/,/ˈtiɲɐʒ bɨˈbidu/,/ˈtiɲɐmuʒ bɨˈbidu/,/ˈtiɲɐ̃w̃ bɨˈbidu/,,,,,,,course-code::pt-conjugation verbs::ending::pt::er verbs verbs::ending::pt::er verbs::mood::pt::indicativo verbs::tense::pt::mais-que-perfeito verbs::unit-code::pt-conjugation::mais-que-perfeito
Comer + Mais-que-Perfeito,Comer,"<b><span style=""color: rgb(255, 85, 0);"">Mais-que-Perfeito</span> + <span style=""color: rgb(0, 85, 255);"">Ter</span></b>",tinha comido,tinhas comido,tinha comido,tínhamos comido,tinham comido,,,,,,/ˈtiɲɐ kuˈmidu/,/ˈtiɲɐʃ kuˈmidu/,/ˈtiɲɐʃ kuˈmidu/,/ˈtiɲɐmuʃ kuˈmidu/,/ˈtiɲɐ̃w̃ kuˈmidu/,,,,,,,course-code::pt-conjugation verbs::ending::pt::er verbs verbs::ending::pt::er verbs::mood::pt::indicativo verbs::tense::pt::mais-que-perfeito verbs::unit-code::pt-conjugation::mais-que-perfeito
Conhecer + Mais-que-Perfeito,Conhecer,"<b><span style=""color: rgb(255, 85, 0);"">Mais-que-Perfeito</span> + <span style=""color: rgb(0, 85, 255);"">Ter</span></b>",tinha conhecido,tinhas conhecido,tinha conhecido,tínhamos conhecido,tinham conhecido,,,,,,/ˈtiɲɐ kuɲɨˈsidu/,/ˈtiɲɐʃ kuɲɨˈsidu/,/ˈtiɲɐʃ kuɲɨˈsidu/,/ˈtiɲɐmuʃ kuɲɨˈsidu/,/ˈtiɲɐ̃w̃ kuɲɨˈsidu/,,,,,,,course-code::pt-conjugation verbs::ending::pt::er verbs verbs::ending::pt::er verbs::mood::pt::indicativo verbs::tense::pt::mais-que-perfeito verbs::unit-code::pt-conjugation::mais-que-perfeito
Correr + Mais-que-Perfeito,Correr,"<b><span style=""color: rgb(255, 85, 0);"">Mais-que-Perfeito</span></b>",tinha corrido,tinhas corrido,tinha corrido,tínhamos corrido,tinham corrido,,,,,,/ˈtiɲɐ kuˈʁidu/,/ˈtiɲɐʃ kuˈʁidu/,/ˈtiɲɐʃ kuˈʁidu/,/ˈtiɲɐmuʃ kuˈʁidu/,/ˈtiɲɐ̃w̃ kuˈʁidu/,,,,,,,course-code::pt-conjugation verbs::ending::pt::er verbs verbs::ending::pt::er verbs::mood::pt::indicativo verbs::tense::pt::mais-que-perfeito verbs::unit-code::pt-conjugation::mais-que-perfeito
Decidir + Mais-que-Perfeito,Decidir,"<b><span style=""color: rgb(255, 85, 0);"">Mais-que-Perfeito</span> + <span style=""color: rgb(0, 85, 255);"">Ter</span></b>",tinha decidido,tinhas decidido,tinha decidido,tínhamos decidido,tinham decidido,,,,,,/ˈtiɲɐ dɨsiˈdidu/,/ˈtiɲɐʒ dɨsiˈdidu/,/ˈtiɲɐʒ dɨsiˈdidu/,/ˈtiɲɐmuʒ dɨsiˈdidu/,/ˈtiɲɐ̃w̃ dɨsiˈdidu/,,,,,,,course-code::pt-conjugation verbs::ending::pt::ir verbs verbs::ending::pt::ir verbs::mood::pt::indicativo verbs::tense::pt::mais-que-perfeito verbs::unit-code::pt-conjugation::mais-que-perfeito
Defender + Mais-que-Perfeito,Defender,"<b><span style=""color: rgb(255, 85, 0);"">Mais-que-Perfeito</span> + <span style=""color: rgb(0, 85, 255);"">Ter</span></b>",tinha defendido,tinhas defendido,tinha defendido,tínhamos defendido,tinham defendido,,,,,,/ˈtiɲɐ dɨfẽˈdidu/,/ˈtiɲɐʒ dɨfẽˈdidu/,/ˈtiɲɐʒ dɨfẽˈdidu/,/ˈtiɲɐmuʒ dɨfẽˈdidu/,/ˈtiɲɐ̃w̃ dɨfẽˈdidu/,,,,,,,course-code::pt-conjugation verbs::ending::pt::er verbs verbs::ending::pt::er verbs::mood::pt::indicativo verbs::tense::pt::mais-que-perfeito verbs::unit-code::pt-conjugation::mais-que-perfeito
Depender + Mais-que-Perfeito,Depender,"<b><span style=""color: rgb(255, 85, 0);"">Mais-que-Perfeito</span> + <span style=""color: rgb(0, 85, 255);"">Ter</span></b>",tinha dependido,tinhas dependido,tinha dependido,tínhamos dependido,tinham dependido,,,,,,/ˈtiɲɐ dɨpẽˈdidu/,/ˈtiɲɐʒ dɨpẽˈdidu/,/ˈtiɲɐʒ dɨpẽˈdidu/,/ˈtiɲɐmuʒ dɨpẽˈdidu/,/ˈtiɲɐ̃w̃ dɨpẽˈdidu/,,,,,,,course-code::pt-conjugation verbs::ending::pt::er verbs verbs::ending::pt::er verbs::mood::pt::indicativo verbs::tense::pt::mais-que-perfeito verbs::unit-code::pt-conjugation::mais-que-perfeito
Descer + Mais-que-Perfeito,Descer,"<b><span style=""color: rgb(255, 85, 0);"">Mais-que-Perfeito</span> + <span style=""color: rgb(0, 85, 255);"">Ter</span></b>",tinha descido,tinhas descido,tinha descido,tínhamos descido,tinham descido,,,,,,/ˈtiɲɐ dɨˈʃsidu/,/ˈtiɲɐʒ dɨˈʃsidu/,/ˈtiɲɐʒ dɨˈʃsidu/,/ˈtiɲɐmuʒ dɨˈʃsidu/,/ˈtiɲɐ̃w̃ dɨˈʃsidu/,,,,,,,course-code::pt-conjugation verbs::ending::pt::er verbs verbs::ending::pt::er verbs::mood::pt::indicativo verbs::tense::pt::mais-que-perfeito verbs::unit-code::pt-conjugation::mais-que-perfeito
Esquecer + Mais-que-Perfeito,Esquecer,"<b><span style=""color: rgb(255, 85, 0);"">Mais-que-Perfeito</span></b>",tinha esquecido,tinhas esquecido,tinha esquecido,tínhamos esquecido,tinham esquecido,,,,,,/ˈtiɲɐ skɨˈsidu/,/ˈtiɲɐʃ skɨˈsidu/,/ˈtiɲɐʃ skɨˈsidu/,/ˈtiɲɐmuʃ skɨˈsidu/,/ˈtiɲɐ̃w̃ skɨˈsidu/,,,,,,,course-code::pt-conjugation verbs::ending::pt::er verbs verbs::ending::pt::er verbs::mood::pt::indicativo verbs::tense::pt::mais-que-perfeito verbs::unit-code::pt-conjugation::mais-que-perfeito
Ler + Mais-que-Perfeito,Ler,"<b><span style=""color: rgb(255, 85, 0);"">Mais-que-Perfeito</span></b>",tinha lido,tinhas lido,tinha lido,tínhamos lido,tinham lido,,,,,,/ˈtiɲɐ ˈlidu/,/ˈtiɲɐʒ ˈlidu/,/ˈtiɲɐʒ ˈlidu/,/ˈtiɲɐmuʒ ˈlidu/,/ˈtiɲɐ̃w̃ ˈlidu/,,,,,,,course-code::pt-conjugation verbs::ending::pt::er verbs verbs::ending::pt::er verbs::mood::pt::indicativo verbs::tense::pt::mais-que-perfeito verbs::unit-code::pt-conjugation::mais-que-perfeito
Merecer + Mais-que-Perfeito,Merecer,"<b><span style=""color: rgb(255, 85, 0);"">Mais-que-Perfeito</span> + <span style=""color: rgb(0, 85, 255);"">Ter</span></b>",tinha merecido,tinhas merecido,tinha merecido,tínhamos merecido,tinham merecido,,,,,,/ˈtiɲɐ mɨɾɨˈsidu/,/ˈtiɲɐʒ mɨɾɨˈsidu/,/ˈtiɲɐʒ mɨɾɨˈsidu/,/ˈtiɲɐmuʒ mɨɾɨˈsidu/,/ˈtiɲɐ̃w̃ mɨɾɨˈsidu/,,,,,,,course-code::pt-conjugation verbs::ending::pt::er verbs verbs::ending::pt::er verbs::mood::pt::indicativo verbs::tense::pt::mais-que-perfeito verbs::unit-code::pt-conjugation::mais-que-perfeito
Oferecer + Mais-que-Perfeito,Oferecer,"<b><span style=""color: rgb(255, 85, 0);"">Mais-que-Perfeito</span> + <span style=""color: rgb(0, 85, 255);"">Ter</span></b>",tinha oferecido,tinhas oferecido,tinha oferecido,tínhamos oferecido,tinham oferecido,,,,,,/ˈtiɲɐ ofɨɾɨˈsidu/,/ˈtiɲɐz ofɨɾɨˈsidu/,/ˈtiɲɐz ofɨɾɨˈsidu/,/ˈtiɲɐmuz ofɨɾɨˈsidu/,/ˈtiɲɐ̃w̃ ofɨɾɨˈsidu/,,,,,,,course-code::pt-conjugation verbs::ending::pt::er verbs verbs::ending::pt::er verbs::mood::pt::indicativo verbs::tense::pt::mais-que-perfeito verbs::unit-code::pt-conjugation::mais-que-perfeito
Perder + Mais-que-Perfeito,Perder,"<b><span style=""color: rgb(255, 85, 0);"">Mais-que-Perfeito</span> + <span style=""color: rgb(0, 85, 255);"">Ter</span></b>",tinha perdido,tinhas perdido,tinha perdido,tínhamos perdido,tinham perdido,,,,,,/ˈtiɲɐ pɨɾˈdidu/,/ˈtiɲɐʃ pɨɾˈdidu/,/ˈtiɲɐʃ pɨɾˈdidu/,/ˈtiɲɐmuʃ pɨɾˈdidu/,/ˈtiɲɐ̃w̃ pɨɾˈdidu/,,,,,,,course-code::pt-conjugation verbs::ending::pt::er verbs verbs::ending::pt::er verbs::mood::pt::indicativo verbs::tense::pt::mais-que-perfeito verbs::unit-code::pt-conjugation::mais-que-perfeito
Prometer + Mais-que-Perfeito,Prometer,"<b><span style=""color: rgb(255, 85, 0);"">Mais-que-Perfeito</span> + <span style=""color: rgb(0, 85, 255);"">Ter</span></b>",tinha prometido,tinhas prometido,tinha prometido,tínhamos prometido,tinham prometido,,,,,,/ˈtiɲɐ pɾumɨˈtidu/,/ˈtiɲɐʃ pɾumɨˈtidu/,/ˈtiɲɐʃ pɾumɨˈtidu/,/ˈtiɲɐmuʃ pɾumɨˈtidu/,/ˈtiɲɐ̃w̃ pɾumɨˈtidu/,,,,,,,course-code::pt-conjugation verbs::ending::pt::er verbs verbs::ending::pt::er verbs::mood::pt::indicativo verbs::tense::pt::mais-que-perfeito verbs::unit-code::pt-conjugation::mais-que-perfeito
Receber + Mais-que-Perfeito,Receber,"<b><span style=""color: rgb(255, 85, 0);"">Mais-que-Perfeito</span> + <span style=""color: rgb(0, 85, 255);"">Ter</span></b>",tinha recebido,tinhas recebido,tinha recebido,tínhamos recebido,tinham recebido,,,,,,/ˈtiɲɐ ʁɨsɨˈbidu/,/ˈtiɲɐʒ ʁɨsɨˈbidu/,/ˈtiɲɐʒ ʁɨsɨˈbidu/,/ˈtiɲɐmuʒ ʁɨsɨˈbidu/,/ˈtiɲɐ̃w̃ ʁɨsɨˈbidu/,,,,,,,course-code::pt-conjugation verbs::ending::pt::er verbs verbs::ending::pt::er verbs::mood::pt::indicativo verbs::tense::pt::mais-que-perfeito verbs::unit-code::pt-conjugation::mais-que-perfeito
Responder + Mais-que-Perfeito,Responder,"<b><span style=""color: rgb(255, 85, 0);"">Mais-que-Perfeito</span></b>",tinha respondido,tinhas respondido,tinha respondido,tínhamos respondido,tinham respondido,,,,,,/ˈtiɲɐ ʁɨʃpõˈdidu/,/ˈtiɲɐʒ ʁɨʃpõˈdidu/,/ˈtiɲɐʒ ʁɨʃpõˈdidu/,/ˈtiɲɐmuʒ ʁɨʃpõˈdidu/,/ˈtiɲɐ̃w̃ ʁɨʃpõˈdidu/,,,,,,,course-code::pt-conjugation verbs::ending::pt::er verbs verbs::ending::pt::er verbs::mood::pt::indicativo verbs::tense::pt::mais-que-perfeito verbs::unit-code::pt-conjugation::mais-que-perfeito
Vender + Mais-que-Perfeito,Vender,"<b><span style=""color: rgb(255, 85, 0);"">Mais-que-Perfeito</span> + <span style=""color: rgb(0, 85, 255);"">Ter</span></b>",tinha vendido,tinhas vendido,tinha vendido,tínhamos vendido,tinham vendido,,,,,,/ˈtiɲɐ vẽˈdidu/,/ˈtiɲɐʒ vẽˈdidu/,/ˈtiɲɐʒ vẽˈdidu/,/ˈtiɲɐmuʒ vẽˈdidu/,/ˈtiɲɐ̃w̃ vẽˈdidu/,,,,,,,course-code::pt-conjugation verbs::ending::pt::er verbs verbs::ending::pt::er verbs::mood::pt::indicativo verbs::tense::pt::mais-que-perfeito verbs::unit-code::pt-conjugation::mais-que-perfeito
Viver + Mais-que-Perfeito,Viver,"<b><span style=""color: rgb(255, 85, 0);"">Mais-que-Perfeito</span> + <span style=""color: rgb(0, 85, 255);"">Ter</span></b>",tinha vivido,tinhas vivido,tinha vivido,tínhamos vivido,tinham vivido,,,,,,/ˈtiɲɐ viˈvidu/,/ˈtiɲɐʒ viˈvidu/,/ˈtiɲɐʒ viˈvidu/,/ˈtiɲɐmuʒ viˈvidu/,/ˈtiɲɐ̃w̃ viˈvidu/,,,,,,,course-code::pt-conjugation verbs::ending::pt::er verbs verbs::ending::pt::er verbs::mood::pt::indicativo verbs::tense::pt::mais-que-perfeito verbs::unit-code::pt-conjugation::mais-que-perfeito
Assistir + Mais-que-Perfeito,Assistir,"<b><span style=""color: rgb(255, 85, 0);"">Mais-que-Perfeito</span></b> + <b><span style=""color: rgb(0, 85, 255);"">Ter</span></b>",tinha assistido,tinhas assistido,tinha assistido,tínhamos assistido,tinham assistido,,,,,,/ˈtiɲɐ ɐsiˈʃtidu/,/ˈtiɲɐz ɐsiˈʃtidu/,/ˈtiɲɐz ɐsiˈʃtidu/,/ˈtiɲɐmuz ɐsiˈʃtidu/,/ˈtiɲɐ̃w̃ ɐsiˈʃtidu/,,,,,,,course-code::pt-conjugation verbs verbs::ending::pt::ir verbs::mood::pt::indicativo verbs::tense::pt::mais-que-perfeito verbs::unit-code::pt-conjugation::mais-que-perfeito
Cobrir + Mais-que-Perfeito,Cobrir,"<b><span style=""color: rgb(255, 85, 0);"">Mais-que-Perfeito</span> + <span style=""color: rgb(0, 85, 255);"">Ter</span></b>",tinha coberto,tinhas coberto,tinha coberto,tínhamos coberto,tinham coberto,,,,,,/ˈtiɲɐ kuˈbɛɾtu/,/ˈtiɲɐʃ kuˈbɛɾtu/,/ˈtiɲɐʃ kuˈbɛɾtu/,/ˈtiɲɐmuʃ kuˈbɛɾtu/,/ˈtiɲɐ̃w̃ kuˈbɛɾtu/,,,,,,,course-code::pt-conjugation verbs verbs::ending::pt::ir verbs::mood::pt::indicativo verbs::tense::pt::mais-que-perfeito verbs::unit-code::pt-conjugation::mais-que-perfeito
Competir + Mais-que-Perfeito,Competir,"<b><span style=""color: rgb(255, 85, 0);"">Mais-que-Perfeito</span> + <span style=""color: rgb(0, 85, 255);"">Ter</span></b>",tinha competido,tinhas competido,tinha competido,tínhamos competido,tinham competido,,,,,,/ˈtiɲɐ kõpɨˈtidu/,/ˈtiɲɐʃ kõpɨˈtidu/,/ˈtiɲɐʃ kõpɨˈtidu/,/ˈtiɲɐmuʃ kõpɨˈtidu/,/ˈtiɲɐ̃w̃ kõpɨˈtidu/,,,,,,,course-code::pt-conjugation verbs verbs::ending::pt::ir verbs::mood::pt::indicativo verbs::tense::pt::mais-que-perfeito verbs::unit-code::pt-conjugation::mais-que-perfeito
Consentir + Mais-que-Perfeito,Consentir,"<b><span style=""color: rgb(255, 85, 0);"">Mais-que-Perfeito</span> + <span style=""color: rgb(0, 85, 255);"">Ter</span></b>",tinha consentido,tinhas consentido,tinha consentido,tínhamos consentido,tinham consentido,,,,,,/ˈtiɲɐ kõsẽˈtidu/,/ˈtiɲɐʃ kõsẽˈtidu/,/ˈtiɲɐʃ kõsẽˈtidu/,/ˈtiɲɐmuʃ kõsẽˈtidu/,/ˈtiɲɐ̃w̃ kõsẽˈtidu/,,,,,,,course-code::pt-conjugation verbs verbs::ending::pt::ir verbs::mood::pt::indicativo verbs::tense::pt::mais-que-perfeito verbs::unit-code::pt-conjugation::mais-que-perfeito
Construir + Mais-que-Perfeito,Construir,"<b><span style=""color: rgb(255, 85, 0);"">Mais-que-Perfeito</span> + <span style=""color: rgb(0, 85, 255);"">Ter</span></b>",tinha construído,tinhas construído,tinha construído,tínhamos construído,tinham construído,,,,,,/ˈtiɲɐ kõʃtɾuˈidu/,/ˈtiɲɐʃ kõʃtɾuˈidu/,/ˈtiɲɐʃ kõʃtɾuˈidu/,/ˈtiɲɐmuʃ kõʃtɾuˈidu/,/ˈtiɲɐ̃w̃ kõʃtɾuˈidu/,,,,,,,course-code::pt-conjugation verbs verbs::ending::pt::ir verbs::mood::pt::indicativo verbs::tense::pt::mais-que-perfeito verbs::unit-code::pt-conjugation::mais-que-perfeito
Corrigir + Mais-que-Perfeito,Corrigir,"<b><span style=""color: rgb(255, 85, 0);"">Mais-que-Perfeito</span> + <span style=""color: rgb(0, 85, 255);"">Ter</span></b>",tinha corrigido,tinhas corrigido,tinha corrigido,tínhamos corrigido,tinham corrigido,,,,,,/ˈtiɲɐ kuʁiˈʒidu/,/ˈtiɲɐʃ kuʁiˈʒidu/,/ˈtiɲɐʃ kuʁiˈʒidu/,/ˈtiɲɐmuʃ kuʁiˈʒidu/,/ˈtiɲɐ̃w̃ kuʁiˈʒidu/,,,,,,,course-code::pt-conjugation verbs verbs::ending::pt::ir verbs::mood::pt::indicativo verbs::tense::pt::mais-que-perfeito verbs::unit-code::pt-conjugation::mais-que-perfeito
Definir + Mais-que-Perfeito,Definir,"<b><span style=""color: rgb(255, 85, 0);"">Mais-que-Perfeito</span> + <span style=""color: rgb(0, 85, 255);"">Ter</span></b>",tinha definido,tinhas definido,tinha definido,tínhamos definido,tinham definido,,,,,,/ˈtiɲɐ dɨfiˈnidu/,/ˈtiɲɐʒ dɨfiˈnidu/,/ˈtiɲɐʒ dɨfiˈnidu/,/ˈtiɲɐmuʒ dɨfiˈnidu/,/ˈtiɲɐ̃w̃ dɨfiˈnidu/,,,,,,,course-code::pt-conjugation verbs verbs::ending::pt::ir verbs::mood::pt::indicativo verbs::tense::pt::mais-que-perfeito verbs::unit-code::pt-conjugation::mais-que-perfeito
Demolir + Mais-que-Perfeito,Demolir,"<b><span style=""color: rgb(255, 85, 0);"">Mais-que-Perfeito</span> + <span style=""color: rgb(0, 85, 255);"">Ter</span></b>",tinha demolido,tinhas demolido,tinha demolido,tínhamos demolido,tinham demolido,,,,,,/ˈtiɲɐ dɨmuˈlidu/,/ˈtiɲɐʒ dɨmuˈlidu/,/ˈtiɲɐʒ dɨmuˈlidu/,/ˈtiɲɐmuʒ dɨmuˈlidu/,/ˈtiɲɐ̃w̃ dɨmuˈlidu/,,,,,,,course-code::pt-conjugation verbs verbs::ending::pt::ir verbs::mood::pt::indicativo verbs::tense::pt::mais-que-perfeito verbs::unit-code::pt-conjugation::mais-que-perfeito
Desistir + Mais-que-Perfeito,Desistir,"<b><span style=""color: rgb(255, 85, 0);"">Mais-que-Perfeito</span> + <span style=""color: rgb(0, 85, 255);"">Ter</span></b>",tinha desistido,tinhas desistido,tinha desistido,tínhamos desistido,tinham desistido,,,,,,/ˈtiɲɐ dɨziˈʃtidu/,/ˈtiɲɐʒ dɨziˈʃtidu/,/ˈtiɲɐʒ dɨziˈʃtidu/,/ˈtiɲɐmuʒ dɨziˈʃtidu/,/ˈtiɲɐ̃w̃ dɨziˈʃtidu/,,,,,,,course-code::pt-conjugation verbs verbs::ending::pt::ir verbs::mood::pt::indicativo verbs::tense::pt::mais-que-perfeito verbs::unit-code::pt-conjugation::mais-que-perfeito
Dividir + Mais-que-Perfeito,Dividir,"<b><span style=""color: rgb(255, 85, 0);"">Mais-que-Perfeito</span> + <span style=""color: rgb(0, 85, 255);"">Ter</span></b>",tinha dividido,tinhas dividido,tinha dividido,tínhamos dividido,tinham dividido,,,,,,/ˈtiɲɐ diviˈdidu/,/ˈtiɲɐʒ diviˈdidu/,/ˈtiɲɐʒ diviˈdidu/,/ˈtiɲɐmuʒ diviˈdidu/,/ˈtiɲɐ̃w̃ diviˈdidu/,,,,,,,course-code::pt-conjugation verbs verbs::ending::pt::ir verbs::mood::pt::indicativo verbs::tense::pt::mais-que-perfeito verbs::unit-code::pt-conjugation::mais-que-perfeito
Imprimir + Mais-que-Perfeito,Imprimir,"<b><span style=""color: rgb(255, 85, 0);"">Mais-que-Perfeito</span> + <span style=""color: rgb(0, 85, 255);"">Ter</span></b>",tinha imprimido/tinha impresso,tinhas imprimido/tinhas impresso,tinha imprimido/tinha impresso,tínhamos imprimido/tínhamos impresso,tinham imprimido/tinham impresso,,,,,,/ˈtiɲɐ ĩpɾimiduˈtiɲɐ ĩˈpɾɛsu/,/ˈtiɲɐʃ ĩpɾimiduˈtiɲɐʃ ĩˈpɾɛsu/,/ˈtiɲɐʃ ĩpɾimiduˈtiɲɐʃ ĩˈpɾɛsu/,/ˈtiɲɐmuʃ ĩpɾimiduˈtiɲɐmuʃ ĩˈpɾɛsu/,/ˈtiɲɐ̃w̃ ĩpɾimiduˈtiɲɐ̃w̃ ĩˈpɾɛsu/,,,,,,,course-code::pt-conjugation verbs verbs::ending::pt::ir verbs::mood::pt::indicativo verbs::tense::pt::mais-que-perfeito verbs::unit-code::pt-conjugation::mais-que-perfeito
Incluir + Mais-que-Perfeito,Incluir,"<b><span style=""color: rgb(255, 85, 0);"">Mais-que-Perfeito</span> + <span style=""color: rgb(0, 85, 255);"">Ter</span></b>",tinha incluído,tinhas incluído,tinha incluído,tínhamos incluído,tinham incluído,,,,,,/ˈtiɲɐ ĩkluˈidu/,/ˈtiɲɐʃ ĩkluˈidu/,/ˈtiɲɐʃ ĩkluˈidu/,/ˈtiɲɐmuʃ ĩkluˈidu/,/ˈtiɲɐ̃w̃ ĩkluˈidu/,,,,,,,course-code::pt-conjugation verbs verbs::ending::pt::ir verbs::mood::pt::indicativo verbs::tense::pt::mais-que-perfeito verbs::unit-code::pt-conjugation::mais-que-perfeito
Omitir + Mais-que-Perfeito,Omitir,"<b><span style=""color: rgb(255, 85, 0);"">Mais-que-Perfeito</span> + <span style=""color: rgb(0, 85, 255);"">Ter</span></b>",tinha omitido,tinhas omitido,tinha omitido,tínhamos omitido,tinham omitido,,,,,,/ˈtiɲɐ omiˈtidu/,/ˈtiɲɐz omiˈtidu/,/ˈtiɲɐz omiˈtidu/,/ˈtiɲɐmuz omiˈtidu/,/ˈtiɲɐ̃w̃ omiˈtidu/,,,,,,,course-code::pt-conjugation verbs verbs::ending::pt::ir verbs::mood::pt::indicativo verbs::tense::pt::mais-que-perfeito verbs::unit-code::pt-conjugation::mais-que-perfeito
Partir + Mais-que-Perfeito,Partir,"<b><span style=""color: rgb(255, 85, 0);"">Mais-que-Perfeito</span> + <span style=""color: rgb(0, 85, 255);"">Ter</span></b>",tinha partido,tinhas partido,tinha partido,tínhamos partido,tinham partido,,,,,,/ˈtiɲɐ pɐɾˈtidu/,/ˈtiɲɐʃ pɐɾˈtidu/,/ˈtiɲɐʃ pɐɾˈtidu/,/ˈtiɲɐmuʃ pɐɾˈtidu/,/ˈtiɲɐ̃w̃ pɐɾˈtidu/,,,,,,,course-code::pt-conjugation verbs verbs::ending::pt::ir verbs::mood::pt::indicativo verbs::tense::pt::mais-que-perfeito verbs::unit-code::pt-conjugation::mais-que-perfeito
Permitir + Mais-que-Perfeito,Permitir,"<b><span style=""color: rgb(255, 85, 0);"">Mais-que-Perfeito</span> + <span style=""color: rgb(0, 85, 255);"">Ter</span></b>",tinha permitido,tinhas permitido,tinha permitido,tínhamos permitido,tinham permitido,,,,,,/ˈtiɲɐ pɨɾmiˈtidu/,/ˈtiɲɐʃ pɨɾmiˈtidu/,/ˈtiɲɐʃ pɨɾmiˈtidu/,/ˈtiɲɐmuʃ pɨɾmiˈtidu/,/ˈtiɲɐ̃w̃ pɨɾmiˈtidu/,,,,,,,course-code::pt-conjugation verbs verbs::ending::pt::ir verbs::mood::pt::indicativo verbs::tense::pt::mais-que-perfeito verbs::unit-code::pt-conjugation::mais-que-perfeito
Repetir + Mais-que-Perfeito,Repetir,"<b><span style=""color: rgb(255, 85, 0);"">Mais-que-Perfeito</span> + <span style=""color: rgb(0, 85, 255);"">Ter</span></b>",tinha repetido,tinhas repetido,tinha repetido,tínhamos repetido,tinham repetido,,,,,,/ˈtiɲɐ ʁɨpɨˈtidu/,/ˈtiɲɐʒ ʁɨpɨˈtidu/,/ˈtiɲɐʒ ʁɨpɨˈtidu/,/ˈtiɲɐmuʒ ʁɨpɨˈtidu/,/ˈtiɲɐ̃w̃ ʁɨpɨˈtidu/,,,,,,,course-code::pt-conjugation verbs verbs::ending::pt::ir verbs::mood::pt::indicativo verbs::tense::pt::mais-que-perfeito verbs::unit-code::pt-conjugation::mais-que-perfeito
Servir + Mais-que-Perfeito,Servir,"<b><span style=""color: rgb(255, 85, 0);"">Mais-que-Perfeito</span> + <span style=""color: rgb(0, 85, 255);"">Ter</span></b>",tinha servido,tinhas servido,tinha servido,tínhamos servido,tinham servido,,,,,,/ˈtiɲɐ sɨɾˈvidu/,/ˈtiɲɐʃ sɨɾˈvidu/,/ˈtiɲɐʃ sɨɾˈvidu/,/ˈtiɲɐmuʃ sɨɾˈvidu/,/ˈtiɲɐ̃w̃ sɨɾˈvidu/,,,,,,,course-code::pt-conjugation verbs verbs::ending::pt::ir verbs::mood::pt::indicativo verbs::tense::pt::mais-que-perfeito verbs::unit-code::pt-conjugation::mais-que-perfeito
Lembrar-se + Mais-que-Perfeito,Lembrar-se,"<b><span style=""color: rgb(255, 85, 0);"">Mais-que-Perfeito</span> + <span style=""color: rgb(0, 85, 255);"">Ter</span></b>",tinha me lembrado,tinhas te lembrado,tinha se lembrado,tínhamos nos lembrado,tinham se lembrado,,,,,,/ˈtiɲɐ ˈmɛ lẽˈbɾadu/,/ˈtiɲɐʃ ˈtɛ lẽˈbɾadu/,/ˈtiɲɐʃ ˈtɛ lẽˈbɾadu/,/ˈtiɲɐmuʒ ˈnɔʒ lẽˈbɾadu/,/ˈtiɲɐ̃w̃ sɨ lẽˈbɾadu/,,,,,,,course-code::pt-conjugation verbs verbs::ending::pt::ar verbs::flag::pt::reflexos verbs::mood::pt::indicativo verbs::flag::pt::reflexos verbs::tense::pt::mais-que-perfeito verbs::unit-code::pt-conjugation::mais-que-perfeito
Levantar-se + Mais-que-Perfeito,Levantar-se,"<b><span style=""color: rgb(255, 85, 0);"">Mais-que-Perfeito</span> + <span style=""color: rgb(0, 85, 255);"">Ter</span></b>",tinha me levantado,tinhas te levantado,tinha se levantado,tínhamos nos levantado,tinham se levantado,,,,,,/ˈtiɲɐ ˈmɛ lɨvɐ̃ˈtadu/,/ˈtiɲɐʃ ˈtɛ lɨvɐ̃ˈtadu/,/ˈtiɲɐʃ ˈtɛ lɨvɐ̃ˈtadu/,/ˈtiɲɐmuʒ ˈnɔʒ lɨvɐ̃ˈtadu/,/ˈtiɲɐ̃w̃ sɨ lɨvɐ̃ˈtadu/,,,,,,,course-code::pt-conjugation verbs verbs::ending::pt::ar verbs::flag::pt::reflexos verbs::mood::pt::indicativo verbs::flag::pt::reflexos verbs::tense::pt::mais-que-perfeito verbs::unit-code::pt-conjugation::mais-que-perfeito
Sentar-se + Mais-que-Perfeito,Sentar-se,"<b><span style=""color: rgb(255, 85, 0);"">Mais-que-Perfeito</span></b>",tinha me sentado,tinhas te sentado,tinha se sentado,tínhamos nos sentado,tinham se sentado,,,,,,/ˈtiɲɐ ˈmɛ sẽˈtadu/,/ˈtiɲɐʃ ˈtɛ sẽˈtadu/,/ˈtiɲɐʃ ˈtɛ sẽˈtadu/,/ˈtiɲɐmuʒ ˈnɔʃ sẽˈtadu/,/ˈtiɲɐ̃w̃ sɨ sẽˈtadu/,,,,,,,course-code::pt-conjugation verbs verbs::ending::pt::ar verbs::flag::pt::reflexos verbs::mood::pt::indicativo verbs::flag::pt::reflexos verbs::tense::pt::mais-que-perfeito verbs::unit-code::pt-conjugation::mais-que-perfeito
Vestir-se + Mais-que-Perfeito,Vestir-se,"<b><span style=""color: rgb(255, 85, 0);"">Mais-que-Perfeito</span> + <span style=""color: rgb(0, 85, 255);"">Ter</span></b>",tinha me vestido,tinhas te vestido,tinha se vestido,tínhamos nos vestido,tinham se vestido,,,,,,/ˈtiɲɐ ˈmɛ vɨˈʃtidu/,/ˈtiɲɐʃ ˈtɛ vɨˈʃtidu/,/ˈtiɲɐʃ ˈtɛ vɨˈʃtidu/,/ˈtiɲɐmuʒ ˈnɔʒ vɨˈʃtidu/,/ˈtiɲɐ̃w̃ sɨ vɨˈʃtidu/,,,,,,,course-code::pt-conjugation verbs verbs::ending::pt::ir verbs::flag::pt::reflexos verbs::mood::pt::indicativo verbs::flag::pt::reflexos verbs::tense::pt::mais-que-perfeito verbs::unit-code::pt-conjugation::mais-que-perfeito
Esquecer-se + Mais-que-Perfeito,Esquecer-se,"<b><span style=""color: rgb(255, 85, 0);"">Mais-que-Perfeito</span> + <span style=""color: rgb(0, 85, 255);"">Ter</span></b>",tinha me esquecido/tinha me esquecido,tinhas te esquecido/tinhas te esquecido,tinha se esquecido/tinha se esquecido,tínhamos nos esquecido/tínhamos nos esquecido,tinham se esquecido/tinham se esquecido,,,,,,/ˈtiɲɐ ˈmɛ skɨsiduˈtiɲɐ ˈmɛ skɨˈsidu/,/ˈtiɲɐʃ ˈtɛ skɨsiduˈtiɲɐʃ ˈtɛ skɨˈsidu/,/ˈtiɲɐʃ ˈtɛ skɨsiduˈtiɲɐʃ ˈtɛ skɨˈsidu/,/ˈtiɲɐmuʒ ˈnɔʃ skɨsiduˈtiɲɐmuʒ ˈnɔʃ skɨˈsidu/,/ˈtiɲɐ̃w̃ sɨ skɨsiduˈtiɲɐ̃w̃ sɨ skɨˈsidu/,,,,,,,course-code::pt-conjugation verbs verbs::ending::pt::er verbs::flag::pt::reflexos verbs::mood::pt::indicativo verbs::flag::pt::reflexos verbs::tense::pt::mais-que-perfeito verbs::unit-code::pt-conjugation::mais-que-perfeito
Machucar-se + Mais-que-Perfeito,Machucar-se,"<b><span style=""color: rgb(255, 85, 0);"">Mais-que-Perfeito</span></b>",tinha me machucado,tinhas te machucado,tinha se machucado,tínhamos nos machucado,tinham se machucado,,,,,,/ˈtiɲɐ ˈmɛ mɐʃuˈkadu/,/ˈtiɲɐʃ ˈtɛ mɐʃuˈkadu/,/ˈtiɲɐʃ ˈtɛ mɐʃuˈkadu/,/ˈtiɲɐmuʒ ˈnɔʒ mɐʃuˈkadu/,/ˈtiɲɐ̃w̃ sɨ mɐʃuˈkadu/,,,,,,,course-code::pt-conjugation verbs verbs::ending::pt::ar verbs::flag::pt::reflexos verbs::mood::pt::indicativo verbs::flag::pt::reflexos verbs::tense::pt::mais-que-perfeito verbs::unit-code::pt-conjugation::mais-que-perfeito
Arrepender-se + Mais-que-Perfeito,Arrepender-se,"<b><span style=""color: rgb(255, 85, 0);"">Mais-que-Perfeito</span> + <span style=""color: rgb(0, 85, 255);"">Ter</span></b>",tinha me arrependido,tinhas te arrependido,tinha se arrependido,tínhamos nos arrependido,tinham se arrependido,,,,,,/ˈtiɲɐ ˈmɛ ɐʁɨpẽˈdidu/,/ˈtiɲɐʃ ˈtɛ ɐʁɨpẽˈdidu/,/ˈtiɲɐʃ ˈtɛ ɐʁɨpẽˈdidu/,/ˈtiɲɐmuʒ ˈnɔz ɐʁɨpẽˈdidu/,/ˈtiɲɐ̃w̃ sɨ ɐʁɨpẽˈdidu/,,,,,,,course-code::pt-conjugation verbs verbs::ending::pt::er verbs::flag::pt::reflexos verbs::mood::pt::indicativo verbs::flag::pt::reflexos verbs::tense::pt::mais-que-perfeito verbs::unit-code::pt-conjugation::mais-que-perfeito
Despedir-se + Mais-que-Perfeito,Despedir-se,"<b><span style=""color: rgb(255, 85, 0);"">Mais-que-Perfeito</span> + <span style=""color: rgb(0, 85, 255);"">Ter</span></b>",tinha me despedido,tinhas te despedido,tinha se despedido,tínhamos nos despedido,tinham se despedido,,,,,,/ˈtiɲɐ ˈmɛ dɨʃpɨˈdidu/,/ˈtiɲɐʃ ˈtɛ dɨʃpɨˈdidu/,/ˈtiɲɐʃ ˈtɛ dɨʃpɨˈdidu/,/ˈtiɲɐmuʒ ˈnɔʒ dɨʃpɨˈdidu/,/ˈtiɲɐ̃w̃ sɨ dɨʃpɨˈdidu/,,,,,,,course-code::pt-conjugation verbs verbs::flag::pt::reflexos verbs::mood::pt::indicativo verbs::flag::pt::reflexos verbs::tense::pt::mais-que-perfeito verbs::unit-code::pt-conjugation::mais-que-perfeito
Divertir-se + Mais-que-Perfeito,Divertir-se,"<b><span style=""color: rgb(255, 85, 0);"">Mais-que-Perfeito</span> + <span style=""color: rgb(0, 85, 255);"">Ter</span></b>",tinha me divertido,tinhas te divertido,tinha se divertido,tínhamos nos divertido,tinham se divertido,,,,,,/ˈtiɲɐ ˈmɛ divɨɾˈtidu/,/ˈtiɲɐʃ ˈtɛ divɨɾˈtidu/,/ˈtiɲɐʃ ˈtɛ divɨɾˈtidu/,/ˈtiɲɐmuʒ ˈnɔʒ divɨɾˈtidu/,/ˈtiɲɐ̃w̃ sɨ divɨɾˈtidu/,,,,,,,course-code::pt-conjugation verbs verbs::ending::pt::ir verbs::flag::pt::reflexos verbs::mood::pt::indicativo verbs::flag::pt::reflexos verbs::tense::pt::mais-que-perfeito verbs::unit-code::pt-conjugation::mais-que-perfeito
Enganar-se + Mais-que-Perfeito,Enganar-se,"<b><span style=""color: rgb(255, 85, 0);"">Mais-que-Perfeito</span> + <span style=""color: rgb(0, 85, 255);"">Ter</span></b>",tinha me enganado,tinhas te enganado,tinha se enganado,tínhamos nos enganado,tinham se enganado,,,,,,/ˈtiɲɐ ˈmɛ ẽɡɐˈnadu/,/ˈtiɲɐʃ ˈtɛ ẽɡɐˈnadu/,/ˈtiɲɐʃ ˈtɛ ẽɡɐˈnadu/,/ˈtiɲɐmuʒ ˈnɔʃ ẽɡɐˈnadu/,/ˈtiɲɐ̃w̃ sɨ ẽɡɐˈnadu/,,,,,,,course-code::pt-conjugation verbs verbs::ending::pt::ar verbs::flag::pt::reflexos verbs::mood::pt::indicativo verbs::flag::pt::reflexos verbs::tense::pt::mais-que-perfeito verbs::unit-code::pt-conjugation::mais-que-perfeito
Chamar-se + Mais-que-Perfeito,Chamar-se,"<b><span style=""color: rgb(255, 85, 0);"">Mais-que-Perfeito</span> + <span style=""color: rgb(0, 85, 255);"">Ter</span></b>",tinha me chamado,tinhas te chamado,tinha se chamado,tínhamos nos chamado,tinham se chamado,,,,,,/ˈtiɲɐ ˈmɛ ʃɐˈmadu/,/ˈtiɲɐʃ ˈtɛ ʃɐˈmadu/,/ˈtiɲɐʃ ˈtɛ ʃɐˈmadu/,/ˈtiɲɐmuʒ ˈnɔʃ ʃɐˈmadu/,/ˈtiɲɐ̃w̃ sɨ ʃɐˈmadu/,,,,,,,course-code::pt-conjugation verbs verbs::ending::pt::ar verbs::flag::pt::reflexos verbs::mood::pt::indicativo verbs::flag::pt::reflexos verbs::tense::pt::mais-que-perfeito verbs::unit-code::pt-conjugation::mais-que-perfeito
Compôr + Mais-que-Perfeito,Compôr,"<b><span style=""color: rgb(255, 85, 0);"">Mais-que-Perfeito</span> + <span style=""color: rgb(0, 85, 255);"">Ter</span></b>",tinha composto,tinhas composto,tinha composto,tínhamos composto,tinham composto,,,,,,/ˈtiɲɐ kõˈpɔʃtu/,/ˈtiɲɐʃ kõˈpɔʃtu/,/ˈtiɲɐʃ kõˈpɔʃtu/,/ˈtiɲɐmuʃ kõˈpɔʃtu/,/ˈtiɲɐ̃w̃ kõˈpɔʃtu/,,,,,,,course-code::pt-conjugation verbs::flag::pt::irregulares verbs verbs::flag::pt::derivados verbs::mood::pt::indicativo verbs::tense::pt::mais-que-perfeito verbs::unit-code::pt-conjugation::mais-que-perfeito
Depôr + Mais-que-Perfeito,Depôr,"<b><span style=""color: rgb(255, 85, 0);"">Mais-que-Perfeito</span> + <span style=""color: rgb(0, 85, 255);"">Ter</span></b>",tinha deposto,tinhas deposto,tinha deposto,tínhamos deposto,tinham deposto,,,,,,/ˈtiɲɐ dɨˈpɔʃtu/,/ˈtiɲɐʒ dɨˈpɔʃtu/,/ˈtiɲɐʒ dɨˈpɔʃtu/,/ˈtiɲɐmuʒ dɨˈpɔʃtu/,/ˈtiɲɐ̃w̃ dɨˈpɔʃtu/,,,,,,,course-code::pt-conjugation verbs::flag::pt::irregulares verbs verbs::flag::pt::derivados verbs::mood::pt::indicativo verbs::tense::pt::mais-que-perfeito verbs::unit-code::pt-conjugation::mais-que-perfeito
Expor + Mais-que-Perfeito,Expor,"<b><span style=""color: rgb(255, 85, 0);"">Mais-que-Perfeito</span> + <span style=""color: rgb(0, 85, 255);"">Ter</span></b>",tinha exposto,tinhas exposto,tinha exposto,tínhamos exposto,tinham exposto,,,,,,/ˈtiɲɐ iˈʃpɔʃtu/,/ˈtiɲɐz iˈʃpɔʃtu/,/ˈtiɲɐz iˈʃpɔʃtu/,/ˈtiɲɐmuz iˈʃpɔʃtu/,/ˈtiɲɐ̃w̃ iˈʃpɔʃtu/,,,,,,,course-code::pt-conjugation verbs::ending::pt::or verbs::family::pt::por verbs::flag::pt::derivados verbs::flag::pt::irregulares verbs verbs::ending::pt::or verbs::flag::pt::derivados verbs::mood::pt::indicativo verbs::tense::pt::mais-que-perfeito verbs::unit-code::pt-conjugation::mais-que-perfeito
Impor + Mais-que-Perfeito,Impor,"<b><span style=""color: rgb(255, 85, 0);"">Mais-que-Perfeito</span> + <span style=""color: rgb(0, 85, 255);"">Ter</span></b>",tinha imposto,tinhas imposto,tinha imposto,tínhamos imposto,tinham imposto,,,,,,/ˈtiɲɐ ĩˈpoʃtu/,/ˈtiɲɐʃ ĩˈpoʃtu/,/ˈtiɲɐʃ ĩˈpoʃtu/,/ˈtiɲɐmuʃ ĩˈpoʃtu/,/ˈtiɲɐ̃w̃ ĩˈpoʃtu/,,,,,,,course-code::pt-conjugation verbs::ending::pt::or verbs::family::pt::por verbs::flag::pt::derivados verbs::flag::pt::irregulares verbs verbs::ending::pt::or verbs::flag::pt::derivados verbs::mood::pt::indicativo verbs::tense::pt::mais-que-perfeito verbs::unit-code::pt-conjugation::mais-que-perfeito
Opor + Mais-que-Perfeito,Opor,"<b><span style=""color: rgb(255, 85, 0);"">Mais-que-Perfeito</span> + <span style=""color: rgb(0, 85, 255);"">Ter</span></b>",tinha oposto,tinhas oposto,tinha oposto,tínhamos oposto,tinham oposto,,,,,,/ˈtiɲɐ oˈpɔʃtu/,/ˈtiɲɐz oˈpɔʃtu/,/ˈtiɲɐz oˈpɔʃtu/,/ˈtiɲɐmuz oˈpɔʃtu/,/ˈtiɲɐ̃w̃ oˈpɔʃtu/,,,,,,,course-code::pt-conjugation verbs::ending::pt::or verbs::family::pt::por verbs::flag::pt::derivados verbs::flag::pt::irregulares verbs verbs::ending::pt::or verbs::flag::pt::derivados verbs::mood::pt::indicativo verbs::tense::pt::mais-que-perfeito verbs::unit-code::pt-conjugation::mais-que-perfeito
Propor + Mais-que-Perfeito,Propor,"<b><span style=""color: rgb(255, 85, 0);"">Mais-que-Perfeito</span> + <span style=""color: rgb(0, 85, 255);"">Ter</span></b>",tinha proposto,tinhas proposto,tinha proposto,tínhamos proposto,tinham proposto,,,,,,/ˈtiɲɐ pɾuˈpɔʃtu/,/ˈtiɲɐʃ pɾuˈpɔʃtu/,/ˈtiɲɐʃ pɾuˈpɔʃtu/,/ˈtiɲɐmuʃ pɾuˈpɔʃtu/,/ˈtiɲɐ̃w̃ pɾuˈpɔʃtu/,,,,,,,course-code::pt-conjugation verbs::ending::pt::or verbs::family::pt::por verbs::flag::pt::derivados verbs::flag::pt::irregulares verbs verbs::ending::pt::or verbs::flag::pt::derivados verbs::mood::pt::indicativo verbs::tense::pt::mais-que-perfeito verbs::unit-code::pt-conjugation::mais-que-perfeito
Repor + Mais-que-Perfeito,Repor,"<b><span style=""color: rgb(255, 85, 0);"">Mais-que-Perfeito</span> + <span style=""color: rgb(0, 85, 255);"">Ter</span></b>",tinha reposto,tinhas reposto,tinha reposto,tínhamos reposto,tinham reposto,,,,,,/ˈtiɲɐ ʁɨˈpɔʃtu/,/ˈtiɲɐʒ ʁɨˈpɔʃtu/,/ˈtiɲɐʒ ʁɨˈpɔʃtu/,/ˈtiɲɐmuʒ ʁɨˈpɔʃtu/,/ˈtiɲɐ̃w̃ ʁɨˈpɔʃtu/,,,,,,,course-code::pt-conjugation verbs::ending::pt::or verbs::family::pt::por verbs::flag::pt::derivados verbs::flag::pt::irregulares verbs verbs::ending::pt::or verbs::flag::pt::derivados verbs::mood::pt::indicativo verbs::tense::pt::mais-que-perfeito verbs::unit-code::pt-conjugation::mais-que-perfeito
Supor + Mais-que-Perfeito,Supor,"<b><span style=""color: rgb(255, 85, 0);"">Mais-que-Perfeito</span></b>",tinha suposto,tinhas suposto,tinha suposto,tínhamos suposto,tinham suposto,,,,,,/ˈtiɲɐ suˈpɔʃtu/,/ˈtiɲɐʃ suˈpɔʃtu/,/ˈtiɲɐʃ suˈpɔʃtu/,/ˈtiɲɐmuʃ suˈpɔʃtu/,/ˈtiɲɐ̃w̃ suˈpɔʃtu/,,,,,,,course-code::pt-conjugation verbs::ending::pt::or verbs::family::pt::por verbs::flag::pt::derivados verbs::flag::pt::irregulares verbs verbs::ending::pt::or verbs::flag::pt::derivados verbs::mood::pt::indicativo verbs::tense::pt::mais-que-perfeito verbs::unit-code::pt-conjugation::mais-que-perfeito
Antever + Mais-que-Perfeito,Antever,"<b><span style=""color: rgb(255, 85, 0);"">Mais-que-Perfeito</span> + <span style=""color: rgb(0, 85, 255);"">Ter</span></b>",tinha antevisto,tinhas antevisto,tinha antevisto,tínhamos antevisto,tinham antevisto,,,,,,/ˈtiɲɐ ɐ̃tɨˈviʃtu/,/ˈtiɲɐz ɐ̃tɨˈviʃtu/,/ˈtiɲɐz ɐ̃tɨˈviʃtu/,/ˈtiɲɐmuz ɐ̃tɨˈviʃtu/,/ˈtiɲɐ̃w̃ ɐ̃tɨˈviʃtu/,,,,,,,course-code::pt-conjugation verbs::ending::pt::er verbs::family::pt::ver verbs::flag::pt::derivados verbs::flag::pt::irregulares verbs verbs::ending::pt::er verbs::flag::pt::derivados verbs::mood::pt::indicativo verbs::tense::pt::mais-que-perfeito verbs::unit-code::pt-conjugation::mais-que-perfeito
Prever + Mais-que-Perfeito,Prever,"<b><span style=""color: rgb(255, 85, 0);"">Mais-que-Perfeito</span> + <span style=""color: rgb(0, 85, 255);"">Ter</span></b>",tinha previsto,tinhas previsto,tinha previsto,tínhamos previsto,tinham previsto,,,,,,/ˈtiɲɐ pɾɨˈviʃtu/,/ˈtiɲɐʃ pɾɨˈviʃtu/,/ˈtiɲɐʃ pɾɨˈviʃtu/,/ˈtiɲɐmuʃ pɾɨˈviʃtu/,/ˈtiɲɐ̃w̃ pɾɨˈviʃtu/,,,,,,,course-code::pt-conjugation verbs::ending::pt::er verbs::family::pt::ver verbs::flag::pt::derivados verbs::flag::pt::irregulares verbs verbs::ending::pt::er verbs::flag::pt::derivados verbs::mood::pt::indicativo verbs::tense::pt::mais-que-perfeito verbs::unit-code::pt-conjugation::mais-que-perfeito
Rever + Mais-que-Perfeito,Rever,"<b><span style=""color: rgb(255, 85, 0);"">Mais-que-Perfeito</span></b>",tinha revisto,tinhas revisto,tinha revisto,tínhamos revisto,tinham revisto,,,,,,/ˈtiɲɐ ʁɨˈviʃtu/,/ˈtiɲɐʒ ʁɨˈviʃtu/,/ˈtiɲɐʒ ʁɨˈviʃtu/,/ˈtiɲɐmuʒ ʁɨˈviʃtu/,/ˈtiɲɐ̃w̃ ʁɨˈviʃtu/,,,,,,,course-code::pt-conjugation verbs::ending::pt::er verbs::family::pt::ver verbs::flag::pt::derivados verbs::flag::pt::irregulares verbs::ending::pt::er verbs::flag::pt::derivados verbs::mood::pt::indicativo verbs::tense::pt::mais-que-perfeito verbs::unit-code::pt-conjugation::mais-que-perfeito
Desfazer + Mais-que-Perfeito,Desfazer,"<b><span style=""color: rgb(255, 85, 0);"">Mais-que-Perfeito</span> + <span style=""color: rgb(0, 85, 255);"">Ter</span></b>",tinha desfeito,tinhas desfeito,tinha desfeito,tínhamos desfeito,tinham desfeito,,,,,,/ˈtiɲɐ dɨˈʃfɐjtu/,/ˈtiɲɐʒ dɨˈʃfɐjtu/,/ˈtiɲɐʒ dɨˈʃfɐjtu/,/ˈtiɲɐmuʒ dɨˈʃfɐjtu/,/ˈtiɲɐ̃w̃ dɨˈʃfɐjtu/,,,,,,,course-code::pt-conjugation verbs::ending::pt::er verbs::family::pt::fazer verbs::flag::pt::derivados verbs::flag::pt::irregulares verbs verbs::ending::pt::er verbs::flag::pt::derivados verbs::mood::pt::indicativo verbs::tense::pt::mais-que-perfeito verbs::unit-code::pt-conjugation::mais-que-perfeito
Refazer + Mais-que-Perfeito,Refazer,"<b><span style=""color: rgb(255, 85, 0);"">Mais-que-Perfeito</span></b>",tinha refeito,tinhas refeito,tinha refeito,tínhamos refeito,tinham refeito,,,,,,/ˈtiɲɐ ʁɨˈfɐjtu/,/ˈtiɲɐʒ ʁɨˈfɐjtu/,/ˈtiɲɐʒ ʁɨˈfɐjtu/,/ˈtiɲɐmuʒ ʁɨˈfɐjtu/,/ˈtiɲɐ̃w̃ ʁɨˈfɐjtu/,,,,,,,course-code::pt-conjugation verbs::ending::pt::er verbs::family::pt::fazer verbs::flag::pt::derivados verbs::flag::pt::irregulares verbs verbs::ending::pt::er verbs::flag::pt::derivados verbs::mood::pt::indicativo verbs::tense::pt::mais-que-perfeito verbs::unit-code::pt-conjugation::mais-que-perfeito
Satisfazer + Mais-que-Perfeito,Satisfazer,"<b><span style=""color: rgb(255, 85, 0);"">Mais-que-Perfeito</span></b>",tinha satisfeito,tinhas satisfeito,tinha satisfeito,tínhamos satisfeito,tinham satisfeito,,,,,,/ˈtiɲɐ sɐtiˈʃfɐjtu/,/ˈtiɲɐʃ sɐtiˈʃfɐjtu/,/ˈtiɲɐʃ sɐtiˈʃfɐjtu/,/ˈtiɲɐmuʃ sɐtiˈʃfɐjtu/,/ˈtiɲɐ̃w̃ sɐtiˈʃfɐjtu/,,,,,,,course-code::pt-conjugation verbs::ending::pt::er verbs::family::pt::fazer verbs::flag::pt::derivados verbs::flag::pt::irregulares verbs verbs::ending::pt::er verbs::flag::pt::derivados verbs::mood::pt::indicativo verbs::tense::pt::mais-que-perfeito verbs::unit-code::pt-conjugation::mais-que-perfeito
Abster-se + Mais-que-Perfeito,Abster-se,"<b><span style=""color: rgb(255, 85, 0);"">Mais-que-Perfeito</span> + <span style=""color: rgb(0, 85, 255);"">Ter</span></b>",tinha me abstido,tinhas te abstido,tinha se abstido,tínhamos nos abstido,tinham se abstido,,,,,,/ˈtiɲɐ ˈmɛ ɐbˈʃtidu/,/ˈtiɲɐʃ ˈtɛ ɐbˈʃtidu/,/ˈtiɲɐʃ ˈtɛ ɐbˈʃtidu/,/ˈtiɲɐmuʒ ˈnɔz ɐbˈʃtidu/,/ˈtiɲɐ̃w̃ sɨ ɐbˈʃtidu/,,,,,,,course-code::pt-conjugation verbs::ending::pt::er verbs::family::pt::ter verbs::flag::pt::irregulares verbs verbs::ending::pt::er verbs::flag::pt::derivados verbs::mood::pt::indicativo verbs::tense::pt::mais-que-perfeito verbs::unit-code::pt-conjugation::mais-que-perfeito
Manter + Mais-que-Perfeito,Manter,"<b><span style=""color: rgb(255, 85, 0);"">Mais-que-Perfeito</span> + <span style=""color: rgb(0, 85, 255);"">Ter</span></b>",tinha mantido,tinhas mantido,tinha mantido,tínhamos mantido,tinham mantido,,,,,,/ˈtiɲɐ mɐ̃ˈtidu/,/ˈtiɲɐʒ mɐ̃ˈtidu/,/ˈtiɲɐʒ mɐ̃ˈtidu/,/ˈtiɲɐmuʒ mɐ̃ˈtidu/,/ˈtiɲɐ̃w̃ mɐ̃ˈtidu/,,,,,,,course-code::pt-conjugation verbs::ending::pt::er verbs::family::pt::ter verbs::flag::pt::irregulares verbs verbs::ending::pt::er verbs::flag::pt::derivados verbs::mood::pt::indicativo verbs::tense::pt::mais-que-perfeito verbs::unit-code::pt-conjugation::mais-que-perfeito
Reter + Mais-que-Perfeito,Reter,"<b><span style=""color: rgb(255, 85, 0);"">Mais-que-Perfeito</span> + <span style=""color: rgb(0, 85, 255);"">Ter</span></b>",tinha retido,tinhas retido,tinha retido,tínhamos retido,tinham retido,,,,,,/ˈtiɲɐ ʁɨˈtidu/,/ˈtiɲɐʒ ʁɨˈtidu/,/ˈtiɲɐʒ ʁɨˈtidu/,/ˈtiɲɐmuʒ ʁɨˈtidu/,/ˈtiɲɐ̃w̃ ʁɨˈtidu/,,,,,,,course-code::pt-conjugation verbs::ending::pt::er verbs::family::pt::ter verbs::flag::pt::irregulares verbs verbs::ending::pt::er verbs::flag::pt::derivados verbs::mood::pt::indicativo verbs::tense::pt::mais-que-perfeito verbs::unit-code::pt-conjugation::mais-que-perfeito
Suster + Mais-que-Perfeito,Suster,"<b><span style=""color: rgb(255, 85, 0);"">Mais-que-Perfeito</span> + <span style=""color: rgb(0, 85, 255);"">Ter</span></b>",tinha sustido,tinhas sustido,tinha sustido,tínhamos sustido,tinham sustido,,,,,,/ˈtiɲɐ suˈʃtidu/,/ˈtiɲɐʃ suˈʃtidu/,/ˈtiɲɐʃ suˈʃtidu/,/ˈtiɲɐmuʃ suˈʃtidu/,/ˈtiɲɐ̃w̃ suˈʃtidu/,,,,,,,course-code::pt-conjugation verbs::ending::pt::er verbs::family::pt::ter verbs::flag::pt::irregulares verbs verbs::ending::pt::er verbs::flag::pt::derivados verbs::mood::pt::indicativo verbs::tense::pt::mais-que-perfeito verbs::unit-code::pt-conjugation::mais-que-perfeito
Ser + Infinitivo Pessoal,Ser,"<span style=""color: rgb(125, 121, 255);""><b>Infinitivo Pessoal</b></span>",ser,seres,ser,sermos,serem,,,,,,/ˈseɾ/,/ˈsɛɾɨʃ/,/ˈseɾ/,/ˈsɛɾmuʃ/,/ˈsɛɾɐ̃j̃/,,,,,,,course-code::pt-conjugation verbs::flag::pt::irregulares verbs::mood::pt::forma-nominal verbs::tense::pt::infinitivo-flexionado verbs::unit-code::pt-conjugation::infinitivo-flexionado
Estar + Infinitivo Pessoal,Estar,"<span style=""color: rgb(125, 121, 255);""><b>Infinitivo Pessoal</b></span>",estar,estares,estar,estarmos,estarem,,,,,,/ˈʃtaɾ/,/ˈʃtaɾɨʃ/,/ˈʃtaɾ/,/ˈʃtaɾmuʃ/,/ˈʃtaɾɐ̃j̃/,,,,,,,course-code::pt-conjugation verbs::flag::pt::irregulares verbs::mood::pt::forma-nominal verbs::tense::pt::infinitivo-flexionado verbs::unit-code::pt-conjugation::infinitivo-flexionado
Ter + Infinitivo Pessoal,Ter,"<span style=""color: rgb(125, 121, 255);""><b>Infinitivo Pessoal</b></span>",ter,teres,ter,termos,terem,,,,,,/ˈteɾ/,/ˈtɛɾɨʃ/,/ˈteɾ/,/ˈtɛɾmuʃ/,/ˈtɛɾɐ̃j̃/,,,,,,,course-code::pt-conjugation verbs::flag::pt::irregulares verbs::mood::pt::forma-nominal verbs::tense::pt::infinitivo-flexionado verbs::unit-code::pt-conjugation::infinitivo-flexionado
Haver + Infinitivo Pessoal,Haver,"<span style=""color: rgb(125, 121, 255);""><b>Infinitivo Pessoal</b></span>",haver,haveres,haver,havermos,haverem,,,,,,/ɐˈveɾ/,/ɐˈveɾɨʃ/,/ɐˈveɾ/,/ɐˈveɾmuʃ/,/ɐˈveɾɐ̃j̃/,,,,,,,course-code::pt-conjugation verbs::flag::pt::irregulares verbs::mood::pt::forma-nominal verbs::tense::pt::infinitivo-flexionado verbs::unit-code::pt-conjugation::infinitivo-flexionado
Fazer + Infinitivo Pessoal,Fazer,"<span style=""color: rgb(125, 121, 255);""><b>Infinitivo Pessoal</b></span>",fazer,fazeres,fazer,fazermos,fazerem,,,,,,/fɐˈzeɾ/,/fɐˈzeɾɨʃ/,/fɐˈzeɾ/,/fɐˈzeɾmuʃ/,/fɐˈzeɾɐ̃j̃/,,,,,,,course-code::pt-conjugation verbs::flag::pt::irregulares verbs::mood::pt::forma-nominal verbs::tense::pt::infinitivo-flexionado verbs::unit-code::pt-conjugation::infinitivo-flexionado
Dizer + Infinitivo Pessoal,Dizer,"<span style=""color: rgb(125, 121, 255);""><b>Infinitivo Pessoal</b></span>",dizer,dizeres,dizer,dizermos,dizerem,,,,,,/diˈzeɾ/,/diˈzeɾɨʃ/,/diˈzeɾ/,/diˈzeɾmuʃ/,/diˈzeɾɐ̃j̃/,,,,,,,course-code::pt-conjugation verbs::flag::pt::irregulares verbs::mood::pt::forma-nominal verbs::tense::pt::infinitivo-flexionado verbs::unit-code::pt-conjugation::infinitivo-flexionado
Trazer + Infinitivo Pessoal,Trazer,"<span style=""color: rgb(125, 121, 255);""><b>Infinitivo Pessoal</b></span>",trazer,trazeres,trazer,trazermos,trazerem,,,,,,/tɾɐˈzeɾ/,/tɾɐˈzeɾɨʃ/,/tɾɐˈzeɾ/,/tɾɐˈzeɾmuʃ/,/tɾɐˈzeɾɐ̃j̃/,,,,,,,course-code::pt-conjugation verbs::flag::pt::irregulares verbs::mood::pt::forma-nominal verbs::tense::pt::infinitivo-flexionado verbs::unit-code::pt-conjugation::infinitivo-flexionado
Pôr + Infinitivo Pessoal,Pôr,"<span style=""color: rgb(125, 121, 255);""><b>Infinitivo Pessoal</b></span>",pôr,pôres,pôr,pormos,porem,,,,,,/ˈpoɾ/,/ˈpoɾɨʃ/,/ˈpoɾ/,/ˈpɔɾmuʃ/,/ˈpɔɾɐ̃j̃/,,,,,,,course-code::pt-conjugation verbs::flag::pt::irregulares verbs::mood::pt::forma-nominal verbs::tense::pt::infinitivo-flexionado verbs::unit-code::pt-conjugation::infinitivo-flexionado
Ver + Infinitivo Pessoal,Ver,"<span style=""color: rgb(125, 121, 255);""><b>Infinitivo Pessoal</b></span>",ver,veres,ver,vermos,verem,,,,,,/ˈveɾ/,/ˈvɛɾɨʃ/,/ˈveɾ/,/ˈvɛɾmuʃ/,/ˈvɛɾɐ̃j̃/,,,,,,,course-code::pt-conjugation verbs::flag::pt::irregulares verbs::mood::pt::forma-nominal verbs::tense::pt::infinitivo-flexionado verbs::unit-code::pt-conjugation::infinitivo-flexionado
Vir + Infinitivo Pessoal,Vir,"<span style=""color: rgb(125, 121, 255);""><b>Infinitivo Pessoal</b></span>",vir,vires,vir,virmos,virem,,,,,,/ˈviɾ/,/ˈviɾɨʃ/,/ˈviɾ/,/ˈviɾmuʃ/,/ˈviɾɐ̃j̃/,,,,,,,course-code::pt-conjugation verbs::flag::pt::irregulares verbs::mood::pt::forma-nominal verbs::tense::pt::infinitivo-flexionado verbs::unit-code::pt-conjugation::infinitivo-flexionado
Ouvir + Infinitivo Pessoal,Ouvir,"<span style=""color: rgb(125, 121, 255);""><b>Infinitivo Pessoal</b></span>",ouvir,ouvires,ouvir,ouvirmos,ouvirem,,,,,,/oˈviɾ/,/oˈviɾɨʃ/,/oˈviɾ/,/oˈviɾmuʃ/,/oˈviɾɐ̃j̃/,,,,,,,course-code::pt-conjugation verbs::flag::pt::irregulares verbs::mood::pt::forma-nominal verbs::tense::pt::infinitivo-flexionado verbs::unit-code::pt-conjugation::infinitivo-flexionado
Pedir + Infinitivo Pessoal,Pedir,"<span style=""color: rgb(125, 121, 255);""><b>Infinitivo Pessoal</b></span>",pedir,pedires,pedir,pedirmos,pedirem,,,,,,/pɨˈdiɾ/,/pɨˈdiɾɨʃ/,/pɨˈdiɾ/,/pɨˈdiɾmuʃ/,/pɨˈdiɾɐ̃j̃/,,,,,,,course-code::pt-conjugation verbs::flag::pt::irregulares verbs::mood::pt::forma-nominal verbs::tense::pt::infinitivo-flexionado verbs::unit-code::pt-conjugation::infinitivo-flexionado
Poder + Infinitivo Pessoal,Poder,"<span style=""color: rgb(125, 121, 255);""><b>Infinitivo Pessoal</b></span>",poder,poderes,poder,podermos,poderem,,,,,,/puˈdeɾ/,/puˈdeɾɨʃ/,/puˈdeɾ/,/puˈdeɾmuʃ/,/puˈdeɾɐ̃j̃/,,,,,,,course-code::pt-conjugation verbs::flag::pt::irregulares verbs::mood::pt::forma-nominal verbs::tense::pt::infinitivo-flexionado verbs::unit-code::pt-conjugation::infinitivo-flexionado
Querer + Infinitivo Pessoal,Querer,"<span style=""color: rgb(125, 121, 255);""><b>Infinitivo Pessoal</b></span>",querer,quereres,querer,querermos,quererem,,,,,,/kɨˈɾeɾ/,/kɨˈɾeɾɨʃ/,/kɨˈɾeɾ/,/kɨˈɾeɾmuʃ/,/kɨˈɾeɾɐ̃j̃/,,,,,,,course-code::pt-conjugation verbs::flag::pt::irregulares verbs::mood::pt::forma-nominal verbs::tense::pt::infinitivo-flexionado verbs::unit-code::pt-conjugation::infinitivo-flexionado
Saber + Infinitivo Pessoal,Saber,"<span style=""color: rgb(125, 121, 255);""><b>Infinitivo Pessoal</b></span>",saber,saberes,saber,sabermos,saberem,,,,,,/sɐˈbeɾ/,/sɐˈbeɾɨʃ/,/sɐˈbeɾ/,/sɐˈbeɾmuʃ/,/sɐˈbeɾɐ̃j̃/,,,,,,,course-code::pt-conjugation verbs::flag::pt::irregulares verbs::mood::pt::forma-nominal verbs::tense::pt::infinitivo-flexionado verbs::unit-code::pt-conjugation::infinitivo-flexionado
Dar + Infinitivo Pessoal,Dar,"<span style=""color: rgb(125, 121, 255);""><b>Infinitivo Pessoal</b></span>",dar,dares,dar,darmos,darem,,,,,,/ˈdaɾ/,/ˈdaɾɨʃ/,/ˈdaɾ/,/ˈdaɾmuʃ/,/ˈdaɾɐ̃j̃/,,,,,,,course-code::pt-conjugation verbs::flag::pt::irregulares verbs::mood::pt::forma-nominal verbs::tense::pt::infinitivo-flexionado verbs::unit-code::pt-conjugation::infinitivo-flexionado
Ler + Infinitivo Pessoal,Ler,"<span style=""color: rgb(125, 121, 255);""><b>Infinitivo Pessoal</b></span>",ler,leres,ler,lermos,lerem,,,,,,/ˈleɾ/,/ˈlɛɾɨʃ/,/ˈleɾ/,/ˈlɛɾmuʃ/,/ˈlɛɾɐ̃j̃/,,,,,,,course-code::pt-conjugation verbs::flag::pt::irregulares verbs::mood::pt::forma-nominal verbs::tense::pt::infinitivo-flexionado verbs::unit-code::pt-conjugation::infinitivo-flexionado
Amar + Infinitivo Pessoal,Amar,"<span style=""color: rgb(125, 121, 255);""><b>Infinitivo Pessoal</b></span>",amar,amares,amar,amarmos,amarem,,,,,,/ɐˈmaɾ/,/ɐˈmaɾɨʃ/,/ɐˈmaɾ/,/ɐˈmaɾmuʃ/,/ɐˈmaɾɐ̃j̃/,,,,,,,course-code::pt-conjugation verbs::ending::pt::ar verbs::mood::pt::forma-nominal verbs::tense::pt::infinitivo-flexionado verbs::unit-code::pt-conjugation::infinitivo-flexionado
Chegar + Infinitivo Pessoal,Chegar,"<span style=""color: rgb(125, 121, 255);""><b>Infinitivo Pessoal</b></span>",chegar,chegares,chegar,chegarmos,chegarem,,,,,,/ʃɨˈɡaɾ/,/ʃɨˈɡaɾɨʃ/,/ʃɨˈɡaɾ/,/ʃɨˈɡaɾmuʃ/,/ʃɨˈɡaɾɐ̃j̃/,,,,,,,course-code::pt-conjugation verbs::ending::pt::ar verbs::mood::pt::forma-nominal verbs::tense::pt::infinitivo-flexionado verbs::unit-code::pt-conjugation::infinitivo-flexionado
Falar + Infinitivo Pessoal,Falar,"<span style=""color: rgb(125, 121, 255);""><b>Infinitivo Pessoal</b></span>",falar,falares,falar,falarmos,falarem,,,,,,/fɐˈlaɾ/,/fɐˈlaɾɨʃ/,/fɐˈlaɾ/,/fɐˈlaɾmuʃ/,/fɐˈlaɾɐ̃j̃/,,,,,,,course-code::pt-conjugation verbs::ending::pt::ar verbs::mood::pt::forma-nominal verbs::tense::pt::infinitivo-flexionado verbs::unit-code::pt-conjugation::infinitivo-flexionado
Trabalhar + Infinitivo Pessoal,Trabalhar,"<span style=""color: rgb(125, 121, 255);""><b>Infinitivo Pessoal</b></span>",trabalhar,trabalhares,trabalhar,trabalharmos,trabalharem,,,,,,/tɾɐbɐˈʎaɾ/,/tɾɐbɐˈʎaɾɨʃ/,/tɾɐbɐˈʎaɾ/,/tɾɐbɐˈʎaɾmuʃ/,/tɾɐbɐˈʎaɾɐ̃j̃/,,,,,,,course-code::pt-conjugation verbs::ending::pt::ar verbs::mood::pt::forma-nominal verbs::tense::pt::infinitivo-flexionado verbs::unit-code::pt-conjugation::infinitivo-flexionado
Estudar + Infinitivo Pessoal,Estudar,"<span style=""color: rgb(125, 121, 255);""><b>Infinitivo Pessoal</b></span>",estudar,estudares,estudar,estudarmos,estudarem,,,,,,/ʃtuˈdaɾ/,/ʃtuˈdaɾɨʃ/,/ʃtuˈdaɾ/,/ʃtuˈdaɾmuʃ/,/ʃtuˈdaɾɐ̃j̃/,,,,,,,course-code::pt-conjugation verbs::ending::pt::ar verbs::mood::pt::forma-nominal verbs::tense::pt::infinitivo-flexionado verbs::unit-code::pt-conjugation::infinitivo-flexionado
Chamar + Infinitivo Pessoal,Chamar,"<span style=""color: rgb(125, 121, 255);""><b>Infinitivo Pessoal</b></span>",chamar,chamares,chamar,chamarmos,chamarem,,,,,,/ʃɐˈmaɾ/,/ʃɐˈmaɾɨʃ/,/ʃɐˈmaɾ/,/ʃɐˈmaɾmuʃ/,/ʃɐˈmaɾɐ̃j̃/,,,,,,,course-code::pt-conjugation verbs::ending::pt::ar verbs::mood::pt::forma-nominal verbs::tense::pt::infinitivo-flexionado verbs::unit-code::pt-conjugation::infinitivo-flexionado
Pensar + Infinitivo Pessoal,Pensar,"<span style=""color: rgb(125, 121, 255);""><b>Infinitivo Pessoal</b></span>",pensar,pensares,pensar,pensarmos,pensarem,,,,,,/pẽˈsaɾ/,/pẽˈsaɾɨʃ/,/pẽˈsaɾ/,/pẽˈsaɾmuʃ/,/pẽˈsaɾɐ̃j̃/,,,,,,,course-code::pt-conjugation verbs::ending::pt::ar verbs::mood::pt::forma-nominal verbs::tense::pt::infinitivo-flexionado verbs::unit-code::pt-conjugation::infinitivo-flexionado
Comprar + Infinitivo Pessoal,Comprar,"<span style=""color: rgb(125, 121, 255);""><b>Infinitivo Pessoal</b></span>",comprar,comprares,comprar,comprarmos,comprarem,,,,,,/kõˈpɾaɾ/,/kõˈpɾaɾɨʃ/,/kõˈpɾaɾ/,/kõˈpɾaɾmuʃ/,/kõˈpɾaɾɐ̃j̃/,,,,,,,course-code::pt-conjugation verbs::ending::pt::ar verbs::mood::pt::forma-nominal verbs::tense::pt::infinitivo-flexionado verbs::unit-code::pt-conjugation::infinitivo-flexionado
Ajudar + Infinitivo Pessoal,Ajudar,"<span style=""color: rgb(125, 121, 255);""><b>Infinitivo Pessoal</b></span>",ajudar,ajudares,ajudar,ajudarmos,ajudarem,,,,,,/ɐʒuˈdaɾ/,/ɐʒuˈdaɾɨʃ/,/ɐʒuˈdaɾ/,/ɐʒuˈdaɾmuʃ/,/ɐʒuˈdaɾɐ̃j̃/,,,,,,,course-code::pt-conjugation verbs::ending::pt::ar verbs::mood::pt::forma-nominal verbs::tense::pt::infinitivo-flexionado verbs::unit-code::pt-conjugation::infinitivo-flexionado
Esperar + Infinitivo Pessoal,Esperar,"<span style=""color: rgb(125, 121, 255);""><b>Infinitivo Pessoal</b></span>",esperar,esperares,esperar,esperarmos,esperarem,,,,,,/ʃpɨˈɾaɾ/,/ʃpɨˈɾaɾɨʃ/,/ʃpɨˈɾaɾ/,/ʃpɨˈɾaɾmuʃ/,/ʃpɨˈɾaɾɐ̃j̃/,,,,,,,course-code::pt-conjugation verbs::ending::pt::ar verbs::mood::pt::forma-nominal verbs::tense::pt::infinitivo-flexionado verbs::unit-code::pt-conjugation::infinitivo-flexionado
Tomar + Infinitivo Pessoal,Tomar,"<span style=""color: rgb(125, 121, 255);""><b>Infinitivo Pessoal</b></span>",tomar,tomares,tomar,tomarmos,tomarem,,,,,,/tuˈmaɾ/,/tuˈmaɾɨʃ/,/tuˈmaɾ/,/tuˈmaɾmuʃ/,/tuˈmaɾɐ̃j̃/,,,,,,,course-code::pt-conjugation verbs::ending::pt::ar verbs::mood::pt::forma-nominal verbs::tense::pt::infinitivo-flexionado verbs::unit-code::pt-conjugation::infinitivo-flexionado
Levar + Infinitivo Pessoal,Levar,"<span style=""color: rgb(125, 121, 255);""><b>Infinitivo Pessoal</b></span>",levar,levares,levar,levarmos,levarem,,,,,,/lɨˈvaɾ/,/lɨˈvaɾɨʃ/,/lɨˈvaɾ/,/lɨˈvaɾmuʃ/,/lɨˈvaɾɐ̃j̃/,,,,,,,course-code::pt-conjugation verbs::ending::pt::ar verbs::mood::pt::forma-nominal verbs::tense::pt::infinitivo-flexionado verbs::unit-code::pt-conjugation::infinitivo-flexionado
Tentar + Infinitivo Pessoal,Tentar,"<span style=""color: rgb(125, 121, 255);""><b>Infinitivo Pessoal</b></span>",tentar,tentares,tentar,tentarmos,tentarem,,,,,,/tẽˈtaɾ/,/tẽˈtaɾɨʃ/,/tẽˈtaɾ/,/tẽˈtaɾmuʃ/,/tẽˈtaɾɐ̃j̃/,,,,,,,course-code::pt-conjugation verbs::ending::pt::ar verbs::mood::pt::forma-nominal verbs::tense::pt::infinitivo-flexionado verbs::unit-code::pt-conjugation::infinitivo-flexionado
Voltar + Infinitivo Pessoal,Voltar,"<span style=""color: rgb(125, 121, 255);""><b>Infinitivo Pessoal</b></span>",voltar,voltares,voltar,voltarmos,voltarem,,,,,,/vɔɫˈtaɾ/,/vɔɫˈtaɾɨʃ/,/vɔɫˈtaɾ/,/vɔɫˈtaɾmuʃ/,/vɔɫˈtaɾɐ̃j̃/,,,,,,,course-code::pt-conjugation verbs::ending::pt::ar verbs::mood::pt::forma-nominal verbs::tense::pt::infinitivo-flexionado verbs::unit-code::pt-conjugation::infinitivo-flexionado
Perguntar + Infinitivo Pessoal,Perguntar,"<span style=""color: rgb(125, 121, 255);""><b>Infinitivo Pessoal</b></span>",perguntar,perguntares,perguntar,perguntarmos,perguntarem,,,,,,/pɨɾɡũˈtaɾ/,/pɨɾɡũˈtaɾɨʃ/,/pɨɾɡũˈtaɾ/,/pɨɾɡũˈtaɾmuʃ/,/pɨɾɡũˈtaɾɐ̃j̃/,,,,,,,course-code::pt-conjugation verbs::ending::pt::ar verbs::mood::pt::forma-nominal verbs::tense::pt::infinitivo-flexionado verbs::unit-code::pt-conjugation::infinitivo-flexionado
Encontrar + Infinitivo Pessoal,Encontrar,"<span style=""color: rgb(125, 121, 255);""><b>Infinitivo Pessoal</b></span>",encontrar,encontrares,encontrar,encontrarmos,encontrarem,,,,,,/ẽkõˈtɾaɾ/,/ẽkõˈtɾaɾɨʃ/,/ẽkõˈtɾaɾ/,/ẽkõˈtɾaɾmuʃ/,/ẽkõˈtɾaɾɐ̃j̃/,,,,,,,course-code::pt-conjugation verbs::ending::pt::ar verbs::mood::pt::forma-nominal verbs::tense::pt::infinitivo-flexionado verbs::unit-code::pt-conjugation::infinitivo-flexionado
Morar + Infinitivo Pessoal,Morar,"<span style=""color: rgb(125, 121, 255);""><b>Infinitivo Pessoal</b></span>",morar,morares,morar,morarmos,morarem,,,,,,/muˈɾaɾ/,/muˈɾaɾɨʃ/,/muˈɾaɾ/,/muˈɾaɾmuʃ/,/muˈɾaɾɐ̃j̃/,,,,,,,course-code::pt-conjugation verbs::ending::pt::ar verbs::mood::pt::forma-nominal verbs::tense::pt::infinitivo-flexionado verbs::unit-code::pt-conjugation::infinitivo-flexionado
Gostar + Infinitivo Pessoal,Gostar,"<span style=""color: rgb(125, 121, 255);""><b>Infinitivo Pessoal</b></span>",gostar,gostares,gostar,gostarmos,gostarem,,,,,,/ɡuˈʃtaɾ/,/ɡuˈʃtaɾɨʃ/,/ɡuˈʃtaɾ/,/ɡuˈʃtaɾmuʃ/,/ɡuˈʃtaɾɐ̃j̃/,,,,,,,course-code::pt-conjugation verbs::ending::pt::ar verbs::mood::pt::forma-nominal verbs::tense::pt::infinitivo-flexionado verbs::unit-code::pt-conjugation::infinitivo-flexionado
Começar + Infinitivo Pessoal,Começar,"<span style=""color: rgb(125, 121, 255);""><b>Infinitivo Pessoal</b></span>",começar,começares,começar,começarmos,começarem,,,,,,/kumɨˈsaɾ/,/kumɨˈsaɾɨʃ/,/kumɨˈsaɾ/,/kumɨˈsaɾmuʃ/,/kumɨˈsaɾɐ̃j̃/,,,,,,,course-code::pt-conjugation verbs::ending::pt::ar verbs::mood::pt::forma-nominal verbs::tense::pt::infinitivo-flexionado verbs::unit-code::pt-conjugation::infinitivo-flexionado
Olhar + Infinitivo Pessoal,Olhar,"<span style=""color: rgb(125, 121, 255);""><b>Infinitivo Pessoal</b></span>",olhar,olhares,olhar,olharmos,olharem,,,,,,/oˈʎaɾ/,/oˈʎaɾɨʃ/,/oˈʎaɾ/,/oˈʎaɾmuʃ/,/oˈʎaɾɐ̃j̃/,,,,,,,course-code::pt-conjugation verbs::ending::pt::ar verbs::mood::pt::forma-nominal verbs::tense::pt::infinitivo-flexionado verbs::unit-code::pt-conjugation::infinitivo-flexionado
Andar + Infinitivo Pessoal,Andar,"<span style=""color: rgb(125, 121, 255);""><b>Infinitivo Pessoal</b></span>",andar,andares,andar,andarmos,andarem,,,,,,/ɐ̃ˈdaɾ/,/ɐ̃ˈdaɾɨʃ/,/ɐ̃ˈdaɾ/,/ɐ̃ˈdaɾmuʃ/,/ɐ̃ˈdaɾɐ̃j̃/,,,,,,,course-code::pt-conjugation verbs::ending::pt::ar verbs::mood::pt::forma-nominal verbs::tense::pt::infinitivo-flexionado verbs::unit-code::pt-conjugation::infinitivo-flexionado
Deixar + Infinitivo Pessoal,Deixar,"<span style=""color: rgb(125, 121, 255);""><b>Infinitivo Pessoal</b></span>",deixar,deixares,deixar,deixarmos,deixarem,,,,,,/dɐjˈʃaɾ/,/dɐjˈʃaɾɨʃ/,/dɐjˈʃaɾ/,/dɐjˈʃaɾmuʃ/,/dɐjˈʃaɾɐ̃j̃/,,,,,,,course-code::pt-conjugation verbs::ending::pt::ar verbs::mood::pt::forma-nominal verbs::tense::pt::infinitivo-flexionado verbs::unit-code::pt-conjugation::infinitivo-flexionado
Mostrar + Infinitivo Pessoal,Mostrar,"<span style=""color: rgb(125, 121, 255);""><b>Infinitivo Pessoal</b></span>",mostrar,mostrares,mostrar,mostrarmos,mostrarem,,,,,,/muʃˈtɾaɾ/,/muʃˈtɾaɾɨʃ/,/muʃˈtɾaɾ/,/muʃˈtɾaɾmuʃ/,/muʃˈtɾaɾɐ̃j̃/,,,,,,,course-code::pt-conjugation verbs::ending::pt::ar verbs::mood::pt::forma-nominal verbs::tense::pt::infinitivo-flexionado verbs::unit-code::pt-conjugation::infinitivo-flexionado
Acreditar + Infinitivo Pessoal,Acreditar,"<span style=""color: rgb(125, 121, 255);""><b>Infinitivo Pessoal</b></span>",acreditar,acreditares,acreditar,acreditarmos,acreditarem,,,,,,/ɐkɾɨdiˈtaɾ/,/ɐkɾɨdiˈtaɾɨʃ/,/ɐkɾɨdiˈtaɾ/,/ɐkɾɨdiˈtaɾmuʃ/,/ɐkɾɨdiˈtaɾɐ̃j̃/,,,,,,,course-code::pt-conjugation verbs::ending::pt::ar verbs::mood::pt::forma-nominal verbs::tense::pt::infinitivo-flexionado verbs::unit-code::pt-conjugation::infinitivo-flexionado
Apresentar + Infinitivo Pessoal,Apresentar,"<span style=""color: rgb(125, 121, 255);""><b>Infinitivo Pessoal</b></span>",apresentar,apresentares,apresentar,apresentarmos,apresentarem,,,,,,/ɐpɾɨzẽˈtaɾ/,/ɐpɾɨzẽˈtaɾɨʃ/,/ɐpɾɨzẽˈtaɾ/,/ɐpɾɨzẽˈtaɾmuʃ/,/ɐpɾɨzẽˈtaɾɐ̃j̃/,,,,,,,course-code::pt-conjugation verbs::ending::pt::ar verbs::mood::pt::forma-nominal verbs::tense::pt::infinitivo-flexionado verbs::unit-code::pt-conjugation::infinitivo-flexionado
Comer + Infinitivo Pessoal,Comer,"<span style=""color: rgb(125, 121, 255);""><b>Infinitivo Pessoal</b></span>",comer,comeres,comer,comermos,comerem,,,,,,/kuˈmeɾ/,/kuˈmeɾɨʃ/,/kuˈmeɾ/,/kuˈmeɾmuʃ/,/kuˈmeɾɐ̃j̃/,,,,,,,course-code::pt-conjugation verbs::ending::pt::er verbs::mood::pt::forma-nominal verbs::tense::pt::infinitivo-flexionado verbs::unit-code::pt-conjugation::infinitivo-flexionado
Beber + Infinitivo Pessoal,Beber,"<span style=""color: rgb(125, 121, 255);""><b>Infinitivo Pessoal</b></span>",beber,beberes,beber,bebermos,beberem,,,,,,/bɨˈbeɾ/,/bɨˈbeɾɨʃ/,/bɨˈbeɾ/,/bɨˈbeɾmuʃ/,/bɨˈbeɾɐ̃j̃/,,,,,,,course-code::pt-conjugation verbs::ending::pt::er verbs::mood::pt::forma-nominal verbs::tense::pt::infinitivo-flexionado verbs::unit-code::pt-conjugation::infinitivo-flexionado
Vender + Infinitivo Pessoal,Vender,"<span style=""color: rgb(125, 121, 255);""><b>Infinitivo Pessoal</b></span>",vender,venderes,vender,vendermos,venderem,,,,,,/vẽˈdeɾ/,/vẽˈdɛɾɨʃ/,/vẽˈdeɾ/,/vẽˈdɛɾmuʃ/,/vẽˈdɛɾɐ̃j̃/,,,,,,,course-code::pt-conjugation verbs::ending::pt::er verbs::mood::pt::forma-nominal verbs::tense::pt::infinitivo-flexionado verbs::unit-code::pt-conjugation::infinitivo-flexionado
Correr + Infinitivo Pessoal,Correr,"<span style=""color: rgb(125, 121, 255);""><b>Infinitivo Pessoal</b></span>",correr,correres,correr,corrermos,correrem,,,,,,/kuˈʁeɾ/,/kuˈʁeɾɨʃ/,/kuˈʁeɾ/,/kuˈʁeɾmuʃ/,/kuˈʁeɾɐ̃j̃/,,,,,,,course-code::pt-conjugation verbs::ending::pt::er verbs::mood::pt::forma-nominal verbs::tense::pt::infinitivo-flexionado verbs::unit-code::pt-conjugation::infinitivo-flexionado
Aprender + Infinitivo Pessoal,Aprender,"<span style=""color: rgb(125, 121, 255);""><b>Infinitivo Pessoal</b></span>",aprender,aprendere,aprender,aprendermos,aprendere,,,,,,/ɐpɾẽˈdeɾ/,/ɐpɾẽˈdɛɾɨ/,/ɐpɾẽˈdeɾ/,/ɐpɾẽˈdeɾmuʃ/,/ɐpɾẽˈdɛɾɨ/,,,,,,,course-code::pt-conjugation verbs::ending::pt::er verbs::mood::pt::forma-nominal verbs::tense::pt::infinitivo-flexionado verbs::unit-code::pt-conjugation::infinitivo-flexionado
Escrever + Infinitivo Pessoal,Escrever,"<span style=""color: rgb(125, 121, 255);""><b>Infinitivo Pessoal</b></span>",escrever,escreveres,escrever,escrevermos,escreverem,,,,,,/ʃkɾɨˈveɾ/,/ʃkɾɨˈveɾɨʃ/,/ʃkɾɨˈveɾ/,/ʃkɾɨˈveɾmuʃ/,/ʃkɾɨˈveɾɐ̃j̃/,,,,,,,course-code::pt-conjugation verbs::ending::pt::er verbs::mood::pt::forma-nominal verbs::tense::pt::infinitivo-flexionado verbs::unit-code::pt-conjugation::infinitivo-flexionado
Viver + Infinitivo Pessoal,Viver,"<span style=""color: rgb(125, 121, 255);""><b>Infinitivo Pessoal</b></span>",viver,viveres,viver,vivermos,viverem,,,,,,/viˈveɾ/,/viˈveɾɨʃ/,/viˈveɾ/,/viˈveɾmuʃ/,/viˈveɾɐ̃j̃/,,,,,,,course-code::pt-conjugation verbs::ending::pt::er verbs::mood::pt::forma-nominal verbs::tense::pt::infinitivo-flexionado verbs::unit-code::pt-conjugation::infinitivo-flexionado
Responder + Infinitivo Pessoal,Responder,"<span style=""color: rgb(125, 121, 255);""><b>Infinitivo Pessoal</b></span>",responder,responderes,responder,respondemos,responderem,,,,,,/ʁɨʃpõˈdeɾ/,/ʁɨʃpõˈdeɾɨʃ/,/ʁɨʃpõˈdeɾ/,/ʁɨʃpõˈdemuʃ/,/ʁɨʃpõˈdeɾɐ̃j̃/,,,,,,,course-code::pt-conjugation verbs::ending::pt::er verbs::mood::pt::forma-nominal verbs::tense::pt::infinitivo-flexionado verbs::unit-code::pt-conjugation::infinitivo-flexionado
Receber + Infinitivo Pessoal,Receber,"<span style=""color: rgb(125, 121, 255);""><b>Infinitivo Pessoal</b></span>",receber,receberes,receber,recebermos,receberem,,,,,,/ʁɨsɨˈbeɾ/,/ʁɨsɨˈbeɾɨʃ/,/ʁɨsɨˈbeɾ/,/ʁɨsɨˈbeɾmuʃ/,/ʁɨsɨˈbeɾɐ̃j̃/,,,,,,,course-code::pt-conjugation verbs::ending::pt::er verbs::mood::pt::forma-nominal verbs::tense::pt::infinitivo-flexionado verbs::unit-code::pt-conjugation::infinitivo-flexionado
Entender + Infinitivo Pessoal,Entender,"<span style=""color: rgb(125, 121, 255);""><b>Infinitivo Pessoal</b></span>",entender,entenderes,entender,entendermos,entenderem,,,,,,/ẽtẽˈdeɾ/,/ẽtẽˈdɛɾɨʃ/,/ẽtẽˈdeɾ/,/ẽtẽˈdɛɾmuʃ/,/ẽtẽˈdɛɾɐ̃j̃/,,,,,,,course-code::pt-conjugation verbs::ending::pt::er verbs::mood::pt::forma-nominal verbs::tense::pt::infinitivo-flexionado verbs::unit-code::pt-conjugation::infinitivo-flexionado
Esconder + Infinitivo Pessoal,Esconder,"<span style=""color: rgb(125, 121, 255);""><b>Infinitivo Pessoal</b></span>",esconder,esconderes,esconder,escondermos,esconderem,,,,,,/ʃkõˈdeɾ/,/ʃkõˈdɛɾɨʃ/,/ʃkõˈdeɾ/,/ʃkõˈdɛɾmuʃ/,/ʃkõˈdɛɾɐ̃j̃/,,,,,,,course-code::pt-conjugation verbs::ending::pt::er verbs::mood::pt::forma-nominal verbs::tense::pt::infinitivo-flexionado verbs::unit-code::pt-conjugation::infinitivo-flexionado
Perder + Infinitivo Pessoal,Perder,"<span style=""color: rgb(125, 121, 255);""><b>Infinitivo Pessoal</b></span>",perder,perderes,perder,perdermos,perderem,,,,,,/pɨɾˈdeɾ/,/pɨɾˈdeɾɨʃ/,/pɨɾˈdeɾ/,/pɨɾˈdeɾmuʃ/,/pɨɾˈdeɾɐ̃j̃/,,,,,,,course-code::pt-conjugation verbs::ending::pt::er verbs::mood::pt::forma-nominal verbs::tense::pt::infinitivo-flexionado verbs::unit-code::pt-conjugation::infinitivo-flexionado
Temer + Infinitivo Pessoal,Temer,"<span style=""color: rgb(125, 121, 255);""><b>Infinitivo Pessoal</b></span>",temer,temeres,temer,temermos,temerem,,,,,,/tɨˈmeɾ/,/tɨˈmeɾɨʃ/,/tɨˈmeɾ/,/tɨˈmeɾmuʃ/,/tɨˈmeɾɐ̃j̃/,,,,,,,course-code::pt-conjugation verbs::ending::pt::er verbs::mood::pt::forma-nominal verbs::tense::pt::infinitivo-flexionado verbs::unit-code::pt-conjugation::infinitivo-flexionado
Prometer + Infinitivo Pessoal,Prometer,"<span style=""color: rgb(125, 121, 255);""><b>Infinitivo Pessoal</b></span>",prometer,prometeres,prometer,prometermos,prometerem,,,,,,/pɾumɨˈteɾ/,/pɾumɨˈteɾɨʃ/,/pɾumɨˈteɾ/,/pɾumɨˈteɾmuʃ/,/pɾumɨˈteɾɐ̃j̃/,,,,,,,course-code::pt-conjugation verbs::ending::pt::er verbs::mood::pt::forma-nominal verbs::tense::pt::infinitivo-flexionado verbs::unit-code::pt-conjugation::infinitivo-flexionado
Fornecer + Infinitivo Pessoal,Fornecer,"<span style=""color: rgb(125, 121, 255);""><b>Infinitivo Pessoal</b></span>",fornecer,forneceres,fornecer,fornecermos,fornecerem,,,,,,/fuɾnɨˈseɾ/,/fuɾnɨˈseɾɨʃ/,/fuɾnɨˈseɾ/,/fuɾnɨˈseɾmuʃ/,/fuɾnɨˈseɾɐ̃j̃/,,,,,,,course-code::pt-conjugation verbs::ending::pt::er verbs::mood::pt::forma-nominal verbs::tense::pt::infinitivo-flexionado verbs::unit-code::pt-conjugation::infinitivo-flexionado
Proteger + Infinitivo Pessoal,Proteger,"<span style=""color: rgb(125, 121, 255);""><b>Infinitivo Pessoal</b></span>",proteger,protegeres,proteger,protegermos,protegerem,,,,,,/pɾutɨˈʒeɾ/,/pɾutɨˈʒeɾɨʃ/,/pɾutɨˈʒeɾ/,/pɾutɨˈʒeɾmuʃ/,/pɾutɨˈʒeɾɐ̃j̃/,,,,,,,course-code::pt-conjugation verbs::ending::pt::er verbs::mood::pt::forma-nominal verbs::tense::pt::infinitivo-flexionado verbs::unit-code::pt-conjugation::infinitivo-flexionado
Escolher + Infinitivo Pessoal,Escolher,"<span style=""color: rgb(125, 121, 255);""><b>Infinitivo Pessoal</b></span>",escolher,escolheres,escolher,escolhermos,escolherem,,,,,,/ʃkuˈʎeɾ/,/ʃkuˈʎeɾɨʃ/,/ʃkuˈʎeɾ/,/ʃkuˈʎeɾmuʃ/,/ʃkuˈʎeɾɐ̃j̃/,,,,,,,course-code::pt-conjugation verbs::ending::pt::er verbs::mood::pt::forma-nominal verbs::tense::pt::infinitivo-flexionado verbs::unit-code::pt-conjugation::infinitivo-flexionado
Acontecer + Infinitivo Pessoal,Acontecer,"<span style=""color: rgb(125, 121, 255);""><b>Infinitivo Pessoal</b></span>",acontecer,aconteceres,acontecer,acontecermos,acontecerem,,,,,,/ɐkõtɨˈseɾ/,/ɐkõtɨˈseɾɨʃ/,/ɐkõtɨˈseɾ/,/ɐkõtɨˈseɾmuʃ/,/ɐkõtɨˈseɾɐ̃j̃/,,,,,,,course-code::pt-conjugation verbs::ending::pt::er verbs::mood::pt::forma-nominal verbs::tense::pt::infinitivo-flexionado verbs::unit-code::pt-conjugation::infinitivo-flexionado
Conhecer + Infinitivo Pessoal,Conhecer,"<span style=""color: rgb(125, 121, 255);""><b>Infinitivo Pessoal</b></span>",conhecer,conheceres,conhecer,conhecermos,conhecerem,,,,,,/kuɲɨˈseɾ/,/kuɲɨˈseɾɨʃ/,/kuɲɨˈseɾ/,/kuɲɨˈseɾmuʃ/,/kuɲɨˈseɾɐ̃j̃/,,,,,,,course-code::pt-conjugation verbs::ending::pt::er verbs::mood::pt::forma-nominal verbs::tense::pt::infinitivo-flexionado verbs::unit-code::pt-conjugation::infinitivo-flexionado
Compreender + Infinitivo Pessoal,Compreender,"<span style=""color: rgb(125, 121, 255);""><b>Infinitivo Pessoal</b></span>",compreender,compreenderes,compreender,compreendermos,compreenderem,,,,,,/kõpɾɨẽˈdeɾ/,/kõpɾɨẽˈdeɾɨʃ/,/kõpɾɨẽˈdeɾ/,/kõpɾɨẽˈdeɾmuʃ/,/kõpɾɨẽˈdeɾɐ̃j̃/,,,,,,,course-code::pt-conjugation verbs::ending::pt::er verbs::mood::pt::forma-nominal verbs::tense::pt::infinitivo-flexionado verbs::unit-code::pt-conjugation::infinitivo-flexionado
Depender + Infinitivo Pessoal,Depender,"<span style=""color: rgb(125, 121, 255);""><b>Infinitivo Pessoal</b></span>",depender,dependeres,depender,dependermos,dependerem,,,,,,/dɨpẽˈdeɾ/,/dɨpẽˈdeɾɨʃ/,/dɨpẽˈdeɾ/,/dɨpẽˈdeɾmuʃ/,/dɨpẽˈdeɾɐ̃j̃/,,,,,,,course-code::pt-conjugation verbs::ending::pt::er verbs::mood::pt::forma-nominal verbs::tense::pt::infinitivo-flexionado verbs::unit-code::pt-conjugation::infinitivo-flexionado
Temer + Infinitivo Pessoal,Temer,"<span style=""color: rgb(125, 121, 255);""><b>Infinitivo Pessoal</b></span>",temer,temeres,temer,temermos,temerem,,,,,,/tɨˈmeɾ/,/tɨˈmeɾɨʃ/,/tɨˈmeɾ/,/tɨˈmeɾmuʃ/,/tɨˈmeɾɐ̃j̃/,,,,,,,course-code::pt-conjugation verbs::ending::pt::er verbs::mood::pt::forma-nominal verbs::tense::pt::infinitivo-flexionado verbs::unit-code::pt-conjugation::infinitivo-flexionado
Permitir + Infinitivo Pessoal,Permitir,"<span style=""color: rgb(125, 121, 255);""><b>Infinitivo Pessoal</b></span>",permitir,permitires,permitir,permitirmos,permitirem,,,,,,/pɨɾmiˈtiɾ/,/pɨɾmiˈtiɾɨʃ/,/pɨɾmiˈtiɾ/,/pɨɾmiˈtiɾmuʃ/,/pɨɾmiˈtiɾɐ̃j̃/,,,,,,,course-code::pt-conjugation verbs::ending::pt::ir verbs::mood::pt::forma-nominal verbs::tense::pt::infinitivo-flexionado verbs::unit-code::pt-conjugation::infinitivo-flexionado
Atender + Infinitivo Pessoal,Atender,"<span style=""color: rgb(125, 121, 255);""><b>Infinitivo Pessoal</b></span>",atender,atenderes,atender,atendermos,atenderem,,,,,,/ɐtẽˈdeɾ/,/ɐtẽˈdeɾɨʃ/,/ɐtẽˈdeɾ/,/ɐtẽˈdeɾmuʃ/,/ɐtẽˈdeɾɐ̃j̃/,,,,,,,course-code::pt-conjugation verbs::ending::pt::er verbs::mood::pt::forma-nominal verbs::tense::pt::infinitivo-flexionado verbs::unit-code::pt-conjugation::infinitivo-flexionado
Obedecer + Infinitivo Pessoal,Obedecer,"<span style=""color: rgb(125, 121, 255);""><b>Infinitivo Pessoal</b></span>",obedecer,obedeceres,obedecer,obedecermos,obedecerem,,,,,,/obɨdɨˈseɾ/,/obɨdɨˈseɾɨʃ/,/obɨdɨˈseɾ/,/obɨdɨˈseɾmuʃ/,/obɨdɨˈseɾɐ̃j̃/,,,,,,,course-code::pt-conjugation verbs::ending::pt::er verbs::mood::pt::forma-nominal verbs::tense::pt::infinitivo-flexionado verbs::unit-code::pt-conjugation::infinitivo-flexionado
Abrir + Infinitivo Pessoal,Abrir,"<span style=""color: rgb(125, 121, 255);""><b>Infinitivo Pessoal</b></span>",abrir,abrires,abrir,abrirmos,abrirem,,,,,,/ɐˈbɾiɾ/,/ɐˈbɾiɾɨʃ/,/ɐˈbɾiɾ/,/ɐˈbɾiɾmuʃ/,/ɐˈbɾiɾɐ̃j̃/,,,,,,,course-code::pt-conjugation verbs::ending::pt::ir verbs::mood::pt::forma-nominal verbs::tense::pt::infinitivo-flexionado verbs::unit-code::pt-conjugation::infinitivo-flexionado
Partir + Infinitivo Pessoal,Partir,"<span style=""color: rgb(125, 121, 255);""><b>Infinitivo Pessoal</b></span>",partir,partires,partir,partirmos,partirem,,,,,,/pɐɾˈtiɾ/,/pɐɾˈtiɾɨʃ/,/pɐɾˈtiɾ/,/pɐɾˈtiɾmuʃ/,/pɐɾˈtiɾɐ̃j̃/,,,,,,,course-code::pt-conjugation verbs::ending::pt::ir verbs::mood::pt::forma-nominal verbs::tense::pt::infinitivo-flexionado verbs::unit-code::pt-conjugation::infinitivo-flexionado
Decidir + Infinitivo Pessoal,Decidir,"<span style=""color: rgb(125, 121, 255);""><b>Infinitivo Pessoal</b></span>",decidir,decidires,decidir,decidirmos,decidirem,,,,,,/dɨsiˈdiɾ/,/dɨsiˈdiɾɨʃ/,/dɨsiˈdiɾ/,/dɨsiˈdiɾmuʃ/,/dɨsiˈdiɾɐ̃j̃/,,,,,,,course-code::pt-conjugation verbs::ending::pt::ir verbs::mood::pt::forma-nominal verbs::tense::pt::infinitivo-flexionado verbs::unit-code::pt-conjugation::infinitivo-flexionado
Sentir + Infinitivo Pessoal,Sentir,"<span style=""color: rgb(125, 121, 255);""><b>Infinitivo Pessoal</b></span>",sentir,sentires,sentir,sentirmos,sentirem,,,,,,/sẽˈtiɾ/,/sẽˈtiɾɨʃ/,/sẽˈtiɾ/,/sẽˈtiɾmuʃ/,/sẽˈtiɾɐ̃j̃/,,,,,,,course-code::pt-conjugation verbs::ending::pt::ir verbs::mood::pt::forma-nominal verbs::tense::pt::infinitivo-flexionado verbs::unit-code::pt-conjugation::infinitivo-flexionado
Vestir + Infinitivo Pessoal,Vestir,"<span style=""color: rgb(125, 121, 255);""><b>Infinitivo Pessoal</b></span>",vestir,vestires,vestir,vestirmos,vestirem,,,,,,/vɨˈʃtiɾ/,/vɨˈʃtiɾɨʃ/,/vɨˈʃtiɾ/,/vɨˈʃtiɾmuʃ/,/vɨˈʃtiɾɐ̃j̃/,,,,,,,course-code::pt-conjugation verbs::ending::pt::ir verbs::mood::pt::forma-nominal verbs::tense::pt::infinitivo-flexionado verbs::unit-code::pt-conjugation::infinitivo-flexionado
Assistir + Infinitivo Pessoal,Assistir,"<span style=""color: rgb(125, 121, 255);""><b>Infinitivo Pessoal</b></span>",assistir,assisteres,assistir,assistirmos,assistirem,,,,,,/ɐsiˈʃtiɾ/,/ɐsiˈʃteɾɨʃ/,/ɐsiˈʃtiɾ/,/ɐsiˈʃtiɾmuʃ/,/ɐsiˈʃtiɾɐ̃j̃/,,,,,,,course-code::pt-conjugation verbs::ending::pt::ir verbs::mood::pt::forma-nominal verbs::tense::pt::infinitivo-flexionado verbs::unit-code::pt-conjugation::infinitivo-flexionado
Consentir + Infinitivo Pessoal,Consentir,"<span style=""color: rgb(125, 121, 255);""><b>Infinitivo Pessoal</b></span>",consentir,consentires,consentir,consentirmos,consentirem,,,,,,/kõsẽˈtiɾ/,/kõsẽˈtiɾɨʃ/,/kõsẽˈtiɾ/,/kõsẽˈtiɾmuʃ/,/kõsẽˈtiɾɐ̃j̃/,,,,,,,course-code::pt-conjugation verbs::ending::pt::ir verbs::mood::pt::forma-nominal verbs::tense::pt::infinitivo-flexionado verbs::unit-code::pt-conjugation::infinitivo-flexionado
Corrigir + Infinitivo Pessoal,Corrigir,"<span style=""color: rgb(125, 121, 255);""><b>Infinitivo Pessoal</b></span>",corrigir,corrigires,corrigir,corrigirmos,corrigirem,,,,,,/kuʁiˈʒiɾ/,/kuʁiˈʒiɾɨʃ/,/kuʁiˈʒiɾ/,/kuʁiˈʒiɾmuʃ/,/kuʁiˈʒiɾɐ̃j̃/,,,,,,,course-code::pt-conjugation verbs::ending::pt::ir verbs::mood::pt::forma-nominal verbs::tense::pt::infinitivo-flexionado verbs::unit-code::pt-conjugation::infinitivo-flexionado
Desistir + Infinitivo Pessoal,Desistir,"<span style=""color: rgb(125, 121, 255);""><b>Infinitivo Pessoal</b></span>",desistir,desistires,desistir,desistirmos,desistirem,,,,,,/dɨziˈʃtiɾ/,/dɨziˈʃtiɾɨʃ/,/dɨziˈʃtiɾ/,/dɨziˈʃtiɾmuʃ/,/dɨziˈʃtiɾɐ̃j̃/,,,,,,,course-code::pt-conjugation verbs::ending::pt::ir verbs::mood::pt::forma-nominal verbs::tense::pt::infinitivo-flexionado verbs::unit-code::pt-conjugation::infinitivo-flexionado
Dividir + Infinitivo Pessoal,Dividir,"<span style=""color: rgb(125, 121, 255);""><b>Infinitivo Pessoal</b></span>",dividir,dividires,dividir,dividirmos,dividirem,,,,,,/diviˈdiɾ/,/diviˈdiɾɨʃ/,/diviˈdiɾ/,/diviˈdiɾmuʃ/,/diviˈdiɾɐ̃j̃/,,,,,,,course-code::pt-conjugation verbs::ending::pt::ir verbs::mood::pt::forma-nominal verbs::tense::pt::infinitivo-flexionado verbs::unit-code::pt-conjugation::infinitivo-flexionado
Exigir + Infinitivo Pessoal,Exigir,"<span style=""color: rgb(125, 121, 255);""><b>Infinitivo Pessoal</b></span>",exigir,exigires,exigir,exigirmos,exigirem,,,,,,/iziˈʒiɾ/,/iziˈʒiɾɨʃ/,/iziˈʒiɾ/,/iziˈʒiɾmuʃ/,/iziˈʒiɾɐ̃j̃/,,,,,,,course-code::pt-conjugation verbs::ending::pt::ir verbs::mood::pt::forma-nominal verbs::tense::pt::infinitivo-flexionado verbs::unit-code::pt-conjugation::infinitivo-flexionado
Impedir + Infinitivo Pessoal,Impedir,"<span style=""color: rgb(125, 121, 255);""><b>Infinitivo Pessoal</b></span>",impedir,impedires,impedir,impedirmos,impedirem,,,,,,/ĩpɨˈdiɾ/,/ĩpɨˈdiɾɨʃ/,/ĩpɨˈdiɾ/,/ĩpɨˈdiɾmuʃ/,/ĩpɨˈdiɾɐ̃j̃/,,,,,,,course-code::pt-conjugation verbs::ending::pt::ir verbs::mood::pt::forma-nominal verbs::tense::pt::infinitivo-flexionado verbs::unit-code::pt-conjugation::infinitivo-flexionado
Inserir + Infinitivo Pessoal,Inserir,"<span style=""color: rgb(125, 121, 255);""><b>Infinitivo Pessoal</b></span>",inserir,inserires,inserir,inserirmos,inserirem,,,,,,/ĩsɨˈɾiɾ/,/ĩsɨˈɾiɾɨʃ/,/ĩsɨˈɾiɾ/,/ĩsɨˈɾiɾmuʃ/,/ĩsɨˈɾiɾɐ̃j̃/,,,,,,,course-code::pt-conjugation verbs::ending::pt::ir verbs::mood::pt::forma-nominal verbs::tense::pt::infinitivo-flexionado verbs::unit-code::pt-conjugation::infinitivo-flexionado
Insistir + Infinitivo Pessoal,Insistir,"<span style=""color: rgb(125, 121, 255);""><b>Infinitivo Pessoal</b></span>",insistir,insistires,insistir,insistirmos,insistirem,,,,,,/ĩsiˈʃtiɾ/,/ĩsiˈʃtiɾɨʃ/,/ĩsiˈʃtiɾ/,/ĩsiˈʃtiɾmuʃ/,/ĩsiˈʃtiɾɐ̃j̃/,,,,,,,course-code::pt-conjugation verbs::ending::pt::ir verbs::mood::pt::forma-nominal verbs::tense::pt::infinitivo-flexionado verbs::unit-code::pt-conjugation::infinitivo-flexionado
Omitir + Infinitivo Pessoal,Omitir,"<span style=""color: rgb(125, 121, 255);""><b>Infinitivo Pessoal</b></span>",omitir,omitires,omitir,omitirmos,omitirem,,,,,,/omiˈtiɾ/,/omiˈtiɾɨʃ/,/omiˈtiɾ/,/omiˈtiɾmuʃ/,/omiˈtiɾɐ̃j̃/,,,,,,,course-code::pt-conjugation verbs::ending::pt::ir verbs::mood::pt::forma-nominal verbs::tense::pt::infinitivo-flexionado verbs::unit-code::pt-conjugation::infinitivo-flexionado
Preferir + Infinitivo Pessoal,Preferir,"<span style=""color: rgb(125, 121, 255);""><b>Infinitivo Pessoal</b></span>",preferir,preferires,preferir,preferirmos,preferirem,,,,,,/pɾɨfɨˈɾiɾ/,/pɾɨfɨˈɾiɾɨʃ/,/pɾɨfɨˈɾiɾ/,/pɾɨfɨˈɾiɾmuʃ/,/pɾɨfɨˈɾiɾɐ̃j̃/,,,,,,,course-code::pt-conjugation verbs::ending::pt::ir verbs::mood::pt::forma-nominal verbs::tense::pt::infinitivo-flexionado verbs::unit-code::pt-conjugation::infinitivo-flexionado
Proibir + Infinitivo Pessoal,Proibir,"<span style=""color: rgb(125, 121, 255);""><b>Infinitivo Pessoal</b></span>",proibir,proibires,proibir,proibirmos,proibirem,,,,,,/pɾojˈbiɾ/,/pɾojˈbiɾɨʃ/,/pɾojˈbiɾ/,/pɾojˈbiɾmuʃ/,/pɾojˈbiɾɐ̃j̃/,,,,,,,course-code::pt-conjugation verbs::ending::pt::ir verbs::flag::pt::derivados verbs::mood::pt::forma-nominal verbs::tense::pt::infinitivo-flexionado verbs::unit-code::pt-conjugation::infinitivo-flexionado
Repartir + Infinitivo Pessoal,Repartir,"<span style=""color: rgb(125, 121, 255);""><b>Infinitivo Pessoal</b></span>",repartir,repartires,repartir,repartirmos,repartirem,,,,,,/ʁɨpɐɾˈtiɾ/,/ʁɨpɐɾˈtiɾɨʃ/,/ʁɨpɐɾˈtiɾ/,/ʁɨpɐɾˈtiɾmuʃ/,/ʁɨpɐɾˈtiɾɐ̃j̃/,,,,,,,course-code::pt-conjugation verbs::ending::pt::ir verbs::mood::pt::forma-nominal verbs::tense::pt::infinitivo-flexionado verbs::unit-code::pt-conjugation::infinitivo-flexionado
Repetir + Infinitivo Pessoal,Repetir,"<span style=""color: rgb(125, 121, 255);""><b>Infinitivo Pessoal</b></span>",repetir,repetires,repetir,repetirmos,repetirem,,,,,,/ʁɨpɨˈtiɾ/,/ʁɨpɨˈtiɾɨʃ/,/ʁɨpɨˈtiɾ/,/ʁɨpɨˈtiɾmuʃ/,/ʁɨpɨˈtiɾɐ̃j̃/,,,,,,,course-code::pt-conjugation verbs::ending::pt::ir verbs::mood::pt::forma-nominal verbs::tense::pt::infinitivo-flexionado verbs::unit-code::pt-conjugation::infinitivo-flexionado
Sorrir + Infinitivo Pessoal,Sorrir,"<span style=""color: rgb(125, 121, 255);""><b>Infinitivo Pessoal</b></span>",sorrir,sorrires,sorrir,sorrirmos,sorrirem,,,,,,/suˈʁiɾ/,/suˈʁiɾɨʃ/,/suˈʁiɾ/,/suˈʁiɾmuʃ/,/suˈʁiɾɐ̃j̃/,,,,,,,course-code::pt-conjugation verbs::ending::pt::ir verbs::mood::pt::forma-nominal verbs::tense::pt::infinitivo-flexionado verbs::unit-code::pt-conjugation::infinitivo-flexionado
Subir + Infinitivo Pessoal,Subir,"<span style=""color: rgb(125, 121, 255);""><b>Infinitivo Pessoal</b></span>",subir,subires,subir,subirmos,subirem,,,,,,/suˈbiɾ/,/suˈbiɾɨʃ/,/suˈbiɾ/,/suˈbiɾmuʃ/,/suˈbiɾɐ̃j̃/,,,,,,,course-code::pt-conjugation verbs::ending::pt::ir verbs::mood::pt::forma-nominal verbs::tense::pt::infinitivo-flexionado verbs::unit-code::pt-conjugation::infinitivo-flexionado
Sugerir + Infinitivo Pessoal,Sugerir,"<span style=""color: rgb(125, 121, 255);""><b>Infinitivo Pessoal</b></span>",sugerir,sugerires,sugerir,sugerirmos,sugerirem,,,,,,/suʒɨˈɾiɾ/,/suʒɨˈɾiɾɨʃ/,/suʒɨˈɾiɾ/,/suʒɨˈɾiɾmuʃ/,/suʒɨˈɾiɾɐ̃j̃/,,,,,,,course-code::pt-conjugation verbs::ending::pt::ir verbs::mood::pt::forma-nominal verbs::tense::pt::infinitivo-flexionado verbs::unit-code::pt-conjugation::infinitivo-flexionado
Surgir + Infinitivo Pessoal,Surgir,"<span style=""color: rgb(125, 121, 255);""><b>Infinitivo Pessoal</b></span>",surgir,surgires,surgir,surgirmos,surgirem,,,,,,/suɾˈʒiɾ/,/suɾˈʒiɾɨʃ/,/suɾˈʒiɾ/,/suɾˈʒiɾmuʃ/,/suɾˈʒiɾɐ̃j̃/,,,,,,,course-code::pt-conjugation verbs::ending::pt::ir verbs::mood::pt::forma-nominal verbs::tense::pt::infinitivo-flexionado verbs::unit-code::pt-conjugation::infinitivo-flexionado
Transmitir + Infinitivo Pessoal,Transmitir,"<span style=""color: rgb(125, 121, 255);""><b>Infinitivo Pessoal</b></span>",transmitir,transmitires,transmitir,transmitirmos,transmitirem,,,,,,/tɾɐ̃smiˈtiɾ/,/tɾɐ̃smiˈtiɾɨʃ/,/tɾɐ̃smiˈtiɾ/,/tɾɐ̃smiˈtiɾmuʃ/,/tɾɐ̃smiˈtiɾɐ̃j̃/,,,,,,,course-code::pt-conjugation verbs::ending::pt::ir verbs::mood::pt::forma-nominal verbs::tense::pt::infinitivo-flexionado verbs::unit-code::pt-conjugation::infinitivo-flexionado
Encaixar + Infinitivo Pessoal,Encaixar,"<span style=""color: rgb(125, 121, 255);""><b>Infinitivo Pessoal</b></span>",encaixar,encaixares,encaixar,encaixarmos,encaixarem,,,,,,/ẽkɐjˈʃaɾ/,/ẽkɐjˈʃaɾɨʃ/,/ẽkɐjˈʃaɾ/,/ẽkɐjˈʃaɾmuʃ/,/ẽkɐjˈʃaɾɐ̃j̃/,,,,,,,course-code::pt-conjugation verbs::ending::pt::ar verbs::mood::pt::forma-nominal verbs::tense::pt::infinitivo-flexionado verbs::unit-code::pt-conjugation::infinitivo-flexionado
Descontar + Infinitivo Pessoal,Descontar,"<span style=""color: rgb(125, 121, 255);""><b>Infinitivo Pessoal</b></span>",descontar,descontares,descontar,descontarmos,descontarem,,,,,,/dɨʃkõˈtaɾ/,/dɨʃkõˈtaɾɨʃ/,/dɨʃkõˈtaɾ/,/dɨʃkõˈtaɾmuʃ/,/dɨʃkõˈtaɾɐ̃j̃/,,,,,,,course-code::pt-conjugation verbs::ending::pt::ar verbs::mood::pt::forma-nominal verbs::tense::pt::infinitivo-flexionado verbs::unit-code::pt-conjugation::infinitivo-flexionado
Resgatar + Infinitivo Pessoal,Resgatar,"<span style=""color: rgb(125, 121, 255);""><b>Infinitivo Pessoal</b></span>",resgatar,resgatares,resgatar,resgatarmos,resgatarem,,,,,,/ʁɨʒɡɐˈtaɾ/,/ʁɨʒɡɐˈtaɾɨʃ/,/ʁɨʒɡɐˈtaɾ/,/ʁɨʒɡɐˈtaɾmuʃ/,/ʁɨʒɡɐˈtaɾɐ̃j̃/,,,,,,,course-code::pt-conjugation verbs::ending::pt::ar verbs::mood::pt::forma-nominal verbs::tense::pt::infinitivo-flexionado verbs::unit-code::pt-conjugation::infinitivo-flexionado
Relembrar + Infinitivo Pessoal,Relembrar,"<span style=""color: rgb(125, 121, 255);""><b>Infinitivo Pessoal</b></span>",relembrar,relembrares,relembrar,relembrarmos,relembrarem,,,,,,/ʁɨlẽˈbɾaɾ/,/ʁɨlẽˈbɾaɾɨʃ/,/ʁɨlẽˈbɾaɾ/,/ʁɨlẽˈbɾaɾmuʃ/,/ʁɨlẽˈbɾaɾɐ̃j̃/,,,,,,,course-code::pt-conjugation verbs::ending::pt::ar verbs::mood::pt::forma-nominal verbs::tense::pt::infinitivo-flexionado verbs::unit-code::pt-conjugation::infinitivo-flexionado
Reparar + Infinitivo Pessoal,Reparar,"<span style=""color: rgb(125, 121, 255);""><b>Infinitivo Pessoal</b></span>",reparar,reparares,reparar,repararmos,repararem,,,,,,/ʁɨpɐˈɾaɾ/,/ʁɨpɐˈɾaɾɨʃ/,/ʁɨpɐˈɾaɾ/,/ʁɨpɐˈɾaɾmuʃ/,/ʁɨpɐˈɾaɾɐ̃j̃/,,,,,,,course-code::pt-conjugation verbs::ending::pt::ar verbs::mood::pt::forma-nominal verbs::tense::pt::infinitivo-flexionado verbs::unit-code::pt-conjugation::infinitivo-flexionado
Refazer + Infinitivo Pessoal,Refazer,"<span style=""color: rgb(125, 121, 255);""><b>Infinitivo Pessoal</b></span>",refazer,refazeres,refazer,refazermos,refazerem,,,,,,/ʁɨfɐˈzeɾ/,/ʁɨfɐˈzeɾɨʃ/,/ʁɨfɐˈzeɾ/,/ʁɨfɐˈzeɾmuʃ/,/ʁɨfɐˈzeɾɐ̃j̃/,,,,,,,course-code::pt-conjugation verbs::ending::pt::er verbs::mood::pt::forma-nominal verbs::tense::pt::infinitivo-flexionado verbs::unit-code::pt-conjugation::infinitivo-flexionado
Refletir + Infinitivo Pessoal,Refletir,"<span style=""color: rgb(125, 121, 255);""><b>Infinitivo Pessoal</b></span>",refletir,refletires,refletir,refletirmos,refletirem,,,,,,/ʁɨflɨˈtiɾ/,/ʁɨflɨˈtiɾɨʃ/,/ʁɨflɨˈtiɾ/,/ʁɨflɨˈtiɾmuʃ/,/ʁɨflɨˈtiɾɐ̃j̃/,,,,,,,course-code::pt-conjugation verbs::ending::pt::er verbs::mood::pt::forma-nominal verbs::tense::pt::infinitivo-flexionado verbs::unit-code::pt-conjugation::infinitivo-flexionado
Reescrever + Infinitivo Pessoal,Reescrever,"<span style=""color: rgb(125, 121, 255);""><b>Infinitivo Pessoal</b></span>",reescrever,reescreveres,reescrever,reescrevermos,reescreverem,,,,,,/ʁɨɨʃkɾɨˈveɾ/,/ʁɨɨʃkɾɨˈveɾɨʃ/,/ʁɨɨʃkɾɨˈveɾ/,/ʁɨɨʃkɾɨˈveɾmuʃ/,/ʁɨɨʃkɾɨˈveɾɐ̃j̃/,,,,,,,course-code::pt-conjugation verbs::ending::pt::er verbs::mood::pt::forma-nominal verbs::tense::pt::infinitivo-flexionado verbs::unit-code::pt-conjugation::infinitivo-flexionado
Reaver + Infinitivo Pessoal,Reaver,"<span style=""color: rgb(125, 121, 255);""><b>Infinitivo Pessoal</b></span>",reaver,reaveres,reaver,reavermos,reaverem,,,,,,/ʁiɐˈveɾ/,/ʁiɐˈveɾɨʃ/,/ʁiɐˈveɾ/,/ʁiɐˈveɾmuʃ/,/ʁiɐˈveɾɐ̃j̃/,,,,,,,course-code::pt-conjugation verbs::ending::pt::er verbs::mood::pt::forma-nominal verbs::tense::pt::infinitivo-flexionado verbs::unit-code::pt-conjugation::infinitivo-flexionado
Manter + Infinitivo Pessoal,Manter,"<span style=""color: rgb(125, 121, 255);""><b>Infinitivo Pessoal</b></span>",manter,manteres,manter,mantermos,manterem,,,,,,/mɐ̃ˈteɾ/,/mɐ̃ˈteɾɨʃ/,/mɐ̃ˈteɾ/,/mɐ̃ˈteɾmuʃ/,/mɐ̃ˈteɾɐ̃j̃/,,,,,,,course-code::pt-conjugation verbs::ending::pt::er verbs::mood::pt::forma-nominal verbs::tense::pt::infinitivo-flexionado verbs::unit-code::pt-conjugation::infinitivo-flexionado
Suster + Infinitivo Pessoal,Suster,"<span style=""color: rgb(125, 121, 255);""><b>Infinitivo Pessoal</b></span>",suster,susteres,suster,sustermos,susterem,,,,,,/suˈʃteɾ/,/suˈʃteɾɨʃ/,/suˈʃteɾ/,/suˈʃteɾmuʃ/,/suˈʃteɾɐ̃j̃/,,,,,,,course-code::pt-conjugation verbs::ending::pt::er verbs::mood::pt::forma-nominal verbs::tense::pt::infinitivo-flexionado verbs::unit-code::pt-conjugation::infinitivo-flexionado
Reter + Infinitivo Pessoal,Reter,"<span style=""color: rgb(125, 121, 255);""><b>Infinitivo Pessoal</b></span>",reter,reteres,reter,retermos,reterem,,,,,,/ʁɨˈteɾ/,/ʁɨˈteɾɨʃ/,/ʁɨˈteɾ/,/ʁɨˈteɾmuʃ/,/ʁɨˈteɾɐ̃j̃/,,,,,,,course-code::pt-conjugation verbs::ending::pt::er verbs::mood::pt::forma-nominal verbs::tense::pt::infinitivo-flexionado verbs::unit-code::pt-conjugation::infinitivo-flexionado
Obter + Infinitivo Pessoal,Obter,"<span style=""color: rgb(125, 121, 255);""><b>Infinitivo Pessoal</b></span>",obter,obteres,obter,obtermos,obterem,,,,,,/oˈbteɾ/,/oˈbteɾɨʃ/,/oˈbteɾ/,/oˈbteɾmuʃ/,/oˈbteɾɐ̃j̃/,,,,,,,course-code::pt-conjugation verbs::ending::pt::er verbs::mood::pt::forma-nominal verbs::tense::pt::infinitivo-flexionado verbs::unit-code::pt-conjugation::infinitivo-flexionado
Conter + Infinitivo Pessoal,Conter,"<span style=""color: rgb(125, 121, 255);""><b>Infinitivo Pessoal</b></span>",conter,conteres,conter,contermos,conterem,,,,,,/kõˈteɾ/,/kõˈtɛɾɨʃ/,/kõˈteɾ/,/kõˈtɛɾmuʃ/,/kõˈtɛɾɐ̃j̃/,,,,,,,course-code::pt-conjugation verbs::ending::pt::er verbs::mood::pt::forma-nominal verbs::tense::pt::infinitivo-flexionado verbs::unit-code::pt-conjugation::infinitivo-flexionado
Deter + Infinitivo Pessoal,Deter,"<span style=""color: rgb(125, 121, 255);""><b>Infinitivo Pessoal</b></span>",deter,deteres,deter,determos,deterem,,,,,,/dɨˈteɾ/,/dɨˈteɾɨʃ/,/dɨˈteɾ/,/dɨˈteɾmuʃ/,/dɨˈteɾɐ̃j̃/,,,,,,,course-code::pt-conjugation verbs::ending::pt::er verbs::mood::pt::forma-nominal verbs::tense::pt::infinitivo-flexionado verbs::unit-code::pt-conjugation::infinitivo-flexionado
Entreter + Infinitivo Pessoal,Entreter,"<span style=""color: rgb(125, 121, 255);""><b>Infinitivo Pessoal</b></span>",entreter,entreteres,entreter,entretermos,entreterem,,,,,,/ẽtɾɨˈteɾ/,/ẽtɾɨˈteɾɨʃ/,/ẽtɾɨˈteɾ/,/ẽtɾɨˈteɾmuʃ/,/ẽtɾɨˈteɾɐ̃j̃/,,,,,,,course-code::pt-conjugation verbs::ending::pt::er verbs::mood::pt::forma-nominal verbs::tense::pt::infinitivo-flexionado verbs::unit-code::pt-conjugation::infinitivo-flexionado
Redefinir + Infinitivo Pessoal,Redefinir,"<span style=""color: rgb(125, 121, 255);""><b>Infinitivo Pessoal</b></span>",redefinir,redefinires,redefinir,redefinirmos,redefinirem,,,,,,/ʁɨdɨfiˈniɾ/,/ʁɨdɨfiˈniɾɨʃ/,/ʁɨdɨfiˈniɾ/,/ʁɨdɨfiˈniɾmuʃ/,/ʁɨdɨfiˈniɾɐ̃j̃/,,,,,,,course-code::pt-conjugation verbs::ending::pt::ir verbs::mood::pt::forma-nominal verbs::tense::pt::infinitivo-flexionado verbs::unit-code::pt-conjugation::infinitivo-flexionado
Reunir + Infinitivo Pessoal,Reunir,"<span style=""color: rgb(125, 121, 255);""><b>Infinitivo Pessoal</b></span>",reunir,reunires,reunir,reunirmos,reunirem,,,,,,/ʁewˈniɾ/,/ʁewˈniɾɨʃ/,/ʁewˈniɾ/,/ʁewˈniɾmuʃ/,/ʁewˈniɾɐ̃j̃/,,,,,,,course-code::pt-conjugation verbs::ending::pt::ir verbs::mood::pt::forma-nominal verbs::tense::pt::infinitivo-flexionado verbs::unit-code::pt-conjugation::infinitivo-flexionado
Provir + Infinitivo Pessoal,Provir,"<span style=""color: rgb(125, 121, 255);""><b>Infinitivo Pessoal</b></span>",provir,provires,provir,provirmos,provirem,,,,,,/pɾuˈviɾ/,/pɾuˈviɾɨʃ/,/pɾuˈviɾ/,/pɾuˈviɾmuʃ/,/pɾuˈviɾɐ̃j̃/,,,,,,,course-code::pt-conjugation verbs::ending::pt::ir verbs::flag::pt::derivados verbs::mood::pt::forma-nominal verbs::tense::pt::infinitivo-flexionado verbs::unit-code::pt-conjugation::infinitivo-flexionado
Intervir + Infinitivo Pessoal,Intervir,"<span style=""color: rgb(125, 121, 255);""><b>Infinitivo Pessoal</b></span>",intervir,intervires,intervir,intervirmos,intervirem,,,,,,/ĩtɨɾˈviɾ/,/ĩtɨɾˈviɾɨʃ/,/ĩtɨɾˈviɾ/,/ĩtɨɾˈviɾmuʃ/,/ĩtɨɾˈviɾɐ̃j̃/,,,,,,,course-code::pt-conjugation verbs::ending::pt::ir verbs::flag::pt::derivados verbs::mood::pt::forma-nominal verbs::tense::pt::infinitivo-flexionado verbs::unit-code::pt-conjugation::infinitivo-flexionado
Reprimir + Infinitivo Pessoal,Reprimir,"<span style=""color: rgb(125, 121, 255);""><b>Infinitivo Pessoal</b></span>",reprimir,reprimires,reprimir,reprimirmos,reprimirem,,,,,,/ʁɨpɾiˈmiɾ/,/ʁɨpɾiˈmiɾɨʃ/,/ʁɨpɾiˈmiɾ/,/ʁɨpɾiˈmiɾmuʃ/,/ʁɨpɾiˈmiɾɐ̃j̃/,,,,,,,course-code::pt-conjugation verbs::ending::pt::ir verbs::mood::pt::forma-nominal verbs::tense::pt::infinitivo-flexionado verbs::unit-code::pt-conjugation::infinitivo-flexionado
Repor + Infinitivo Pessoal,Repor,"<span style=""color: rgb(125, 121, 255);""><b>Infinitivo Pessoal</b></span>",repor,repores,repor,repormos,reporem,,,,,,/ʁɨˈpɔɾ/,/ʁɨˈpɔɾɨʃ/,/ʁɨˈpɔɾ/,/ʁɨˈpɔɾmuʃ/,/ʁɨˈpɔɾɐ̃j̃/,,,,,,,course-code::pt-conjugation verbs::flag::pt::derivados verbs::flag::pt::irregulares verbs::mood::pt::forma-nominal verbs::tense::pt::infinitivo-flexionado verbs::unit-code::pt-conjugation::infinitivo-flexionado
Compôr + Infinitivo Pessoal,Compôr,"<span style=""color: rgb(125, 121, 255);""><b>Infinitivo Pessoal</b></span>",compôr,compores,compôr,compormos,comporem,,,,,,/kõˈpoɾ/,/kõˈpɔɾɨʃ/,/kõˈpoɾ/,/kõˈpɔɾmuʃ/,/kõˈpɔɾɐ̃j̃/,,,,,,,course-code::pt-conjugation verbs::flag::pt::derivados verbs::flag::pt::irregulares verbs::mood::pt::forma-nominal verbs::tense::pt::infinitivo-flexionado verbs::unit-code::pt-conjugation::infinitivo-flexionado
Sobrepor + Infinitivo Pessoal,Sobrepor,"<span style=""color: rgb(125, 121, 255);""><b>Infinitivo Pessoal</b></span>",sobrepor,sobrepores,sobrepor,sobrepormos,sobreporem,,,,,,/subɾɨˈpɔɾ/,/subɾɨˈpɔɾɨʃ/,/subɾɨˈpɔɾ/,/subɾɨˈpɔɾmuʃ/,/subɾɨˈpɔɾɐ̃j̃/,,,,,,,course-code::pt-conjugation verbs::flag::pt::derivados verbs::flag::pt::irregulares verbs::mood::pt::forma-nominal verbs::tense::pt::infinitivo-flexionado verbs::unit-code::pt-conjugation::infinitivo-flexionado
Lembrar-se + Infinitivo Pessoal,Lembrar-se,"<span style=""color: rgb(125, 121, 255);""><b>Infinitivo Pessoal</b></span>",lembrar-me,lembrares-te,lembrar-se,lembrarmos-nos,lembrarem-se,,,,,,/lẽˈbɾaɾmɨ/,/lẽbɾɐˈɾɛstɨ/,/lẽˈbɾaɾsɨ/,/lẽbɾɐɾˈmɔsnuʃ/,/lẽbɾɐˈɾẽsɨ/,,,,,,,course-code::pt-conjugation verbs::ending::pt::ar verbs::flag::pt::reflexos verbs::mood::pt::forma-nominal verbs::tense::pt::infinitivo-flexionado verbs::unit-code::pt-conjugation::infinitivo-flexionado
Preparar-se + Infinitivo Pessoal,Preparar-se,"<span style=""color: rgb(125, 121, 255);""><b>Infinitivo Pessoal</b></span>",preparar-me,preparares-te,preparar-se,prepararmos-nos,prepararem-se,,,,,,/pɾɨpɐˈɾaɾmɨ/,/pɾɨpɐɾɐˈɾɛstɨ/,/pɾɨpɐˈɾaɾsɨ/,/pɾɨpɐɾɐɾˈmɔsnuʃ/,/pɾɨpɐɾɐˈɾẽsɨ/,,,,,,,course-code::pt-conjugation verbs::ending::pt::ar verbs::flag::pt::reflexos verbs::mood::pt::forma-nominal verbs::tense::pt::infinitivo-flexionado verbs::unit-code::pt-conjugation::infinitivo-flexionado
Queixar-se + Infinitivo Pessoal,Queixar-se,"<span style=""color: rgb(125, 121, 255);""><b>Infinitivo Pessoal</b></span>",queixar-me,queixares-te,queixar-se,queixarmos-nos,queixarem-se,,,,,,/kɐjˈʃaɾmɨ/,/kɐjʃɐˈɾɛstɨ/,/kɐjˈʃaɾsɨ/,/kɐjʃɐɾˈmɔsnuʃ/,/kɐjʃɐˈɾẽsɨ/,,,,,,,course-code::pt-conjugation verbs::ending::pt::ar verbs::flag::pt::reflexos verbs::mood::pt::forma-nominal verbs::tense::pt::infinitivo-flexionado verbs::unit-code::pt-conjugation::infinitivo-flexionado
Arriscar-se + Infinitivo Pessoal,Arriscar-se,"<span style=""color: rgb(125, 121, 255);""><b>Infinitivo Pessoal</b></span>",arriscar-me,arriscares-te,arriscar-se,arriscarmos-nos,arriscarem-se,,,,,,/ɐʁiˈʃkaɾmɨ/,/ɐʁiʃkɐˈɾɛstɨ/,/ɐʁiˈʃkaɾsɨ/,/ɐʁiʃkɐɾˈmɔsnuʃ/,/ɐʁiʃkɐˈɾẽsɨ/,,,,,,,course-code::pt-conjugation verbs::ending::pt::ar verbs::flag::pt::reflexos verbs::mood::pt::forma-nominal verbs::tense::pt::infinitivo-flexionado verbs::unit-code::pt-conjugation::infinitivo-flexionado
Expressar-se + Infinitivo Pessoal,Expressar-se,"<span style=""color: rgb(125, 121, 255);""><b>Infinitivo Pessoal</b></span>",expressar-me,expressares-te,expressar-se,expressarmos-nos,expressarem-se,,,,,,/iʃpɾɨˈsaɾmɨ/,/iʃpɾɨsɐˈɾɛstɨ/,/iʃpɾɨˈsaɾsɨ/,/iʃpɾɨsɐɾˈmɔsnuʃ/,/iʃpɾɨsɐˈɾẽsɨ/,,,,,,,course-code::pt-conjugation verbs::ending::pt::ar verbs::flag::pt::reflexos verbs::mood::pt::forma-nominal verbs::tense::pt::infinitivo-flexionado verbs::unit-code::pt-conjugation::infinitivo-flexionado
Enganar-se + Infinitivo Pessoal,Enganar-se,"<span style=""color: rgb(125, 121, 255);""><b>Infinitivo Pessoal</b></span>",enganar-me,enganares-te,enganar-se,enganarmos-nos,enganarem-se,,,,,,/ẽɡɐˈnaɾmɨ/,/ẽɡɐnɐˈɾɛstɨ/,/ẽɡɐˈnaɾsɨ/,/ẽɡɐnɐɾˈmɔsnuʃ/,/ẽɡɐnɐˈɾẽsɨ/,,,,,,,course-code::pt-conjugation verbs::ending::pt::ar verbs::flag::pt::reflexos verbs::mood::pt::forma-nominal verbs::tense::pt::infinitivo-flexionado verbs::unit-code::pt-conjugation::infinitivo-flexionado
Divertir-se + Infinitivo Pessoal,Divertir-se,"<span style=""color: rgb(125, 121, 255);""><b>Infinitivo Pessoal</b></span>",divertir-me,divertires-te,divertir-se,divertirmos-nos,divertirem-se,,,,,,/divɨɾˈtiɾmɨ/,/divɨɾtiˈɾɛstɨ/,/divɨɾˈtiɾsɨ/,/divɨɾtiɾˈmɔsnuʃ/,/divɨɾtiˈɾẽsɨ/,,,,,,,course-code::pt-conjugation verbs::ending::pt::ir verbs::flag::pt::reflexos verbs::mood::pt::forma-nominal verbs::tense::pt::infinitivo-flexionado verbs::unit-code::pt-conjugation::infinitivo-flexionado
Esquecer-se + Infinitivo Pessoal,Esquecer-se,"<span style=""color: rgb(125, 121, 255);""><b>Infinitivo Pessoal</b></span>",esquecer-me,esqueceres-te,esquecer-se,esquecermos-nos,esquecerem-se,,,,,,/skɨˈsɛɾmɨ/,/skɨsɨˈɾɛstɨ/,/skɨˈsɛɾsɨ/,/skɨsɨɾˈmɔsnuʃ/,/skɨsɨˈɾẽsɨ/,,,,,,,course-code::pt-conjugation verbs::ending::pt::er verbs::flag::pt::reflexos verbs::mood::pt::forma-nominal verbs::tense::pt::infinitivo-flexionado verbs::unit-code::pt-conjugation::infinitivo-flexionado
Sentir-se + Infinitivo Pessoal,Sentir-se,"<span style=""color: rgb(125, 121, 255);""><b>Infinitivo Pessoal</b></span>",sentir-me,sentires-te,sentir-se,sentirmos-nos,sentirem-se,,,,,,/sẽˈtiɾmɨ/,/sẽtiˈɾɛstɨ/,/sẽˈtiɾsɨ/,/sẽtiɾˈmɔsnuʃ/,/sẽtiˈɾẽsɨ/,,,,,,,course-code::pt-conjugation verbs::ending::pt::ir verbs::mood::pt::forma-nominal verbs::tense::pt::infinitivo-flexionado verbs::unit-code::pt-conjugation::infinitivo-flexionado
Vestir-se + Infinitivo Pessoal,Vestir-se,"<span style=""color: rgb(125, 121, 255);""><b>Infinitivo Pessoal</b></span>",vestir-me,vestires-te,vestir-se,vestirmos-nos,vestirem-se,,,,,,/vɨˈʃtiɾmɨ/,/vɨʃtiˈɾɛstɨ/,/vɨˈʃtiɾsɨ/,/vɨʃtiɾˈmɔsnuʃ/,/vɨʃtiˈɾẽsɨ/,,,,,,,course-code::pt-conjugation verbs::ending::pt::ir verbs::flag::pt::reflexos verbs::mood::pt::forma-nominal verbs::tense::pt::infinitivo-flexionado verbs::unit-code::pt-conjugation::infinitivo-flexionado
Reunir-se + Infinitivo Pessoal,Reunir-se,"<span style=""color: rgb(125, 121, 255);""><b>Infinitivo Pessoal</b></span>",reunir-me,reunires-te,reunir-se,reunirmos-nos,reunirem-se,,,,,,/ʁewˈniɾmɨ/,/ʁewniˈɾɛstɨ/,/ʁewˈniɾsɨ/,/ʁewniɾˈmɔsnuʃ/,/ʁewniˈɾẽsɨ/,,,,,,,course-code::pt-conjugation verbs::ending::pt::ir verbs::flag::pt::reflexos verbs::mood::pt::forma-nominal verbs::tense::pt::infinitivo-flexionado verbs::unit-code::pt-conjugation::infinitivo-flexionado
Arrepender-se + Infinitivo Pessoal,Arrepender-se,"<span style=""color: rgb(125, 121, 255);""><b>Infinitivo Pessoal</b></span>",arrepender-me,arrependeres-te,arrepender-se,arrependeremos-nos,arrependerem-se,,,,,,/ɐʁɨpẽˈdɛɾmɨ/,/ɐʁɨpẽdɨˈɾɛstɨ/,/ɐʁɨpẽˈdɛɾsɨ/,/ɐʁɨpẽdɨɾɨˈmɔsnuʃ/,/ɐʁɨpẽdɨˈɾẽsɨ/,,,,,,,course-code::pt-conjugation verbs::ending::pt::er verbs::flag::pt::reflexos verbs::mood::pt::forma-nominal verbs::tense::pt::infinitivo-flexionado verbs::unit-code::pt-conjugation::infinitivo-flexionado
Abster-se + Infinitivo Pessoal,Abster-se,"<span style=""color: rgb(125, 121, 255);""><b>Infinitivo Pessoal</b></span>",abster-me,absteres-te,abster-se,abstermos-nos,absterem-se,,,,,,/ɐbˈʃtɛɾmɨ/,/ɐbʃtɨˈɾɛstɨ/,/ɐbˈʃtɛɾsɨ/,/ɐbʃtɨɾˈmɔsnuʃ/,/ɐbʃtɨˈɾẽsɨ/,,,,,,,course-code::pt-conjugation verbs::ending::pt::er verbs::flag::pt::reflexos verbs::mood::pt::forma-nominal verbs::tense::pt::infinitivo-flexionado verbs::unit-code::pt-conjugation::infinitivo-flexionado
Opor-se + Infinitivo Pessoal,Opor-se,"<span style=""color: rgb(125, 121, 255);""><b>Infinitivo Pessoal</b></span>",opor-me,opores-te,opor-se,opormos-nos,oporem-se,,,,,,/oˈpɔɾmɨ/,/opuˈɾɛstɨ/,/oˈpɔɾsɨ/,/opuɾˈmɔsnuʃ/,/opuˈɾẽsɨ/,,,,,,,course-code::pt-conjugation verbs::ending::pt::or verbs::family::pt::por verbs::ending::pt::or verbs::flag::pt::derivados verbs::mood::pt::forma-nominal verbs::tense::pt::infinitivo-flexionado verbs::unit-code::pt-conjugation::infinitivo-flexionado
Sobrepor-se + Infinitivo Pessoal,Sobrepor-se,"<span style=""color: rgb(125, 121, 255);""><b>Infinitivo Pessoal</b></span>",sobrepor-me,sobrepores-te,sobrepor-se,sobrepormos-nos,sobreporem-se,,,,,,/subɾɨˈpɔɾmɨ/,/subɾɨpuˈɾɛstɨ/,/subɾɨˈpɔɾsɨ/,/subɾɨpuɾˈmɔsnuʃ/,/subɾɨpuˈɾẽsɨ/,,,,,,,course-code::pt-conjugation verbs::ending::pt::or verbs::family::pt::por verbs::ending::pt::or verbs::flag::pt::derivados verbs::flag::pt::reflexos verbs::mood::pt::forma-nominal verbs::tense::pt::infinitivo-flexionado verbs::unit-code::pt-conjugation::infinitivo-flexionado
Aceitar + Participio,Aceitar,"<span style=""color: rgb(134, 53, 255);""><b>Participio</b></span>",,,aceito / aceitado,,,,,,,,,,/ɐˈsɐjtu | ɐsɐjˈtadu/,,,,,,,,,course-code::pt-conjugation course-code::pt-a2.2 course-code::pt-a2.2::05::u5-participios-duplos course-code::pt-conjugation verbs::mood::pt::forma-nominal verbs verbs::flag::pt::participio-duplo verbs::flag::pt::irregulares verbs::tense::pt::participio verbs::unit-code::pt-conjugation::participio
Gastar + Participio,Gastar,"<span style=""color: rgb(134, 53, 255);""><b>Participio</b></span>",,,gasto / <s>gastado</s>,,,,,,,,,,/ˈɡaʃtu | ɡɐˈʃtadu/,,,,,,,,,course-code::pt-conjugation course-code::pt-a2.2 course-code::pt-a2.2::05::u5-participios-duplos course-code::pt-conjugation verbs::mood::pt::forma-nominal verbs verbs::flag::pt::participio-duplo verbs::flag::pt::irregulares verbs::tense::pt::participio verbs::unit-code::pt-conjugation::participio
Prender + Participio Regular  (ter/haver),Prender,"Participio <b><span style=""color: rgb(0, 0, 255);"">regular</span></b> <br> (ter/haver)",,,prendido,,,,,,,,,,/pɾẽˈdidu/,,,,,,,,,course-code::pt-conjugation course-code::pt-a2.2 course-code::pt-a2.2::05::u5-participios-duplos verbs course-code::pt-conjugation verbs::flag::pt::irregulares verbs::flag::pt::participio-duplo-regular verbs::mood::pt::forma-nominal verbs::tense::pt::participio verbs::unit-code::pt-conjugation::participio
Eleger + Participio,Eleger,"<span style=""color: rgb(134, 53, 255);""><b>Participio</b></span>",,,eleito / elegido,,,,,,,,,,/iˈlɐjtu | ilɨˈʒidu/,,,,,,,,,course-code::pt-conjugation course-code::pt-a2.2 course-code::pt-a2.2::05::u5-participios-duplos course-code::pt-conjugation verbs::mood::pt::forma-nominal verbs verbs::flag::pt::participio-duplo verbs::flag::pt::irregulares verbs::tense::pt::participio verbs::unit-code::pt-conjugation::participio
Imergir + Participio duplo regular,Imergir,"Participio <b><span style=""color: rgb(0, 0, 255);"">regular</span></b> <br> (ter/haver)",,,imergido,,,,,,,,,,/imɨɾˈʒidu/,,,,,,,,,course-code::pt-conjugation course-code::pt-a2.2 course-code::pt-a2.2::05::u5-participios-duplos verbs course-code::pt-conjugation verbs::flag::pt::irregulares verbs::flag::pt::participio-duplo-regular verbs::mood::pt::forma-nominal verbs::tense::pt::participio verbs::unit-code::pt-conjugation::participio
Acender + Participio,Acender,"<span style=""color: rgb(134, 53, 255);""><b>Participio</b></span>",,,aceso / acendido,,,,,,,,,,/ɐˈsɛzu | ɐsẽˈdidu/,,,,,,,,,course-code::pt-conjugation course-code::pt-a2.2 course-code::pt-a2.2::05::u5-participios-duplos course-code::pt-conjugation verbs::mood::pt::forma-nominal verbs verbs::flag::pt::participio-duplo verbs::flag::pt::irregulares verbs::tense::pt::participio verbs::unit-code::pt-conjugation::participio
Agradecer + Participio,Agradecer,"<span style=""color: rgb(134, 53, 255);""><b>Participio</b></span>",,,grato / agradecido,,,,,,,,,,"/ˈɡɾatu/, /ɐɡɾɐdɨˈsidu /",,,,,,,,,course-code::pt-conjugation course-code::pt-a2.2 course-code::pt-a2.2::05::u5-participios-duplos course-code::pt-conjugation verbs::mood::pt::forma-nominal verbs verbs::flag::pt::participio-duplo verbs::flag::pt::irregulares verbs::tense::pt::participio verbs::unit-code::pt-conjugation::participio
Completar + Participio,Completar,"<span style=""color: rgb(134, 53, 255);""><b>Participio</b></span>",,,completo / completado,,,,,,,,,,/kõˈplɛtu | kõplɨˈtadu/,,,,,,,,,course-code::pt-conjugation course-code::pt-a2.2 course-code::pt-a2.2::05::u5-participios-duplos course-code::pt-conjugation verbs::mood::pt::forma-nominal verbs verbs::flag::pt::participio-duplo verbs::flag::pt::irregulares verbs::tense::pt::participio verbs::unit-code::pt-conjugation::participio
Entregar + Participio,Entregar,"<span style=""color: rgb(134, 53, 255);""><b>Participio</b></span>",,,entregue / entregado,,,,,,,,,,/ẽˈtɾɛɡɨ | ẽtɾɨˈɡadu/,,,,,,,,,course-code::pt-conjugation course-code::pt-a2.2 course-code::pt-a2.2::05::u5-participios-duplos course-code::pt-conjugation verbs::mood::pt::forma-nominal verbs verbs::flag::pt::participio-duplo verbs::flag::pt::irregulares verbs::tense::pt::participio verbs::unit-code::pt-conjugation::participio
Exprimir + Participio,Exprimir,"<span style=""color: rgb(134, 53, 255);""><b>Participio</b></span>",,,expresso / exprimido,,,,,,,,,,/iʃˈpɾɛsu | iʃpɾiˈmidu/,,,,,,,,,course-code::pt-conjugation course-code::pt-a2.2 course-code::pt-a2.2::05::u5-participios-duplos course-code::pt-conjugation verbs::mood::pt::forma-nominal verbs verbs::flag::pt::participio-duplo verbs::flag::pt::irregulares verbs::tense::pt::participio verbs::unit-code::pt-conjugation::participio
Expulsar + Participio,Expulsar,"<span style=""color: rgb(134, 53, 255);""><b>Participio</b></span>",,,expulso / expulsado,,,,,,,,,,/iˈʃpuɫsu | iʃpuɫˈsadu/,,,,,,,,,course-code::pt-conjugation course-code::pt-a2.2 course-code::pt-a2.2::05::u5-participios-duplos course-code::pt-conjugation verbs::mood::pt::forma-nominal verbs verbs::flag::pt::participio-duplo verbs::flag::pt::irregulares verbs::tense::pt::participio verbs::unit-code::pt-conjugation::participio
Extinguir + Participio,Extinguir,"<span style=""color: rgb(134, 53, 255);""><b>Participio</b></span>",,,extinto / extinguido,,,,,,,,,,/iˈʃtĩtu | iʃtĩˈɡidu/,,,,,,,,,course-code::pt-conjugation course-code::pt-a2.2 course-code::pt-a2.2::05::u5-participios-duplos course-code::pt-conjugation verbs::mood::pt::forma-nominal verbs verbs::flag::pt::participio-duplo verbs::flag::pt::irregulares verbs::tense::pt::participio verbs::unit-code::pt-conjugation::participio
Ganhar + Participio,Ganhar,"<span style=""color: rgb(134, 53, 255);""><b>Participio</b></span>",,,ganho / <s>ganhado</s>,,,,,,,,,,/ˈɡɐɲu | ɡɐˈɲadu/,,,,,,,,,course-code::pt-conjugation course-code::pt-a2.2 course-code::pt-a2.2::05::u5-participios-duplos course-code::pt-conjugation verbs::mood::pt::forma-nominal verbs verbs::flag::pt::participio-duplo verbs::flag::pt::irregulares verbs::tense::pt::participio verbs::unit-code::pt-conjugation::participio
Imergir + Participio,Imergir,"<span style=""color: rgb(134, 53, 255);""><b>Participio</b></span>",,,imerso / imergido,,,,,,,,,,/iˈmɛɾsu | imɨɾˈʒidu/,,,,,,,,,course-code::pt-conjugation course-code::pt-a2.2 course-code::pt-a2.2::05::u5-participios-duplos course-code::pt-conjugation verbs::mood::pt::forma-nominal verbs verbs::flag::pt::participio-duplo verbs::flag::pt::irregulares verbs::tense::pt::participio verbs::unit-code::pt-conjugation::participio
Imprimir + Participio,Imprimir,"<span style=""color: rgb(134, 53, 255);""><b>Participio</b></span>",,,impresso / imprimido,,,,,,,,,,/ĩˈpɾɛsu | ĩpɾiˈmidu/,,,,,,,,,course-code::pt-conjugation course-code::pt-a2.2 course-code::pt-a2.2::05::u5-participios-duplos course-code::pt-conjugation verbs::mood::pt::forma-nominal verbs verbs::flag::pt::participio-duplo verbs::flag::pt::irregulares verbs::tense::pt::participio verbs::unit-code::pt-conjugation::participio
Libertar + Participio,Libertar,"<span style=""color: rgb(134, 53, 255);""><b>Participio</b></span>",,,liberto / libertado,,,,,,,,,,/liˈbɛɾtu | libɨɾˈtadu/,,,,,,,,,course-code::pt-conjugation course-code::pt-a2.2 course-code::pt-a2.2::05::u5-participios-duplos course-code::pt-conjugation verbs::mood::pt::forma-nominal verbs verbs::flag::pt::participio-duplo verbs::flag::pt::irregulares verbs::tense::pt::participio verbs::unit-code::pt-conjugation::participio
Matar + Participio,Matar,"<span style=""color: rgb(134, 53, 255);""><b>Participio</b></span>",,,morto / matado,,,,,,,,,,/ˈmɔɾtu | mɐˈtadu/,,,,,,,,,course-code::pt-conjugation course-code::pt-a2.2 course-code::pt-a2.2::05::u5-participios-duplos course-code::pt-conjugation verbs::mood::pt::forma-nominal verbs verbs::flag::pt::participio-duplo verbs::flag::pt::irregulares verbs::tense::pt::participio verbs::unit-code::pt-conjugation::participio
Prender + Participio,Prender,"<span style=""color: rgb(134, 53, 255);""><b>Participio</b></span>",,,preso / prendido,,,,,,,,,,/ˈpɾɛzu | pɾẽˈdidu/,,,,,,,,,course-code::pt-conjugation course-code::pt-a2.2 course-code::pt-a2.2::05::u5-participios-duplos course-code::pt-conjugation verbs::mood::pt::forma-nominal verbs verbs::flag::pt::participio-duplo verbs::flag::pt::irregulares verbs::tense::pt::participio verbs::unit-code::pt-conjugation::participio
Soltar + Participio,Soltar,"<span style=""color: rgb(134, 53, 255);""><b>Participio</b></span>",,,solto / soltado,,,,,,,,,,/ˈsɔɫtu | sɔɫˈtadu/,,,,,,,,,course-code::pt-conjugation course-code::pt-a2.2 course-code::pt-a2.2::05::u5-participios-duplos course-code::pt-conjugation verbs::mood::pt::forma-nominal verbs verbs::flag::pt::participio-duplo verbs::flag::pt::irregulares verbs::tense::pt::participio verbs::unit-code::pt-conjugation::participio
Cobrir + Participio,Cobrir,"<span style=""color: rgb(134, 53, 255);""><b>Participio</b></span>",,,coberto,,,,,,,,,,/kuˈbɛɾtu/,,,,,,,,,course-code::pt-conjugation course-code::pt-a2.2 course-code::pt-a2.2::05::u5-participios-duplos course-code::pt-conjugation verbs::mood::pt::forma-nominal verbs verbs::flag::pt::participio-duplo verbs::flag::pt::irregulares verbs::tense::pt::participio verbs::unit-code::pt-conjugation::participio
Descobrir + Participio,Descobrir,"<span style=""color: rgb(134, 53, 255);""><b>Participio</b></span>",,,descoberto,,,,,,,,,,/dɨʃkuˈbɛɾtu/,,,,,,,,,course-code::pt-conjugation course-code::pt-conjugation verbs::flag::pt::irregulares verbs::mood::pt::forma-nominal verbs verbs::flag::pt::irregulares verbs::tense::pt::participio verbs::unit-code::pt-conjugation::participio
Dizer + Participio,Dizer,"<span style=""color: rgb(134, 53, 255);""><b>Participio</b></span>",,,dito,,,,,,,,,,/ˈditu/,,,,,,,,,course-code::pt-conjugation course-code::pt-conjugation verbs::flag::pt::irregulares verbs::mood::pt::forma-nominal verbs verbs::flag::pt::irregulares verbs::tense::pt::participio verbs::unit-code::pt-conjugation::participio
Escrever + Participio,Escrever,"<span style=""color: rgb(134, 53, 255);""><b>Participio</b></span>",,,escrito,,,,,,,,,,/ʃˈkɾitu/,,,,,,,,,course-code::pt-conjugation course-code::pt-conjugation verbs::flag::pt::irregulares verbs::mood::pt::forma-nominal verbs verbs::flag::pt::irregulares verbs::tense::pt::participio verbs::unit-code::pt-conjugation::participio
Limpar + Participio,Limpar,"<span style=""color: rgb(134, 53, 255);""><b>Participio</b></span>",,,limpo / <s>limpado</s>,,,,,,,,,,/ˈlĩpu/,,,,,,,,,course-code::pt-conjugation course-code::pt-conjugation verbs::flag::pt::irregulares verbs::mood::pt::forma-nominal verbs verbs::flag::pt::irregulares verbs::tense::pt::participio verbs::unit-code::pt-conjugation::participio
Omitir + Participio,Omitir,"<span style=""color: rgb(134, 53, 255);""><b>Participio</b></span>",,,omisso / omitido,,,,,,,,,,"/oˈmisu/, /omiˈtidu/",,,,,,,,,course-code::pt-conjugation course-code::pt-a2.2 course-code::pt-a2.2::05::u5-participios-duplos course-code::pt-conjugation verbs::mood::pt::forma-nominal verbs verbs::flag::pt::irregulares verbs::tense::pt::participio verbs::unit-code::pt-conjugation::participio
Pagar + Participio,Pagar,"<span style=""color: rgb(134, 53, 255);""><b>Participio</b></span>",,,pago / <s>pagado</s>,,,,,,,,,,/ˈpaɡu/,,,,,,,,,course-code::pt-conjugation course-code::pt-conjugation verbs::flag::pt::irregulares verbs::mood::pt::forma-nominal verbs verbs::flag::pt::irregulares verbs::tense::pt::participio verbs::unit-code::pt-conjugation::participio
Pôr + Participio,Pôr,"<span style=""color: rgb(134, 53, 255);""><b>Participio</b></span>",,,posto,,,,,,,,,,/ˈpɔʃtu/,,,,,,,,,course-code::pt-conjugation course-code::pt-conjugation verbs::flag::pt::irregulares verbs::mood::pt::forma-nominal verbs verbs::flag::pt::irregulares verbs::tense::pt::participio verbs::unit-code::pt-conjugation::participio
Ver + Participio,Ver,"<span style=""color: rgb(134, 53, 255);""><b>Participio</b></span>",,,visto,,,,,,,,,,/ˈviʃtu/,,,,,,,,,course-code::pt-conjugation course-code::pt-conjugation verbs::flag::pt::irregulares verbs::mood::pt::forma-nominal verbs verbs::flag::pt::irregulares verbs::tense::pt::participio verbs::unit-code::pt-conjugation::participio
Vir + Participio,Vir,"<span style=""color: rgb(134, 53, 255);""><b>Participio</b></span>",,,vindo,,,,,,,,,,/ˈvĩdu/,,,,,,,,,course-code::pt-conjugation course-code::pt-conjugation verbs::flag::pt::irregulares verbs::mood::pt::forma-nominal verbs verbs::flag::pt::irregulares verbs::tense::pt::participio verbs::unit-code::pt-conjugation::participio
Romper + Participio,Romper,"<span style=""color: rgb(134, 53, 255);""><b>Participio</b></span>",,,roto / rompido,,,,,,,,,,/ˈʁɔtu | ʁõˈpidu/,,,,,,,,,course-code::pt-conjugation course-code::pt-a2.2 course-code::pt-a2.2::05::u5-participios-duplos course-code::pt-conjugation verbs::mood::pt::forma-nominal verbs verbs::flag::pt::irregulares verbs::tense::pt::participio verbs::unit-code::pt-conjugation::participio
Aceitar + Participio duplo regular,Aceitar,"Participio <b><span style=""color: rgb(0, 0, 255);"">regular</span></b> <br> (ter/haver)",,,aceitado,,,,,,,,,,/ɐsɐjˈtadu/,,,,,,,,,course-code::pt-conjugation course-code::pt-a2.2 course-code::pt-a2.2::05::u5-participios-duplos verbs course-code::pt-conjugation verbs::flag::pt::irregulares verbs::flag::pt::participio-duplo-regular verbs::mood::pt::forma-nominal verbs::tense::pt::participio verbs::unit-code::pt-conjugation::participio
Acender + Participio duplo regular,Acender,"Participio <b><span style=""color: rgb(0, 0, 255);"">regular</span></b> <br> (ter/haver)",,,acendido,,,,,,,,,,/ɐsẽˈdidu/,,,,,,,,,course-code::pt-conjugation course-code::pt-a2.2 course-code::pt-a2.2::05::u5-participios-duplos verbs course-code::pt-conjugation verbs::flag::pt::irregulares verbs::flag::pt::participio-duplo-regular verbs::mood::pt::forma-nominal verbs::tense::pt::participio verbs::unit-code::pt-conjugation::participio
Agradecer + Participio duplo regular,Agradecer,"Participio <b><span style=""color: rgb(0, 0, 255);"">regular</span></b> <br> (ter/haver)",,,agradecido,,,,,,,,,,/ɐɡɾɐdɨˈsidu/,,,,,,,,,course-code::pt-conjugation course-code::pt-a2.2 course-code::pt-a2.2::05::u5-participios-duplos verbs course-code::pt-conjugation verbs::flag::pt::irregulares verbs::flag::pt::participio-duplo-regular verbs::mood::pt::forma-nominal verbs::tense::pt::participio verbs::unit-code::pt-conjugation::participio
Completar + Participio duplo regular,Completar,"Participio <b><span style=""color: rgb(0, 0, 255);"">regular</span></b> <br> (ter/haver)",,,completado,,,,,,,,,,/kõplɨˈtadu/,,,,,,,,,course-code::pt-conjugation course-code::pt-a2.2 course-code::pt-a2.2::05::u5-participios-duplos verbs course-code::pt-conjugation verbs::flag::pt::irregulares verbs::flag::pt::participio-duplo-regular verbs::mood::pt::forma-nominal verbs::tense::pt::participio verbs::unit-code::pt-conjugation::participio
Eleger + Participio duplo regular,Eleger,"Participio <b><span style=""color: rgb(0, 0, 255);"">regular</span></b> <br> (ter/haver)",,,elegido,,,,,,,,,,/ilɨˈʒidu/,,,,,,,,,course-code::pt-conjugation course-code::pt-a2.2 course-code::pt-a2.2::05::u5-participios-duplos verbs course-code::pt-conjugation verbs::flag::pt::irregulares verbs::flag::pt::participio-duplo-regular verbs::mood::pt::forma-nominal verbs::tense::pt::participio verbs::unit-code::pt-conjugation::participio
Entregar + Participio duplo regular,Entregar,"Participio <b><span style=""color: rgb(0, 0, 255);"">regular</span></b> <br> (ter/haver)",,,entregado,,,,,,,,,,/ẽtɾɨˈɡadu/,,,,,,,,,course-code::pt-conjugation course-code::pt-a2.2 course-code::pt-a2.2::05::u5-participios-duplos verbs course-code::pt-conjugation verbs::flag::pt::irregulares verbs::flag::pt::participio-duplo-regular verbs::mood::pt::forma-nominal verbs::tense::pt::participio verbs::unit-code::pt-conjugation::participio
Exprimir + Participio duplo regular,Exprimir,"Participio <b><span style=""color: rgb(0, 0, 255);"">regular</span></b> <br> (ter/haver)",,,exprimido,,,,,,,,,,/iʃpɾiˈmidu/,,,,,,,,,course-code::pt-conjugation course-code::pt-a2.2 course-code::pt-a2.2::05::u5-participios-duplos verbs course-code::pt-conjugation verbs::flag::pt::irregulares verbs::flag::pt::participio-duplo-regular verbs::mood::pt::forma-nominal verbs::tense::pt::participio verbs::unit-code::pt-conjugation::participio
Expulsar + Participio duplo regular,Expulsar,"Participio <b><span style=""color: rgb(0, 0, 255);"">regular</span></b> <br> (ter/haver)",,,expulsado,,,,,,,,,,/iʃpuɫˈsadu/,,,,,,,,,course-code::pt-conjugation course-code::pt-a2.2 course-code::pt-a2.2::05::u5-participios-duplos verbs course-code::pt-conjugation verbs::flag::pt::irregulares verbs::flag::pt::participio-duplo-regular verbs::mood::pt::forma-nominal verbs::tense::pt::participio verbs::unit-code::pt-conjugation::participio
Extinguir + Participio duplo regular,Extinguir,"Participio <b><span style=""color: rgb(0, 0, 255);"">regular</span></b> <br> (ter/haver)",,,extinguido,,,,,,,,,,/iʃtĩˈɡidu/,,,,,,,,,course-code::pt-conjugation course-code::pt-a2.2 course-code::pt-a2.2::05::u5-participios-duplos verbs course-code::pt-conjugation verbs::flag::pt::irregulares verbs::flag::pt::participio-duplo-regular verbs::mood::pt::forma-nominal verbs::tense::pt::participio verbs::unit-code::pt-conjugation::participio
Ganhar + Participio duplo regular,Ganhar,"Participio <b><span style=""color: rgb(0, 0, 255);"">regular</span></b> <br> (ter/haver)",,,ganhado,,,,,,,,,,/ɡɐˈɲadu/,,,,,,,,,course-code::pt-conjugation course-code::pt-a2.2 course-code::pt-a2.2::05::u5-participios-duplos verbs course-code::pt-conjugation verbs::flag::pt::irregulares verbs::flag::pt::participio-duplo-regular verbs::mood::pt::forma-nominal verbs::tense::pt::participio verbs::unit-code::pt-conjugation::participio
Imprimir + Participio duplo regular,Imprimir,"Participio <b><span style=""color: rgb(0, 0, 255);"">regular</span></b> <br> (ter/haver)",,,imprimido,,,,,,,,,,/ĩpɾiˈmidu/,,,,,,,,,course-code::pt-conjugation course-code::pt-a2.2 course-code::pt-a2.2::05::u5-participios-duplos verbs course-code::pt-conjugation verbs::flag::pt::irregulares verbs::flag::pt::participio-duplo-regular verbs::mood::pt::forma-nominal verbs::tense::pt::participio verbs::unit-code::pt-conjugation::participio
Libertar + Participio duplo regular,Libertar,"Participio <b><span style=""color: rgb(0, 0, 255);"">regular</span></b> <br> (ter/haver)",,,libertado,,,,,,,,,,/libɨɾˈtadu/,,,,,,,,,course-code::pt-conjugation course-code::pt-a2.2 course-code::pt-a2.2::05::u5-participios-duplos verbs course-code::pt-conjugation verbs::flag::pt::irregulares verbs::flag::pt::participio-duplo-regular verbs::mood::pt::forma-nominal verbs::tense::pt::participio verbs::unit-code::pt-conjugation::participio
Matar + Participio duplo irregular,Matar,"Participio <span style=""color: rgb(255, 0, 0);""><b>irregular</b></span> <br> (ser/estar)",,,morto,,,,,,,,,,/ˈmɔɾtu/,,,,,,,,,course-code::pt-conjugation course-code::pt-a2.2 course-code::pt-a2.2::05::u5-participios-duplos course-code::pt-conjugation verbs::mood::pt::forma-nominal verbs verbs::flag::pt::irregulares verbs::flag::pt::participio-duplo-irregular verbs::tense::pt::participio verbs::unit-code::pt-conjugation::participio
Morrer + Participio duplo regular,Morrer,"Participio <b><span style=""color: rgb(0, 0, 255);"">regular</span></b> <br> (ter/haver)",,,morrido,,,,,,,,,,/muˈʁidu/,,,,,,,,,course-code::pt-conjugation course-code::pt-a2.2 course-code::pt-a2.2::05::u5-participios-duplos verbs course-code::pt-conjugation verbs::flag::pt::irregulares verbs::flag::pt::participio-duplo-regular verbs::mood::pt::forma-nominal verbs::tense::pt::participio verbs::unit-code::pt-conjugation::participio
Omitir + Participio duplo regular,Omitir,"Participio <b><span style=""color: rgb(0, 0, 255);"">regular</span></b> <br> (ter/haver)",,,omitido,,,,,,,,,,/omiˈtidu/,,,,,,,,,course-code::pt-conjugation course-code::pt-a2.2 course-code::pt-a2.2::05::u5-participios-duplos verbs course-code::pt-conjugation verbs::flag::pt::irregulares verbs::flag::pt::participio-duplo-regular verbs::mood::pt::forma-nominal verbs::tense::pt::participio verbs::unit-code::pt-conjugation::participio
Soltar + Participio duplo regular,Soltar,"Participio <b><span style=""color: rgb(0, 0, 255);"">regular</span></b> <br> (ter/haver)",,,soltado,,,,,,,,,,/sɔɫˈtadu/,,,,,,,,,course-code::pt-conjugation course-code::pt-a2.2 course-code::pt-a2.2::05::u5-participios-duplos verbs course-code::pt-conjugation verbs::flag::pt::irregulares verbs::flag::pt::participio-duplo-regular verbs::mood::pt::forma-nominal verbs::tense::pt::participio verbs::unit-code::pt-conjugation::participio
Romper + Participio duplo regular,Romper,"Participio <b><span style=""color: rgb(0, 0, 255);"">regular</span></b> <br> (ter/haver)",,,rompido,,,,,,,,,,/ʁõˈpidu/,,,,,,,,,course-code::pt-conjugation course-code::pt-a2.2 course-code::pt-a2.2::05::u5-participios-duplos verbs course-code::pt-conjugation verbs::flag::pt::participio-duplo-regular verbs::mood::pt::forma-nominal verbs::tense::pt::participio verbs::unit-code::pt-conjugation::participio
Aceitar + Participio duplo irregular,Aceitar,"Participio <span style=""color: rgb(255, 0, 0);""><b>irregular</b></span> <br> (ser/estar)",,,aceito,,,,,,,,,,/ɐˈsɐjtu/,,,,,,,,,course-code::pt-conjugation course-code::pt-a2.2 course-code::pt-a2.2::05::u5-participios-duplos course-code::pt-conjugation verbs::mood::pt::forma-nominal verbs verbs::flag::pt::irregulares verbs::flag::pt::participio-duplo-irregular verbs::tense::pt::participio verbs::unit-code::pt-conjugation::participio
Acender + Participio duplo irregular,Acender,"Participio <span style=""color: rgb(255, 0, 0);""><b>irregular</b></span> <br> (ser/estar)",,,aceso,,,,,,,,,,/ɐˈsɛzu/,,,,,,,,,course-code::pt-conjugation course-code::pt-a2.2 course-code::pt-a2.2::05::u5-participios-duplos course-code::pt-conjugation verbs::mood::pt::forma-nominal verbs verbs::flag::pt::irregulares verbs::flag::pt::participio-duplo-irregular verbs::tense::pt::participio verbs::unit-code::pt-conjugation::participio
Agradecer + Participio duplo irregular,Agradecer,"Participio <span style=""color: rgb(255, 0, 0);""><b>irregular</b></span> <br> (ser/estar)",,,grato,,,,,,,,,,/ˈɡɾatu/,,,,,,,,,course-code::pt-conjugation course-code::pt-a2.2 course-code::pt-a2.2::05::u5-participios-duplos course-code::pt-conjugation verbs::mood::pt::forma-nominal verbs verbs::flag::pt::irregulares verbs::flag::pt::participio-duplo-irregular verbs::tense::pt::participio verbs::unit-code::pt-conjugation::participio
Completar + Participio duplo irregular,Completar,"Participio <span style=""color: rgb(255, 0, 0);""><b>irregular</b></span> <br> (ser/estar)",,,completo,,,,,,,,,,/kõˈplɛtu/,,,,,,,,,course-code::pt-conjugation course-code::pt-a2.2 course-code::pt-a2.2::05::u5-participios-duplos course-code::pt-conjugation verbs::mood::pt::forma-nominal verbs verbs::flag::pt::irregulares verbs::flag::pt::participio-duplo-irregular verbs::tense::pt::participio verbs::unit-code::pt-conjugation::participio
Eleger + Participio duplo irregular,Eleger,"Participio <span style=""color: rgb(255, 0, 0);""><b>irregular</b></span> <br> (ser/estar)",,,eleito,,,,,,,,,,/iˈlɐjtu/,,,,,,,,,course-code::pt-conjugation course-code::pt-a2.2 course-code::pt-a2.2::05::u5-participios-duplos course-code::pt-conjugation verbs::mood::pt::forma-nominal verbs verbs::flag::pt::irregulares verbs::flag::pt::participio-duplo-irregular verbs::tense::pt::participio verbs::unit-code::pt-conjugation::participio
Entregar + Participio duplo irregular,Entregar,"Participio <span style=""color: rgb(255, 0, 0);""><b>irregular</b></span> <br> (ser/estar)",,,entregue,,,,,,,,,,/ẽˈtɾɛɡɨ/,,,,,,,,,course-code::pt-conjugation course-code::pt-a2.2 course-code::pt-a2.2::05::u5-participios-duplos course-code::pt-conjugation verbs::mood::pt::forma-nominal verbs verbs::flag::pt::irregulares verbs::flag::pt::participio-duplo-irregular verbs::tense::pt::participio verbs::unit-code::pt-conjugation::participio
Exprimir + Participio duplo irregular,Exprimir,"Participio <span style=""color: rgb(255, 0, 0);""><b>irregular</b></span> <br> (ser/estar)",,,expresso,,,,,,,,,,/iʃˈpɾɛsu/,,,,,,,,,course-code::pt-conjugation course-code::pt-a2.2 course-code::pt-a2.2::05::u5-participios-duplos course-code::pt-conjugation verbs::mood::pt::forma-nominal verbs verbs::flag::pt::irregulares verbs::flag::pt::participio-duplo-irregular verbs::tense::pt::participio verbs::unit-code::pt-conjugation::participio
Expulsar + Participio duplo irregular,Expulsar,"Participio <span style=""color: rgb(255, 0, 0);""><b>irregular</b></span> <br> (ser/estar)",,,expulso,,,,,,,,,,/iˈʃpuɫsu/,,,,,,,,,course-code::pt-conjugation course-code::pt-a2.2 course-code::pt-a2.2::05::u5-participios-duplos course-code::pt-conjugation verbs::mood::pt::forma-nominal verbs verbs::flag::pt::irregulares verbs::flag::pt::participio-duplo-irregular verbs::tense::pt::participio verbs::unit-code::pt-conjugation::participio
Extinguir + Participio duplo irregular,Extinguir,"Participio <span style=""color: rgb(255, 0, 0);""><b>irregular</b></span> <br> (ser/estar)",,,extinto,,,,,,,,,,/iˈʃtĩtu/,,,,,,,,,course-code::pt-conjugation course-code::pt-a2.2 course-code::pt-a2.2::05::u5-participios-duplos course-code::pt-conjugation verbs::mood::pt::forma-nominal verbs verbs::flag::pt::irregulares verbs::flag::pt::participio-duplo-irregular verbs::tense::pt::participio verbs::unit-code::pt-conjugation::participio
Ganhar + Participio duplo irregular,Ganhar,"Participio <span style=""color: rgb(255, 0, 0);""><b>irregular</b></span> <br> (ser/estar)",,,ganho,,,,,,,,,,/ˈɡɐɲu/,,,,,,,,,course-code::pt-conjugation course-code::pt-conjugation verbs::flag::pt::irregulares verbs::mood::pt::forma-nominal verbs verbs::flag::pt::irregulares verbs::flag::pt::participio-duplo-irregular verbs::tense::pt::participio verbs::unit-code::pt-conjugation::participio
Imergir + Participio duplo irregular,Imergir,"Participio <span style=""color: rgb(255, 0, 0);""><b>irregular</b></span> <br> (ser/estar)",,,imerso,,,,,,,,,,/iˈmɛɾsu/,,,,,,,,,course-code::pt-conjugation course-code::pt-a2.2 course-code::pt-a2.2::05::u5-participios-duplos course-code::pt-conjugation verbs::mood::pt::forma-nominal verbs verbs::flag::pt::irregulares verbs::flag::pt::participio-duplo-irregular verbs::tense::pt::participio verbs::unit-code::pt-conjugation::participio
Imprimir + Participio duplo irregular,Imprimir,"Participio <span style=""color: rgb(255, 0, 0);""><b>irregular</b></span> <br> (ser/estar)",,,impresso,,,,,,,,,,/ĩˈpɾɛsu/,,,,,,,,,course-code::pt-conjugation course-code::pt-a2.2 course-code::pt-a2.2::05::u5-participios-duplos course-code::pt-conjugation verbs::mood::pt::forma-nominal verbs verbs::flag::pt::irregulares verbs::flag::pt::participio-duplo-irregular verbs::tense::pt::participio verbs::unit-code::pt-conjugation::participio
Libertar + Participio duplo irregular,Libertar,"Participio <span style=""color: rgb(255, 0, 0);""><b>irregular</b></span> <br> (ser/estar)",,,liberto,,,,,,,,,,/liˈbɛɾtu/,,,,,,,,,course-code::pt-conjugation course-code::pt-a2.2 course-code::pt-a2.2::05::u5-participios-duplos course-code::pt-conjugation verbs::mood::pt::forma-nominal verbs verbs::flag::pt::irregulares verbs::flag::pt::participio-duplo-irregular verbs::tense::pt::participio verbs::unit-code::pt-conjugation::participio
Matar + Participio duplo regular,Matar,"Participio <b><span style=""color: rgb(0, 0, 255);"">regular</span></b> <br> (ter/haver)",,,matado,,,,,,,,,,/mɐˈtadu/,,,,,,,,,course-code::pt-conjugation course-code::pt-a2.2 course-code::pt-a2.2::05::u5-participios-duplos verbs course-code::pt-conjugation verbs::flag::pt::irregulares verbs::flag::pt::participio-duplo-regular verbs::mood::pt::forma-nominal verbs::tense::pt::participio verbs::unit-code::pt-conjugation::participio
Morrer + Participio duplo irregular,Morrer,"Participio <span style=""color: rgb(255, 0, 0);""><b>irregular</b></span> <br> (ser/estar)",,,morto,,,,,,,,,,/ˈmɔɾtu/,,,,,,,,,course-code::pt-conjugation course-code::pt-a2.2 course-code::pt-a2.2::05::u5-participios-duplos course-code::pt-conjugation verbs::mood::pt::forma-nominal verbs verbs::flag::pt::irregulares verbs::flag::pt::participio-duplo-irregular verbs::tense::pt::participio verbs::unit-code::pt-conjugation::participio
Omitir + Participio duplo irregular,Omitir,"Participio <span style=""color: rgb(255, 0, 0);""><b>irregular</b></span> <br> (ser/estar)",,,omisso,,,,,,,,,,/oˈmisu/,,,,,,,,,course-code::pt-conjugation course-code::pt-a2.2 course-code::pt-a2.2::05::u5-participios-duplos course-code::pt-conjugation verbs::mood::pt::forma-nominal verbs verbs::flag::pt::irregulares verbs::flag::pt::participio-duplo-irregular verbs::tense::pt::participio verbs::unit-code::pt-conjugation::participio
Prender + Participio duplo irregular,Prender,"Participio <span style=""color: rgb(255, 0, 0);""><b>irregular</b></span> <br> (ser/estar)",,,preso,,,,,,,,,,/ˈpɾɛzu/,,,,,,,,,course-code::pt-conjugation course-code::pt-a2.2 course-code::pt-a2.2::05::u5-participios-duplos course-code::pt-conjugation verbs::mood::pt::forma-nominal verbs verbs::flag::pt::irregulares verbs::flag::pt::participio-duplo-irregular verbs::tense::pt::participio verbs::unit-code::pt-conjugation::participio
Soltar + Participio duplo irregular,Soltar,"Participio <span style=""color: rgb(255, 0, 0);""><b>irregular</b></span> <br> (ser/estar)",,,solto,,,,,,,,,,/ˈsɔɫtu/,,,,,,,,,course-code::pt-conjugation course-code::pt-a2.2 course-code::pt-a2.2::05::u5-participios-duplos course-code::pt-conjugation verbs::mood::pt::forma-nominal verbs verbs::flag::pt::irregulares verbs::flag::pt::participio-duplo-irregular verbs::tense::pt::participio verbs::unit-code::pt-conjugation::participio
Romper + Participio duplo irregular,Romper,"Participio <span style=""color: rgb(255, 0, 0);""><b>irregular</b></span> <br> (ser/estar)",,,roto,,,,,,,,,,/ˈʁɔtu/,,,,,,,,,course-code::pt-conjugation course-code::pt-a2.2 course-code::pt-a2.2::05::u5-participios-duplos course-code::pt-conjugation verbs::mood::pt::forma-nominal verbs verbs::flag::pt::participio-duplo-irregular verbs::tense::pt::participio verbs::unit-code::pt-conjugation::participio
Morrer + Participio,Morrer,"<span style=""color: rgb(134, 53, 255);""><b>Participio</b></span>",,,morto / morrido,,,,,,,,,,/ˈmɔɾtu | muˈʁidu/,,,,,,,,,course-code::pt-conjugation course-code::pt-a2.2 course-code::pt-a2.2::05::u5-participios-duplos course-code::pt-conjugation verbs::mood::pt::forma-nominal verbs verbs::flag::pt::participio-duplo verbs::flag::pt::irregulares verbs::tense::pt::participio verbs::unit-code::pt-conjugation::participio
Chamar + futuro do conjuntivo,Chamar,"<b><span style=""color: rgb(85, 170, 0);"">futuro do conjuntivo</span></b>",chamar,chamares,chamar,chamarmos,chamarem,,,,,,/ʃɐˈmaɾ/,/ʃɐˈmaɾɨʃ/,/ʃɐˈmaɾ/,/ʃɐˈmaɾmuʃ/,/ʃɐˈmaɾɐ̃j̃/,,,,,,,course-code::pt-conjugation course-code::pt-conjugation verbs::ending::pt::ar verbs::mood::pt::conjuntivo verbs::tense::pt::futuro-do-conjuntivo verbs::unit-code::pt-conjugation::futuro-do-conjuntivo
Passar + futuro do conjuntivo,Passar,"<b><span style=""color: rgb(85, 170, 0);"">futuro do conjuntivo</span></b>",passar,passares,passar,passarmos,passarem,,,,,,/pɐˈsaɾ/,/pɐˈsaɾɨʃ/,/pɐˈsaɾ/,/pɐˈsaɾmuʃ/,/pɐˈsaɾɐ̃j̃/,,,,,,,course-code::pt-conjugation course-code::pt-conjugation verbs::ending::pt::ar verbs::mood::pt::conjuntivo verbs::tense::pt::futuro-do-conjuntivo verbs::unit-code::pt-conjugation::futuro-do-conjuntivo
Lembrar + futuro do conjuntivo,Lembrar,"<b><span style=""color: rgb(85, 170, 0);"">futuro do conjuntivo</span></b>",lembrar,lembrares,lembrar,lembrarmos,lembrarem,,,,,,/lẽˈbɾaɾ/,/lẽˈbɾaɾɨʃ/,/lẽˈbɾaɾ/,/lẽˈbɾaɾmuʃ/,/lẽˈbɾaɾɐ̃j̃/,,,,,,,course-code::pt-conjugation course-code::pt-conjugation verbs::ending::pt::ar verbs::mood::pt::conjuntivo verbs::tense::pt::futuro-do-conjuntivo verbs::unit-code::pt-conjugation::futuro-do-conjuntivo
Comprar + futuro do conjuntivo,Comprar,"<b><span style=""color: rgb(85, 170, 0);"">futuro do conjuntivo</span></b>",comprar,comprares,comprar,comprarmos,comprarem,,,,,,/kõˈpɾaɾ/,/kõˈpɾaɾɨʃ/,/kõˈpɾaɾ/,/kõˈpɾaɾmuʃ/,/kõˈpɾaɾɐ̃j̃/,,,,,,,course-code::pt-conjugation course-code::pt-conjugation verbs::ending::pt::ar verbs::mood::pt::conjuntivo verbs::tense::pt::futuro-do-conjuntivo verbs::unit-code::pt-conjugation::futuro-do-conjuntivo
Ajudar + futuro do conjuntivo,Ajudar,"<b><span style=""color: rgb(85, 170, 0);"">futuro do conjuntivo</span></b>",ajudar,ajudares,ajudar,ajudarmos,ajudarem,,,,,,/ɐʒuˈdaɾ/,/ɐʒuˈdaɾɨʃ/,/ɐʒuˈdaɾ/,/ɐʒuˈdaɾmuʃ/,/ɐʒuˈdaɾɐ̃j̃/,,,,,,,course-code::pt-conjugation course-code::pt-conjugation verbs::ending::pt::ar verbs::mood::pt::conjuntivo verbs::tense::pt::futuro-do-conjuntivo verbs::unit-code::pt-conjugation::futuro-do-conjuntivo
Tomar + futuro do conjuntivo,Tomar,"<b><span style=""color: rgb(85, 170, 0);"">futuro do conjuntivo</span></b>",tomar,tomares,tomar,tomarmos,tomarem,,,,,,/tuˈmaɾ/,/tuˈmaɾɨʃ/,/tuˈmaɾ/,/tuˈmaɾmuʃ/,/tuˈmaɾɐ̃j̃/,,,,,,,course-code::pt-conjugation course-code::pt-conjugation verbs::ending::pt::ar verbs::mood::pt::conjuntivo verbs::tense::pt::futuro-do-conjuntivo verbs::unit-code::pt-conjugation::futuro-do-conjuntivo
Encontrar + futuro do conjuntivo,Encontrar,"<b><span style=""color: rgb(85, 170, 0);"">futuro do conjuntivo</span></b>",encontrar,encontrares,encontrar,encontrarmos,encontrarem,,,,,,/ẽkõˈtɾaɾ/,/ẽkõˈtɾaɾɨʃ/,/ẽkõˈtɾaɾ/,/ẽkõˈtɾaɾmuʃ/,/ẽkõˈtɾaɾɐ̃j̃/,,,,,,,course-code::pt-conjugation course-code::pt-conjugation verbs::ending::pt::ar verbs::mood::pt::conjuntivo verbs::tense::pt::futuro-do-conjuntivo verbs::unit-code::pt-conjugation::futuro-do-conjuntivo
Voltar + futuro do conjuntivo,Voltar,"<b><span style=""color: rgb(85, 170, 0);"">futuro do conjuntivo</span></b>",voltar,voltares,voltar,voltarmos,voltarem,,,,,,/vɔɫˈtaɾ/,/vɔɫˈtaɾɨʃ/,/vɔɫˈtaɾ/,/vɔɫˈtaɾmuʃ/,/vɔɫˈtaɾɐ̃j̃/,,,,,,,course-code::pt-conjugation course-code::pt-conjugation verbs::ending::pt::ar verbs::mood::pt::conjuntivo verbs::tense::pt::futuro-do-conjuntivo verbs::unit-code::pt-conjugation::futuro-do-conjuntivo
Deixar + futuro do conjuntivo,Deixar,"<b><span style=""color: rgb(85, 170, 0);"">futuro do conjuntivo</span></b>",deixar,deixares,deixar,deixarmos,deixarem,,,,,,/dɐjˈʃaɾ/,/dɐjˈʃaɾɨʃ/,/dɐjˈʃaɾ/,/dɐjˈʃaɾmuʃ/,/dɐjˈʃaɾɐ̃j̃/,,,,,,,course-code::pt-conjugation course-code::pt-conjugation verbs::ending::pt::ar verbs::mood::pt::conjuntivo verbs::tense::pt::futuro-do-conjuntivo verbs::unit-code::pt-conjugation::futuro-do-conjuntivo
Amar + futuro do conjuntivo,Amar,"<b><span style=""color: rgb(85, 170, 0);"">futuro do conjuntivo</span></b>",amar,amares,amar,amarmos,amarem,,,,,,/ɐˈmaɾ/,/ɐˈmaɾɨʃ/,/ɐˈmaɾ/,/ɐˈmaɾmuʃ/,/ɐˈmaɾɐ̃j̃/,,,,,,,course-code::pt-conjugation course-code::pt-conjugation verbs::ending::pt::ar verbs::mood::pt::conjuntivo verbs::tense::pt::futuro-do-conjuntivo verbs::unit-code::pt-conjugation::futuro-do-conjuntivo
Cheirar + futuro do conjuntivo,Cheirar,"<b><span style=""color: rgb(85, 170, 0);"">futuro do conjuntivo</span></b>",cheirar,cheirares,cheirar,cheirarmos,cheirarem,,,,,,/ʃɐjˈɾaɾ/,/ʃɐjˈɾaɾɨʃ/,/ʃɐjˈɾaɾ/,/ʃɐjˈɾaɾmuʃ/,/ʃɐjˈɾaɾɐ̃j̃/,,,,,,,course-code::pt-conjugation course-code::pt-conjugation verbs::ending::pt::ar verbs::mood::pt::conjuntivo verbs::tense::pt::futuro-do-conjuntivo verbs::unit-code::pt-conjugation::futuro-do-conjuntivo
Morar + futuro do conjuntivo,Morar,"<b><span style=""color: rgb(85, 170, 0);"">futuro do conjuntivo</span></b>",morar,morares,morar,morarmos,morarem,,,,,,/muˈɾaɾ/,/muˈɾaɾɨʃ/,/muˈɾaɾ/,/muˈɾaɾmuʃ/,/muˈɾaɾɐ̃j̃/,,,,,,,course-code::pt-conjugation course-code::pt-conjugation verbs::ending::pt::ar verbs::mood::pt::conjuntivo verbs::tense::pt::futuro-do-conjuntivo verbs::unit-code::pt-conjugation::futuro-do-conjuntivo
Gostar + futuro do conjuntivo,Gostar,"<b><span style=""color: rgb(85, 170, 0);"">futuro do conjuntivo</span></b>",gostar,gostares,gostar,gostarmos,gostarem,,,,,,/ɡuˈʃtaɾ/,/ɡuˈʃtaɾɨʃ/,/ɡuˈʃtaɾ/,/ɡuˈʃtaɾmuʃ/,/ɡuˈʃtaɾɐ̃j̃/,,,,,,,course-code::pt-conjugation course-code::pt-conjugation verbs::ending::pt::ar verbs::mood::pt::conjuntivo verbs::tense::pt::futuro-do-conjuntivo verbs::unit-code::pt-conjugation::futuro-do-conjuntivo
Olhar + futuro do conjuntivo,Olhar,"<b><span style=""color: rgb(85, 170, 0);"">futuro do conjuntivo</span></b>",olhar,olhares,olhar,olharmos,olharem,,,,,,/oˈʎaɾ/,/oˈʎaɾɨʃ/,/oˈʎaɾ/,/oˈʎaɾmuʃ/,/oˈʎaɾɐ̃j̃/,,,,,,,course-code::pt-conjugation course-code::pt-conjugation verbs::ending::pt::ar verbs::mood::pt::conjuntivo verbs::tense::pt::futuro-do-conjuntivo verbs::unit-code::pt-conjugation::futuro-do-conjuntivo
Ganhar + futuro do conjuntivo,Ganhar,"<b><span style=""color: rgb(85, 170, 0);"">futuro do conjuntivo</span></b>",ganhar,ganhares,ganhar,ganharmos,ganharem,,,,,,/ɡɐˈɲaɾ/,/ɡɐˈɲaɾɨʃ/,/ɡɐˈɲaɾ/,/ɡɐˈɲaɾmuʃ/,/ɡɐˈɲaɾɐ̃j̃/,,,,,,,course-code::pt-conjugation course-code::pt-conjugation verbs::ending::pt::ar verbs::mood::pt::conjuntivo verbs::tense::pt::futuro-do-conjuntivo verbs::unit-code::pt-conjugation::futuro-do-conjuntivo
Esperar + futuro do conjuntivo,Esperar,"<b><span style=""color: rgb(85, 170, 0);"">futuro do conjuntivo</span></b>",esperar,esperares,esperar,esperarmos,esperarem,,,,,,/ʃpɨˈɾaɾ/,/ʃpɨˈɾaɾɨʃ/,/ʃpɨˈɾaɾ/,/ʃpɨˈɾaɾmuʃ/,/ʃpɨˈɾaɾɐ̃j̃/,,,,,,,course-code::pt-conjugation course-code::pt-conjugation verbs::ending::pt::ar verbs::mood::pt::conjuntivo verbs::tense::pt::futuro-do-conjuntivo verbs::unit-code::pt-conjugation::futuro-do-conjuntivo
Mandar + futuro do conjuntivo,Mandar,"<b><span style=""color: rgb(85, 170, 0);"">futuro do conjuntivo</span></b>",mandar,mandares,mandar,mandarmos,mandarem,,,,,,/mɐ̃ˈdaɾ/,/mɐ̃ˈdaɾɨʃ/,/mɐ̃ˈdaɾ/,/mɐ̃ˈdaɾmuʃ/,/mɐ̃ˈdaɾɐ̃j̃/,,,,,,,course-code::pt-conjugation course-code::pt-conjugation verbs::ending::pt::ar verbs::mood::pt::conjuntivo verbs::tense::pt::futuro-do-conjuntivo verbs::unit-code::pt-conjugation::futuro-do-conjuntivo
Apagar + futuro do conjuntivo,Apagar,"<b><span style=""color: rgb(85, 170, 0);"">futuro do conjuntivo</span></b>",apagar,apagares,apagar,apagarmos,apagarem,,,,,,/ɐpɐˈɡaɾ/,/ɐpɐˈɡaɾɨʃ/,/ɐpɐˈɡaɾ/,/ɐpɐˈɡaɾmuʃ/,/ɐpɐˈɡaɾɐ̃j̃/,,,,,,,course-code::pt-conjugation course-code::pt-conjugation verbs::ending::pt::ar verbs::mood::pt::conjuntivo verbs::tense::pt::futuro-do-conjuntivo verbs::unit-code::pt-conjugation::futuro-do-conjuntivo
Entrar + futuro do conjuntivo,Entrar,"<b><span style=""color: rgb(85, 170, 0);"">futuro do conjuntivo</span></b>",entrar,entrares,entrar,entrarmos,entrarem,,,,,,/ẽˈtɾaɾ/,/ẽˈtɾaɾɨʃ/,/ẽˈtɾaɾ/,/ẽˈtɾaɾmuʃ/,/ẽˈtɾaɾɐ̃j̃/,,,,,,,course-code::pt-conjugation course-code::pt-conjugation verbs::ending::pt::ar verbs::mood::pt::conjuntivo verbs::tense::pt::futuro-do-conjuntivo verbs::unit-code::pt-conjugation::futuro-do-conjuntivo
Começar + futuro do conjuntivo,Começar,"<b><span style=""color: rgb(85, 170, 0);"">futuro do conjuntivo</span></b>",começar,começares,começar,começarmos,começarem,,,,,,/kumɨˈsaɾ/,/kumɨˈsaɾɨʃ/,/kumɨˈsaɾ/,/kumɨˈsaɾmuʃ/,/kumɨˈsaɾɐ̃j̃/,,,,,,,course-code::pt-conjugation course-code::pt-conjugation verbs::ending::pt::ar verbs::mood::pt::conjuntivo verbs::tense::pt::futuro-do-conjuntivo verbs::unit-code::pt-conjugation::futuro-do-conjuntivo
Comer + futuro do conjuntivo,Comer,"<b><span style=""color: rgb(85, 170, 0);"">futuro do conjuntivo</span></b>",comer,comeres,comer,comermos,comerem,,,,,,/kuˈmeɾ/,/kuˈmeɾɨʃ/,/kuˈmeɾ/,/kuˈmeɾmuʃ/,/kuˈmeɾɐ̃j̃/,,,,,,,course-code::pt-conjugation course-code::pt-conjugation verbs::ending::pt::er verbs::mood::pt::conjuntivo verbs::tense::pt::futuro-do-conjuntivo verbs::unit-code::pt-conjugation::futuro-do-conjuntivo
Beber + futuro do conjuntivo,Beber,"<b><span style=""color: rgb(85, 170, 0);"">futuro do conjuntivo</span></b>",beber,beberes,beber,bebermos,beberem,,,,,,/bɨˈbeɾ/,/bɨˈbeɾɨʃ/,/bɨˈbeɾ/,/bɨˈbeɾmuʃ/,/bɨˈbeɾɐ̃j̃/,,,,,,,course-code::pt-conjugation course-code::pt-conjugation verbs::ending::pt::er verbs::mood::pt::conjuntivo verbs::tense::pt::futuro-do-conjuntivo verbs::unit-code::pt-conjugation::futuro-do-conjuntivo
Vender + futuro do conjuntivo,Vender,"<b><span style=""color: rgb(85, 170, 0);"">futuro do conjuntivo</span></b>",vender,venderes,vender,vendermos,venderem,,,,,,/vẽˈdeɾ/,/vẽˈdɛɾɨʃ/,/vẽˈdeɾ/,/vẽˈdɛɾmuʃ/,/vẽˈdɛɾɐ̃j̃/,,,,,,,course-code::pt-conjugation course-code::pt-conjugation verbs::ending::pt::er verbs::mood::pt::conjuntivo verbs::tense::pt::futuro-do-conjuntivo verbs::unit-code::pt-conjugation::futuro-do-conjuntivo
Correr + futuro do conjuntivo,Correr,"<b><span style=""color: rgb(85, 170, 0);"">futuro do conjuntivo</span></b>",correr,correres,correr,corrermos,correrem,,,,,,/kuˈʁeɾ/,/kuˈʁeɾɨʃ/,/kuˈʁeɾ/,/kuˈʁeɾmuʃ/,/kuˈʁeɾɐ̃j̃/,,,,,,,course-code::pt-conjugation course-code::pt-conjugation verbs::ending::pt::er verbs::mood::pt::conjuntivo verbs::tense::pt::futuro-do-conjuntivo verbs::unit-code::pt-conjugation::futuro-do-conjuntivo
Escrever + futuro do conjuntivo,Escrever,"<b><span style=""color: rgb(85, 170, 0);"">futuro do conjuntivo</span></b>",escrever,escreveres,escrever,escrevermos,escreverem,,,,,,/ʃkɾɨˈveɾ/,/ʃkɾɨˈveɾɨʃ/,/ʃkɾɨˈveɾ/,/ʃkɾɨˈveɾmuʃ/,/ʃkɾɨˈveɾɐ̃j̃/,,,,,,,course-code::pt-conjugation course-code::pt-conjugation verbs::ending::pt::er verbs::mood::pt::conjuntivo verbs::tense::pt::futuro-do-conjuntivo verbs::unit-code::pt-conjugation::futuro-do-conjuntivo
Receber + futuro do conjuntivo,Receber,"<b><span style=""color: rgb(85, 170, 0);"">futuro do conjuntivo</span></b>",receber,receberes,receber,recebermos,receberem,,,,,,/ʁɨsɨˈbeɾ/,/ʁɨsɨˈbeɾɨʃ/,/ʁɨsɨˈbeɾ/,/ʁɨsɨˈbeɾmuʃ/,/ʁɨsɨˈbeɾɐ̃j̃/,,,,,,,course-code::pt-conjugation course-code::pt-conjugation verbs::ending::pt::er verbs::mood::pt::conjuntivo verbs::tense::pt::futuro-do-conjuntivo verbs::unit-code::pt-conjugation::futuro-do-conjuntivo
Perder + futuro do conjuntivo,Perder,"<b><span style=""color: rgb(85, 170, 0);"">futuro do conjuntivo</span></b>",perder,perderes,perder,perdermos,perderem,,,,,,/pɨɾˈdeɾ/,/pɨɾˈdeɾɨʃ/,/pɨɾˈdeɾ/,/pɨɾˈdeɾmuʃ/,/pɨɾˈdeɾɐ̃j̃/,,,,,,,course-code::pt-conjugation course-code::pt-conjugation verbs::ending::pt::er verbs::mood::pt::conjuntivo verbs::tense::pt::futuro-do-conjuntivo verbs::unit-code::pt-conjugation::futuro-do-conjuntivo
Viver + futuro do conjuntivo,Viver,"<b><span style=""color: rgb(85, 170, 0);"">futuro do conjuntivo</span></b>",viver,viveres,viver,vivermos,viverem,,,,,,/viˈveɾ/,/viˈveɾɨʃ/,/viˈveɾ/,/viˈveɾmuʃ/,/viˈveɾɐ̃j̃/,,,,,,,course-code::pt-conjugation course-code::pt-conjugation verbs::ending::pt::er verbs::mood::pt::conjuntivo verbs::tense::pt::futuro-do-conjuntivo verbs::unit-code::pt-conjugation::futuro-do-conjuntivo
Responder + futuro do conjuntivo,Responder,"<b><span style=""color: rgb(85, 170, 0);"">futuro do conjuntivo</span></b>",responder,responderes,responder,respondermos,responderem,,,,,,/ʁɨʃpõˈdeɾ/,/ʁɨʃpõˈdeɾɨʃ/,/ʁɨʃpõˈdeɾ/,/ʁɨʃpõˈdeɾmuʃ/,/ʁɨʃpõˈdeɾɐ̃j̃/,,,,,,,course-code::pt-conjugation course-code::pt-conjugation verbs::ending::pt::er verbs::mood::pt::conjuntivo verbs::tense::pt::futuro-do-conjuntivo verbs::unit-code::pt-conjugation::futuro-do-conjuntivo
Aprender + futuro do conjuntivo,Aprender,"<b><span style=""color: rgb(85, 170, 0);"">futuro do conjuntivo</span></b>",aprender,aprenderes,aprender,aprendermos,aprenderem,,,,,,/ɐpɾẽˈdeɾ/,/ɐpɾẽˈdeɾɨʃ/,/ɐpɾẽˈdeɾ/,/ɐpɾẽˈdeɾmuʃ/,/ɐpɾẽˈdeɾɐ̃j̃/,,,,,,,course-code::pt-conjugation course-code::pt-conjugation verbs::ending::pt::er verbs::mood::pt::conjuntivo verbs::tense::pt::futuro-do-conjuntivo verbs::unit-code::pt-conjugation::futuro-do-conjuntivo
Esconder + futuro do conjuntivo,Esconder,"<b><span style=""color: rgb(85, 170, 0);"">futuro do conjuntivo</span></b>",esconder,esconderes,esconder,escondermos,esconderem,,,,,,/ʃkõˈdeɾ/,/ʃkõˈdɛɾɨʃ/,/ʃkõˈdeɾ/,/ʃkõˈdɛɾmuʃ/,/ʃkõˈdɛɾɐ̃j̃/,,,,,,,course-code::pt-conjugation course-code::pt-conjugation verbs::ending::pt::er verbs::mood::pt::conjuntivo verbs::tense::pt::futuro-do-conjuntivo verbs::unit-code::pt-conjugation::futuro-do-conjuntivo
Temer + futuro do conjuntivo,Temer,"<b><span style=""color: rgb(85, 170, 0);"">futuro do conjuntivo</span></b>",temer,temeres,temer,temermos,temerem,,,,,,/tɨˈmeɾ/,/tɨˈmeɾɨʃ/,/tɨˈmeɾ/,/tɨˈmeɾmuʃ/,/tɨˈmeɾɐ̃j̃/,,,,,,,course-code::pt-conjugation course-code::pt-conjugation verbs::ending::pt::er verbs::mood::pt::conjuntivo verbs::tense::pt::futuro-do-conjuntivo verbs::unit-code::pt-conjugation::futuro-do-conjuntivo
Prometer + futuro do conjuntivo,Prometer,"<b><span style=""color: rgb(85, 170, 0);"">futuro do conjuntivo</span></b>",prometer,prometeres,prometer,prometermos,prometerem,,,,,,/pɾumɨˈteɾ/,/pɾumɨˈteɾɨʃ/,/pɾumɨˈteɾ/,/pɾumɨˈteɾmuʃ/,/pɾumɨˈteɾɐ̃j̃/,,,,,,,course-code::pt-conjugation course-code::pt-conjugation verbs::ending::pt::er verbs::mood::pt::conjuntivo verbs::tense::pt::futuro-do-conjuntivo verbs::unit-code::pt-conjugation::futuro-do-conjuntivo
Conhecer + futuro do conjuntivo,Conhecer,"<b><span style=""color: rgb(85, 170, 0);"">futuro do conjuntivo</span></b>",conhecer,conheceres,conhecer,conhecermos,conhecerem,,,,,,/kuɲɨˈseɾ/,/kuɲɨˈseɾɨʃ/,/kuɲɨˈseɾ/,/kuɲɨˈseɾmuʃ/,/kuɲɨˈseɾɐ̃j̃/,,,,,,,course-code::pt-conjugation course-code::pt-conjugation verbs::ending::pt::er verbs::mood::pt::conjuntivo verbs::tense::pt::futuro-do-conjuntivo verbs::unit-code::pt-conjugation::futuro-do-conjuntivo
Depender + futuro do conjuntivo,Depender,"<b><span style=""color: rgb(85, 170, 0);"">futuro do conjuntivo</span></b>",depender,dependeres,depender,dependermos,dependerem,,,,,,/dɨpẽˈdeɾ/,/dɨpẽˈdeɾɨʃ/,/dɨpẽˈdeɾ/,/dɨpẽˈdeɾmuʃ/,/dɨpẽˈdeɾɐ̃j̃/,,,,,,,course-code::pt-conjugation course-code::pt-conjugation verbs::ending::pt::er verbs::mood::pt::conjuntivo verbs::tense::pt::futuro-do-conjuntivo verbs::unit-code::pt-conjugation::futuro-do-conjuntivo
Atender + futuro do conjuntivo,Atender,"<b><span style=""color: rgb(85, 170, 0);"">futuro do conjuntivo</span></b>",atender,atenderes,atender,atendermos,atenderem,,,,,,/ɐtẽˈdeɾ/,/ɐtẽˈdeɾɨʃ/,/ɐtẽˈdeɾ/,/ɐtẽˈdeɾmuʃ/,/ɐtẽˈdeɾɐ̃j̃/,,,,,,,course-code::pt-conjugation course-code::pt-conjugation verbs::ending::pt::er verbs::mood::pt::conjuntivo verbs::tense::pt::futuro-do-conjuntivo verbs::unit-code::pt-conjugation::futuro-do-conjuntivo
Defender + futuro do conjuntivo,Defender,"<b><span style=""color: rgb(85, 170, 0);"">futuro do conjuntivo</span></b>",defender,defenderes,defender,defendermos,defenderem,,,,,,/dɨfẽˈdeɾ/,/dɨfẽˈdeɾɨʃ/,/dɨfẽˈdeɾ/,/dɨfẽˈdeɾmuʃ/,/dɨfẽˈdeɾɐ̃j̃/,,,,,,,course-code::pt-conjugation course-code::pt-conjugation verbs::ending::pt::er verbs::mood::pt::conjuntivo verbs::tense::pt::futuro-do-conjuntivo verbs::unit-code::pt-conjugation::futuro-do-conjuntivo
Escolher + futuro do conjuntivo,Escolher,"<b><span style=""color: rgb(85, 170, 0);"">futuro do conjuntivo</span></b>",escolher,escolheres,escolher,escolhermos,escolherem,,,,,,/ʃkuˈʎeɾ/,/ʃkuˈʎeɾɨʃ/,/ʃkuˈʎeɾ/,/ʃkuˈʎeɾmuʃ/,/ʃkuˈʎeɾɐ̃j̃/,,,,,,,course-code::pt-conjugation course-code::pt-conjugation verbs::ending::pt::er verbs::mood::pt::conjuntivo verbs::tense::pt::futuro-do-conjuntivo verbs::unit-code::pt-conjugation::futuro-do-conjuntivo
Chover + futuro do conjuntivo,Chover,"<b><span style=""color: rgb(85, 170, 0);"">futuro do conjuntivo</span></b>",chover,choveres,chover,chovermos,choverem,,,,,,/ʃuˈveɾ/,/ʃuˈveɾɨʃ/,/ʃuˈveɾ/,/ʃuˈveɾmuʃ/,/ʃuˈveɾɐ̃j̃/,,,,,,,course-code::pt-conjugation course-code::pt-conjugation verbs::ending::pt::er verbs::mood::pt::conjuntivo verbs::tense::pt::futuro-do-conjuntivo verbs::unit-code::pt-conjugation::futuro-do-conjuntivo
Entender + futuro do conjuntivo,Entender,"<b><span style=""color: rgb(85, 170, 0);"">futuro do conjuntivo</span></b>",entender,entenderes,entender,entendermos,entenderem,,,,,,/ẽtẽˈdeɾ/,/ẽtẽˈdɛɾɨʃ/,/ẽtẽˈdeɾ/,/ẽtẽˈdɛɾmuʃ/,/ẽtẽˈdɛɾɐ̃j̃/,,,,,,,course-code::pt-conjugation course-code::pt-conjugation verbs::ending::pt::er verbs::mood::pt::conjuntivo verbs::tense::pt::futuro-do-conjuntivo verbs::unit-code::pt-conjugation::futuro-do-conjuntivo
Esquecer + futuro do conjuntivo,Esquecer,"<b><span style=""color: rgb(85, 170, 0);"">futuro do conjuntivo</span></b>",esquecer,esqueceres,esquecer,esquecermos,esquecerem,,,,,,/skɨˈseɾ/,/skɨˈseɾɨʃ/,/skɨˈseɾ/,/skɨˈseɾmuʃ/,/skɨˈseɾɐ̃j̃/,,,,,,,course-code::pt-conjugation course-code::pt-conjugation verbs::ending::pt::er verbs::mood::pt::conjuntivo verbs::tense::pt::futuro-do-conjuntivo verbs::unit-code::pt-conjugation::futuro-do-conjuntivo
Oferecer + futuro do conjuntivo,Oferecer,"<b><span style=""color: rgb(85, 170, 0);"">futuro do conjuntivo</span></b>",oferecer,ofereceres,oferecer,oferecermos,oferecerem,,,,,,/ofɨɾɨˈseɾ/,/ofɨɾɨˈseɾɨʃ/,/ofɨɾɨˈseɾ/,/ofɨɾɨˈseɾmuʃ/,/ofɨɾɨˈseɾɐ̃j̃/,,,,,,,course-code::pt-conjugation course-code::pt-conjugation verbs::ending::pt::er verbs::mood::pt::conjuntivo verbs::tense::pt::futuro-do-conjuntivo verbs::unit-code::pt-conjugation::futuro-do-conjuntivo
Parecer + futuro do conjuntivo,Parecer,"<b><span style=""color: rgb(85, 170, 0);"">futuro do conjuntivo</span></b>",parecer,pareceres,parecer,parecermos,parecerem,,,,,,/pɐɾɨˈseɾ/,/pɐɾɨˈseɾɨʃ/,/pɐɾɨˈseɾ/,/pɐɾɨˈseɾmuʃ/,/pɐɾɨˈseɾɐ̃j̃/,,,,,,,course-code::pt-conjugation course-code::pt-conjugation verbs::ending::pt::er verbs::mood::pt::conjuntivo verbs::tense::pt::futuro-do-conjuntivo verbs::unit-code::pt-conjugation::futuro-do-conjuntivo
Recolher + futuro do conjuntivo,Recolher,"<b><span style=""color: rgb(85, 170, 0);"">futuro do conjuntivo</span></b>",recolher,recolheres,recolher,recolhermos,recolherem,,,,,,/ʁɨkuˈʎeɾ/,/ʁɨkuˈʎeɾɨʃ/,/ʁɨkuˈʎeɾ/,/ʁɨkuˈʎeɾmuʃ/,/ʁɨkuˈʎeɾɐ̃j̃/,,,,,,,course-code::pt-conjugation course-code::pt-conjugation verbs::ending::pt::er verbs::mood::pt::conjuntivo verbs::tense::pt::futuro-do-conjuntivo verbs::unit-code::pt-conjugation::futuro-do-conjuntivo
Sofrer + futuro do conjuntivo,Sofrer,"<b><span style=""color: rgb(85, 170, 0);"">futuro do conjuntivo</span></b>",sofrer,sofreres,sofrer,sofrermos,sofrerem,,,,,,/suˈfɾeɾ/,/suˈfɾeɾɨʃ/,/suˈfɾeɾ/,/suˈfɾeɾmuʃ/,/suˈfɾeɾɐ̃j̃/,,,,,,,course-code::pt-conjugation course-code::pt-conjugation verbs::ending::pt::er verbs::mood::pt::conjuntivo verbs::tense::pt::futuro-do-conjuntivo verbs::unit-code::pt-conjugation::futuro-do-conjuntivo
Abrir + futuro do conjuntivo,Abrir,"<b><span style=""color: rgb(85, 170, 0);"">futuro do conjuntivo</span></b>",abrir,abrires,abrir,abrirmos,abrirem,,,,,,/ɐˈbɾiɾ/,/ɐˈbɾiɾɨʃ/,/ɐˈbɾiɾ/,/ɐˈbɾiɾmuʃ/,/ɐˈbɾiɾɐ̃j̃/,,,,,,,course-code::pt-conjugation course-code::pt-conjugation verbs::ending::pt::ir verbs::mood::pt::conjuntivo verbs::tense::pt::futuro-do-conjuntivo verbs::unit-code::pt-conjugation::futuro-do-conjuntivo
Decidir + futuro do conjuntivo,Decidir,"<b><span style=""color: rgb(85, 170, 0);"">futuro do conjuntivo</span></b>",decidir,decidires,decidir,decidirmos,decidirem,,,,,,/dɨsiˈdiɾ/,/dɨsiˈdiɾɨʃ/,/dɨsiˈdiɾ/,/dɨsiˈdiɾmuʃ/,/dɨsiˈdiɾɐ̃j̃/,,,,,,,course-code::pt-conjugation course-code::pt-conjugation verbs::ending::pt::ir verbs::mood::pt::conjuntivo verbs::tense::pt::futuro-do-conjuntivo verbs::unit-code::pt-conjugation::futuro-do-conjuntivo
Partir + futuro do conjuntivo,Partir,"<b><span style=""color: rgb(85, 170, 0);"">futuro do conjuntivo</span></b>",partir,partires,partir,partirmos,partirem,,,,,,/pɐɾˈtiɾ/,/pɐɾˈtiɾɨʃ/,/pɐɾˈtiɾ/,/pɐɾˈtiɾmuʃ/,/pɐɾˈtiɾɐ̃j̃/,,,,,,,course-code::pt-conjugation course-code::pt-conjugation verbs::ending::pt::ir verbs::mood::pt::conjuntivo verbs::tense::pt::futuro-do-conjuntivo verbs::unit-code::pt-conjugation::futuro-do-conjuntivo
Assistir + futuro do conjuntivo,Assistir,"<b><span style=""color: rgb(85, 170, 0);"">futuro do conjuntivo</span></b>",assistir,assitires,assistir,assistirmos,assistirem,,,,,,/ɐsiˈʃtiɾ/,/ɐsiˈtiɾɨʃ/,/ɐsiˈʃtiɾ/,/ɐsiˈʃtiɾmuʃ/,/ɐsiˈʃtiɾɐ̃j̃/,,,,,,,course-code::pt-conjugation course-code::pt-conjugation verbs::ending::pt::ir verbs::mood::pt::conjuntivo verbs::tense::pt::futuro-do-conjuntivo verbs::unit-code::pt-conjugation::futuro-do-conjuntivo
Fugir + futuro do conjuntivo,Fugir,"<b><span style=""color: rgb(85, 170, 0);"">futuro do conjuntivo</span></b>",fugir,fugires,fugir,fugirmos,fugirem,,,,,,/fuˈʒiɾ/,/fuˈʒiɾɨʃ/,/fuˈʒiɾ/,/fuˈʒiɾmuʃ/,/fuˈʒiɾɐ̃j̃/,,,,,,,course-code::pt-conjugation course-code::pt-conjugation verbs::ending::pt::ir verbs::mood::pt::conjuntivo verbs::tense::pt::futuro-do-conjuntivo verbs::unit-code::pt-conjugation::futuro-do-conjuntivo
Imprimir + futuro do conjuntivo,Imprimir,"<b><span style=""color: rgb(85, 170, 0);"">futuro do conjuntivo</span></b>",imprimir,imprimires,imprimir,imprimirmos,imprimirem,,,,,,/ĩpɾiˈmiɾ/,/ĩpɾiˈmiɾɨʃ/,/ĩpɾiˈmiɾ/,/ĩpɾiˈmiɾmuʃ/,/ĩpɾiˈmiɾɐ̃j̃/,,,,,,,course-code::pt-conjugation course-code::pt-conjugation verbs::ending::pt::ir verbs::mood::pt::conjuntivo verbs::tense::pt::futuro-do-conjuntivo verbs::unit-code::pt-conjugation::futuro-do-conjuntivo
Permitir + futuro do conjuntivo,Permitir,"<b><span style=""color: rgb(85, 170, 0);"">futuro do conjuntivo</span></b>",permitir,permitires,permitir,permitirmos,permitirem,,,,,,/pɨɾmiˈtiɾ/,/pɨɾmiˈtiɾɨʃ/,/pɨɾmiˈtiɾ/,/pɨɾmiˈtiɾmuʃ/,/pɨɾmiˈtiɾɐ̃j̃/,,,,,,,course-code::pt-conjugation course-code::pt-conjugation verbs::ending::pt::ir verbs::mood::pt::conjuntivo verbs::tense::pt::futuro-do-conjuntivo verbs::unit-code::pt-conjugation::futuro-do-conjuntivo
Servir + futuro do conjuntivo,Servir,"<b><span style=""color: rgb(85, 170, 0);"">futuro do conjuntivo</span></b>",servir,servires,servir,servirmos,servirem,,,,,,/sɨɾˈviɾ/,/sɨɾˈviɾɨʃ/,/sɨɾˈviɾ/,/sɨɾˈviɾmuʃ/,/sɨɾˈviɾɐ̃j̃/,,,,,,,course-code::pt-conjugation course-code::pt-conjugation verbs::ending::pt::ir verbs::mood::pt::conjuntivo verbs::tense::pt::futuro-do-conjuntivo verbs::unit-code::pt-conjugation::futuro-do-conjuntivo
Subir + futuro do conjuntivo,Subir,"<b><span style=""color: rgb(85, 170, 0);"">futuro do conjuntivo</span></b>",subir,subires,subir,subirmos,subirem,,,,,,/suˈbiɾ/,/suˈbiɾɨʃ/,/suˈbiɾ/,/suˈbiɾmuʃ/,/suˈbiɾɐ̃j̃/,,,,,,,course-code::pt-conjugation course-code::pt-conjugation verbs::ending::pt::ir verbs::mood::pt::conjuntivo verbs::tense::pt::futuro-do-conjuntivo verbs::unit-code::pt-conjugation::futuro-do-conjuntivo
Repetir + futuro do conjuntivo,Repetir,"<b><span style=""color: rgb(85, 170, 0);"">futuro do conjuntivo</span></b>",repetir,repitires,repetir,repetirmos,repetirem,,,,,,/ʁɨpɨˈtiɾ/,/ʁɨpiˈtiɾɨʃ/,/ʁɨpɨˈtiɾ/,/ʁɨpɨˈtiɾmuʃ/,/ʁɨpɨˈtiɾɐ̃j̃/,,,,,,,course-code::pt-conjugation course-code::pt-conjugation verbs::ending::pt::ir verbs::mood::pt::conjuntivo verbs::tense::pt::futuro-do-conjuntivo verbs::unit-code::pt-conjugation::futuro-do-conjuntivo
Dividir + futuro do conjuntivo,Dividir,"<b><span style=""color: rgb(85, 170, 0);"">futuro do conjuntivo</span></b>",dividir,dividires,dividir,dividirmos,dividirem,,,,,,/diviˈdiɾ/,/diviˈdiɾɨʃ/,/diviˈdiɾ/,/diviˈdiɾmuʃ/,/diviˈdiɾɐ̃j̃/,,,,,,,course-code::pt-conjugation course-code::pt-conjugation verbs::ending::pt::ir verbs::mood::pt::conjuntivo verbs::tense::pt::futuro-do-conjuntivo verbs::unit-code::pt-conjugation::futuro-do-conjuntivo
Insistir + futuro do conjuntivo,Insistir,"<b><span style=""color: rgb(85, 170, 0);"">futuro do conjuntivo</span></b>",insistir,insistires,insistir,insistirmos,insistirem,,,,,,/ĩsiˈʃtiɾ/,/ĩsiˈʃtiɾɨʃ/,/ĩsiˈʃtiɾ/,/ĩsiˈʃtiɾmuʃ/,/ĩsiˈʃtiɾɐ̃j̃/,,,,,,,course-code::pt-conjugation course-code::pt-conjugation verbs::ending::pt::ir verbs::mood::pt::conjuntivo verbs::tense::pt::futuro-do-conjuntivo verbs::unit-code::pt-conjugation::futuro-do-conjuntivo
Sumir + futuro do conjuntivo,Sumir,"<b><span style=""color: rgb(85, 170, 0);"">futuro do conjuntivo</span></b>",sumir,sumires,sumir,sumirmos,sumirem,,,,,,/suˈmiɾ/,/suˈmiɾɨʃ/,/suˈmiɾ/,/suˈmiɾmuʃ/,/suˈmiɾɐ̃j̃/,,,,,,,course-code::pt-conjugation course-code::pt-conjugation verbs::ending::pt::ir verbs::mood::pt::conjuntivo verbs::tense::pt::futuro-do-conjuntivo verbs::unit-code::pt-conjugation::futuro-do-conjuntivo
Mentir + futuro do conjuntivo,Mentir,"<b><span style=""color: rgb(85, 170, 0);"">futuro do conjuntivo</span></b>",mentir,mentires,mentir,mentirmos,mentirem,,,,,,/mẽˈtiɾ/,/mẽˈtiɾɨʃ/,/mẽˈtiɾ/,/mẽˈtiɾmuʃ/,/mẽˈtiɾɐ̃j̃/,,,,,,,course-code::pt-conjugation course-code::pt-conjugation verbs::ending::pt::ir verbs::mood::pt::conjuntivo verbs::tense::pt::futuro-do-conjuntivo verbs::unit-code::pt-conjugation::futuro-do-conjuntivo
Admitir + futuro do conjuntivo,Admitir,"<b><span style=""color: rgb(85, 170, 0);"">futuro do conjuntivo</span></b>",admitir,admitires,admitir,admitirmos,admitirem,,,,,,/ɐdmiˈtiɾ/,/ɐdmiˈtiɾɨʃ/,/ɐdmiˈtiɾ/,/ɐdmiˈtiɾmuʃ/,/ɐdmiˈtiɾɐ̃j̃/,,,,,,,course-code::pt-conjugation course-code::pt-conjugation verbs::ending::pt::ir verbs::mood::pt::conjuntivo verbs::tense::pt::futuro-do-conjuntivo verbs::unit-code::pt-conjugation::futuro-do-conjuntivo
Transmitir + futuro do conjuntivo,Transmitir,"<b><span style=""color: rgb(85, 170, 0);"">futuro do conjuntivo</span></b>",transmitir,transmitires,transmitir,transmitirmos,transmitirem,,,,,,/tɾɐ̃smiˈtiɾ/,/tɾɐ̃smiˈtiɾɨʃ/,/tɾɐ̃smiˈtiɾ/,/tɾɐ̃smiˈtiɾmuʃ/,/tɾɐ̃smiˈtiɾɐ̃j̃/,,,,,,,course-code::pt-conjugation course-code::pt-conjugation verbs::ending::pt::ir verbs::mood::pt::conjuntivo verbs::tense::pt::futuro-do-conjuntivo verbs::unit-code::pt-conjugation::futuro-do-conjuntivo
Definir + futuro do conjuntivo,Definir,"<b><span style=""color: rgb(85, 170, 0);"">futuro do conjuntivo</span></b>",definir,definires,definir,definirmos,definirem,,,,,,/dɨfiˈniɾ/,/dɨfiˈniɾɨʃ/,/dɨfiˈniɾ/,/dɨfiˈniɾmuʃ/,/dɨfiˈniɾɐ̃j̃/,,,,,,,course-code::pt-conjugation course-code::pt-conjugation verbs::ending::pt::ir verbs::mood::pt::conjuntivo verbs::tense::pt::futuro-do-conjuntivo verbs::unit-code::pt-conjugation::futuro-do-conjuntivo
Demitir + futuro do conjuntivo,Demitir,"<b><span style=""color: rgb(85, 170, 0);"">futuro do conjuntivo</span></b>",demitir,demitires,demitir,demitirmos,demitirem,,,,,,/dɨmiˈtiɾ/,/dɨmiˈtiɾɨʃ/,/dɨmiˈtiɾ/,/dɨmiˈtiɾmuʃ/,/dɨmiˈtiɾɐ̃j̃/,,,,,,,course-code::pt-conjugation course-code::pt-conjugation verbs::ending::pt::ir verbs::mood::pt::conjuntivo verbs::tense::pt::futuro-do-conjuntivo verbs::unit-code::pt-conjugation::futuro-do-conjuntivo
Consentir + futuro do conjuntivo,Consentir,"<b><span style=""color: rgb(85, 170, 0);"">futuro do conjuntivo</span></b>",consentir,consentires,consentir,consentirmos,consentirem,,,,,,/kõsẽˈtiɾ/,/kõsẽˈtiɾɨʃ/,/kõsẽˈtiɾ/,/kõsẽˈtiɾmuʃ/,/kõsẽˈtiɾɐ̃j̃/,,,,,,,course-code::pt-conjugation course-code::pt-conjugation verbs::ending::pt::ir verbs::mood::pt::conjuntivo verbs::tense::pt::futuro-do-conjuntivo verbs::unit-code::pt-conjugation::futuro-do-conjuntivo
Pressentir + futuro do conjuntivo,Pressentir,"<b><span style=""color: rgb(85, 170, 0);"">futuro do conjuntivo</span></b>",pressentir,pressentires,pressentir,pressentirmos,pressentirem,,,,,,/pɾɨsẽˈtiɾ/,/pɾɨsẽˈtiɾɨʃ/,/pɾɨsẽˈtiɾ/,/pɾɨsẽˈtiɾmuʃ/,/pɾɨsẽˈtiɾɐ̃j̃/,,,,,,,course-code::pt-conjugation course-code::pt-conjugation verbs::ending::pt::ir verbs::mood::pt::conjuntivo verbs::tense::pt::futuro-do-conjuntivo verbs::unit-code::pt-conjugation::futuro-do-conjuntivo
Refletir + futuro do conjuntivo,Refletir,"<b><span style=""color: rgb(85, 170, 0);"">futuro do conjuntivo</span></b>",refletir,refletires,refletir,refletirmos,refletirem,,,,,,/ʁɨflɨˈtiɾ/,/ʁɨflɨˈtiɾɨʃ/,/ʁɨflɨˈtiɾ/,/ʁɨflɨˈtiɾmuʃ/,/ʁɨflɨˈtiɾɐ̃j̃/,,,,,,,course-code::pt-conjugation course-code::pt-conjugation verbs::ending::pt::ir verbs::mood::pt::conjuntivo verbs::tense::pt::futuro-do-conjuntivo verbs::unit-code::pt-conjugation::futuro-do-conjuntivo
Resistir + futuro do conjuntivo,Resistir,"<b><span style=""color: rgb(85, 170, 0);"">futuro do conjuntivo</span></b>",resistir,resistires,resistir,resistirmos,resistirem,,,,,,/ʁɨziˈʃtiɾ/,/ʁɨziˈʃtiɾɨʃ/,/ʁɨziˈʃtiɾ/,/ʁɨziˈʃtiɾmuʃ/,/ʁɨziˈʃtiɾɐ̃j̃/,,,,,,,course-code::pt-conjugation course-code::pt-conjugation verbs::ending::pt::ir verbs::mood::pt::conjuntivo verbs::tense::pt::futuro-do-conjuntivo verbs::unit-code::pt-conjugation::futuro-do-conjuntivo
Exibir + futuro do conjuntivo,Exibir,"<b><span style=""color: rgb(85, 170, 0);"">futuro do conjuntivo</span></b>",exibir,exibires,exibir,exibirmos,exibirem,,,,,,/iziˈbiɾ/,/iziˈbiɾɨʃ/,/iziˈbiɾ/,/iziˈbiɾmuʃ/,/iziˈbiɾɐ̃j̃/,,,,,,,course-code::pt-conjugation course-code::pt-conjugation verbs::ending::pt::ir verbs::mood::pt::conjuntivo verbs::tense::pt::futuro-do-conjuntivo verbs::unit-code::pt-conjugation::futuro-do-conjuntivo
Omitir + futuro do conjuntivo,Omitir,"<b><span style=""color: rgb(85, 170, 0);"">futuro do conjuntivo</span></b>",omitir,omitires,omitir,omitirmos,omitirem,,,,,,/omiˈtiɾ/,/omiˈtiɾɨʃ/,/omiˈtiɾ/,/omiˈtiɾmuʃ/,/omiˈtiɾɐ̃j̃/,,,,,,,course-code::pt-conjugation course-code::pt-conjugation verbs::ending::pt::ir verbs::mood::pt::conjuntivo verbs::tense::pt::futuro-do-conjuntivo verbs::unit-code::pt-conjugation::futuro-do-conjuntivo
Cumprir + futuro do conjuntivo,Cumprir,"<b><span style=""color: rgb(85, 170, 0);"">futuro do conjuntivo</span></b>",cumprir,cumprires,cumprir,cumprirmos,cumprirem,,,,,,/kũˈpɾiɾ/,/kũˈpɾiɾɨʃ/,/kũˈpɾiɾ/,/kũˈpɾiɾmuʃ/,/kũˈpɾiɾɐ̃j̃/,,,,,,,course-code::pt-conjugation course-code::pt-conjugation verbs::ending::pt::ir verbs::mood::pt::conjuntivo verbs::tense::pt::futuro-do-conjuntivo verbs::unit-code::pt-conjugation::futuro-do-conjuntivo
Apoiar-se + futuro do conjuntivo,Apoiar-se,"<b><span style=""color: rgb(85, 170, 0);"">futuro do conjuntivo</span></b>",me apoiar,te apoiares,se apoiar,nos apoiarmos,se apoiarem,,,,,,/ˈmɛ ɐpojˈaɾ/,/ˈtɛ ɐpojˈaɾɨʃ/,/sɨ ɐpojˈaɾ/,/ˈnɔz ɐpojˈaɾmuʃ/,/sɨ ɐpojˈaɾɐ̃j̃/,,,,,,,course-code::pt-conjugation course-code::pt-conjugation verbs::flag::pt::reflexos verbs::mood::pt::conjuntivo verbs::tense::pt::futuro-do-conjuntivo verbs::unit-code::pt-conjugation::futuro-do-conjuntivo
Acalmar-se + futuro do conjuntivo,Acalmar-se,"<b><span style=""color: rgb(85, 170, 0);"">futuro do conjuntivo</span></b>",me acalmar,te acalmares,se acalmar,nos acalmarmos,se acalmarem,,,,,,/ˈmɛ ɐkaɫˈmaɾ/,/ˈtɛ ɐkaɫˈmaɾɨʃ/,/sɨ ɐkaɫˈmaɾ/,/ˈnɔz ɐkaɫˈmaɾmuʃ/,/sɨ ɐkaɫˈmaɾɐ̃j̃/,,,,,,,course-code::pt-conjugation course-code::pt-conjugation verbs::flag::pt::reflexos verbs::mood::pt::conjuntivo verbs::tense::pt::futuro-do-conjuntivo verbs::unit-code::pt-conjugation::futuro-do-conjuntivo
Queixar-se + futuro do conjuntivo,Queixar-se,"<b><span style=""color: rgb(85, 170, 0);"">futuro do conjuntivo</span></b>",me queixar,te queixares,se queixar,nos queixarmos,se queixarem,,,,,,/ˈmɛ kɐjˈʃaɾ/,/ˈtɛ kɐjˈʃaɾɨʃ/,/sɨ kɐjˈʃaɾ/,/ˈnɔʃ kɐjˈʃaɾmuʃ/,/sɨ kɐjˈʃaɾɐ̃j̃/,,,,,,,course-code::pt-conjugation course-code::pt-conjugation verbs::flag::pt::reflexos verbs::mood::pt::conjuntivo verbs::tense::pt::futuro-do-conjuntivo verbs::unit-code::pt-conjugation::futuro-do-conjuntivo
Desculpar-se + futuro do conjuntivo,Desculpar-se,"<b><span style=""color: rgb(85, 170, 0);"">futuro do conjuntivo</span></b>",me desculpar,te desculpares,se desculpar,nos desculparmos,se desculparem,,,,,,/ˈmɛ dɨʃkuɫˈpaɾ/,/ˈtɛ dɨʃkuɫˈpaɾɨʃ/,/sɨ dɨʃkuɫˈpaɾ/,/ˈnɔʒ dɨʃkuɫˈpaɾmuʃ/,/sɨ dɨʃkuɫˈpaɾɐ̃j̃/,,,,,,,course-code::pt-conjugation course-code::pt-conjugation verbs::flag::pt::reflexos verbs::mood::pt::conjuntivo verbs::tense::pt::futuro-do-conjuntivo verbs::unit-code::pt-conjugation::futuro-do-conjuntivo
Envergonhar-se + futuro do conjuntivo,Envergonhar-se,"<b><span style=""color: rgb(85, 170, 0);"">futuro do conjuntivo</span></b>",me envergonhar,te envergonhares,se envergonhar,nos envergonharmos,se envergonharem,,,,,,/ˈmɛ ẽvɨɾɡuˈɲaɾ/,/ˈtɛ ẽvɨɾɡuˈɲaɾɨʃ/,/sɨ ẽvɨɾɡuˈɲaɾ/,/ˈnɔʃ ẽvɨɾɡuˈɲaɾmuʃ/,/sɨ ẽvɨɾɡuˈɲaɾɐ̃j̃/,,,,,,,course-code::pt-conjugation course-code::pt-conjugation verbs::flag::pt::reflexos verbs::mood::pt::conjuntivo verbs::tense::pt::futuro-do-conjuntivo verbs::unit-code::pt-conjugation::futuro-do-conjuntivo
Descontar-se + futuro do conjuntivo,Descontar-se,"<b><span style=""color: rgb(85, 170, 0);"">futuro do conjuntivo</span></b>",me descontar,te descontares,se descontar,nos descontarmos,se descontarem,,,,,,/ˈmɛ dɨʃkõˈtaɾ/,/ˈtɛ dɨʃkõˈtaɾɨʃ/,/sɨ dɨʃkõˈtaɾ/,/ˈnɔʒ dɨʃkõˈtaɾmuʃ/,/sɨ dɨʃkõˈtaɾɐ̃j̃/,,,,,,,course-code::pt-conjugation course-code::pt-conjugation verbs::flag::pt::reflexos verbs::mood::pt::conjuntivo verbs::tense::pt::futuro-do-conjuntivo verbs::unit-code::pt-conjugation::futuro-do-conjuntivo
Desfazer-se + futuro do conjuntivo,Desfazer-se,"<b><span style=""color: rgb(85, 170, 0);"">futuro do conjuntivo</span></b>",me desfizer,te desfizeres,se desfizer,nos desfizermos,se desfizerem,,,,,,/ˈmɛ dɨʃfiˈzeɾ/,/ˈtɛ dɨʃfiˈzeɾɨʃ/,/sɨ dɨʃfiˈzeɾ/,/ˈnɔʒ dɨʃfiˈzeɾmuʃ/,/sɨ dɨʃfiˈzeɾɐ̃j̃/,,,,,,,course-code::pt-conjugation course-code::pt-conjugation verbs::flag::pt::reflexos verbs::mood::pt::conjuntivo verbs::tense::pt::futuro-do-conjuntivo verbs::unit-code::pt-conjugation::futuro-do-conjuntivo
Enganar-se + futuro do conjuntivo,Enganar-se,"<b><span style=""color: rgb(85, 170, 0);"">futuro do conjuntivo</span></b>",me enganar,te enganares,se enganar,nos enganarmos,se enganarem,,,,,,/ˈmɛ ẽɡɐˈnaɾ/,/ˈtɛ ẽɡɐˈnaɾɨʃ/,/sɨ ẽɡɐˈnaɾ/,/ˈnɔʃ ẽɡɐˈnaɾmuʃ/,/sɨ ẽɡɐˈnaɾɐ̃j̃/,,,,,,,course-code::pt-conjugation course-code::pt-conjugation verbs::flag::pt::reflexos verbs::mood::pt::conjuntivo verbs::tense::pt::futuro-do-conjuntivo verbs::unit-code::pt-conjugation::futuro-do-conjuntivo
Emocionar-se + futuro do conjuntivo,Emocionar-se,"<b><span style=""color: rgb(85, 170, 0);"">futuro do conjuntivo</span></b>",me emocionar,te emocionares,se emocionar,nos emocionarmos,se emocionarem,,,,,,/ˈmɛ imusiuˈnaɾ/,/ˈtɛ imusiuˈnaɾɨʃ/,/sɨ imusiuˈnaɾ/,/ˈnɔz imusiuˈnaɾmuʃ/,/sɨ imusiuˈnaɾɐ̃j̃/,,,,,,,course-code::pt-conjugation course-code::pt-conjugation verbs::flag::pt::reflexos verbs::mood::pt::conjuntivo verbs::tense::pt::futuro-do-conjuntivo verbs::unit-code::pt-conjugation::futuro-do-conjuntivo
Aborrecer-se + futuro do conjuntivo,Aborrecer-se,"<b><span style=""color: rgb(85, 170, 0);"">futuro do conjuntivo</span></b>",me aborrecer,te aborreceres,se aborrecer,nos aborrecermos,se aborrecerem,,,,,,/ˈmɛ ɐbuʁɨˈseɾ/,/ˈtɛ ɐbuʁɨˈseɾɨʃ/,/sɨ ɐbuʁɨˈseɾ/,/ˈnɔz ɐbuʁɨˈseɾmuʃ/,/sɨ ɐbuʁɨˈseɾɐ̃j̃/,,,,,,,course-code::pt-conjugation course-code::pt-conjugation verbs::flag::pt::reflexos verbs::mood::pt::conjuntivo verbs::tense::pt::futuro-do-conjuntivo verbs::unit-code::pt-conjugation::futuro-do-conjuntivo
Abster-se + futuro do conjuntivo,Abster-se,"<b><span style=""color: rgb(85, 170, 0);"">futuro do conjuntivo</span></b>",me abster,te abstiveres,se abstiver,nos abstivermos,se abstiverem,,,,,,/ˈmɛ ɐbˈʃteɾ/,/ˈtɛ ɐbʃtiˈveɾɨʃ/,/sɨ ɐbʃtiˈveɾ/,/ˈnɔz ɐbʃtiˈveɾmuʃ/,/sɨ ɐbʃtiˈveɾɐ̃j̃/,,,,,,,course-code::pt-conjugation course-code::pt-conjugation verbs::flag::pt::reflexos verbs::mood::pt::conjuntivo verbs::tense::pt::futuro-do-conjuntivo verbs::unit-code::pt-conjugation::futuro-do-conjuntivo
Arrepender-se + futuro do conjuntivo,Arrepender-se,"<b><span style=""color: rgb(85, 170, 0);"">futuro do conjuntivo</span></b>",me arrepender,te arrependeres,se arrepender,nos arrependermos,se arrependerem,,,,,,/ˈmɛ ɐʁɨpẽˈdeɾ/,/ˈtɛ ɐʁɨpẽˈdeɾɨʃ/,/sɨ ɐʁɨpẽˈdeɾ/,/ˈnɔz ɐʁɨpẽˈdeɾmuʃ/,/sɨ ɐʁɨpẽˈdeɾɐ̃j̃/,,,,,,,course-code::pt-conjugation course-code::pt-conjugation verbs::flag::pt::reflexos verbs::mood::pt::conjuntivo verbs::tense::pt::futuro-do-conjuntivo verbs::unit-code::pt-conjugation::futuro-do-conjuntivo
Comover-se + futuro do conjuntivo,Comover-se,"<b><span style=""color: rgb(85, 170, 0);"">futuro do conjuntivo</span></b>",me comover,te comoveres,se comover,nos comovermos,se comoverem,,,,,,/ˈmɛ kumuˈveɾ/,/ˈtɛ kumuˈveɾɨʃ/,/sɨ kumuˈveɾ/,/ˈnɔʃ kumuˈveɾmuʃ/,/sɨ kumuˈveɾɐ̃j̃/,,,,,,,course-code::pt-conjugation course-code::pt-conjugation verbs::flag::pt::reflexos verbs::mood::pt::conjuntivo verbs::tense::pt::futuro-do-conjuntivo verbs::unit-code::pt-conjugation::futuro-do-conjuntivo
Defender-se + futuro do conjuntivo,Defender-se,"<b><span style=""color: rgb(85, 170, 0);"">futuro do conjuntivo</span></b>",me defender,te defenderes,se defender,nos defendermos,se defenderem,,,,,,/ˈmɛ dɨfẽˈdeɾ/,/ˈtɛ dɨfẽˈdeɾɨʃ/,/sɨ dɨfẽˈdeɾ/,/ˈnɔʒ dɨfẽˈdeɾmuʃ/,/sɨ dɨfẽˈdeɾɐ̃j̃/,,,,,,,course-code::pt-conjugation course-code::pt-conjugation verbs::flag::pt::reflexos verbs::mood::pt::conjuntivo verbs::tense::pt::futuro-do-conjuntivo verbs::unit-code::pt-conjugation::futuro-do-conjuntivo
Despedir-se + futuro do conjuntivo,Despedir-se,"<b><span style=""color: rgb(85, 170, 0);"">futuro do conjuntivo</span></b>",me despedir,te despedires,se despedir,nos despedirmos,se despedirem,,,,,,/ˈmɛ dɨʃpɨˈdiɾ/,/ˈtɛ dɨʃpɨˈdiɾɨʃ/,/sɨ dɨʃpɨˈdiɾ/,/ˈnɔʒ dɨʃpɨˈdiɾmuʃ/,/sɨ dɨʃpɨˈdiɾɐ̃j̃/,,,,,,,course-code::pt-conjugation course-code::pt-conjugation verbs::flag::pt::reflexos verbs::mood::pt::conjuntivo verbs::tense::pt::futuro-do-conjuntivo verbs::unit-code::pt-conjugation::futuro-do-conjuntivo
Divertir-se + futuro do conjuntivo,Divertir-se,"<b><span style=""color: rgb(85, 170, 0);"">futuro do conjuntivo</span></b>",me divertir,te divertires,se divertir,nos divertirmos,se divertirem,,,,,,/ˈmɛ divɨɾˈtiɾ/,/ˈtɛ divɨɾˈtiɾɨʃ/,/sɨ divɨɾˈtiɾ/,/ˈnɔʒ divɨɾˈtiɾmuʃ/,/sɨ divɨɾˈtiɾɐ̃j̃/,,,,,,,course-code::pt-conjugation course-code::pt-conjugation verbs::flag::pt::reflexos verbs::mood::pt::conjuntivo verbs::tense::pt::futuro-do-conjuntivo verbs::unit-code::pt-conjugation::futuro-do-conjuntivo
Engrandecer-se + futuro do conjuntivo,Engrandecer-se,"<b><span style=""color: rgb(85, 170, 0);"">futuro do conjuntivo</span></b>",me engrandecer,te engrandeceres,se engrandecer,nos engrandecermos,se engrandecerem,,,,,,/ˈmɛ ẽɡɾɐ̃dɨˈseɾ/,/ˈtɛ ẽɡɾɐ̃dɨˈseɾɨʃ/,/sɨ ẽɡɾɐ̃dɨˈseɾ/,/ˈnɔʃ ẽɡɾɐ̃dɨˈseɾmuʃ/,/sɨ ẽɡɾɐ̃dɨˈseɾɐ̃j̃/,,,,,,,course-code::pt-conjugation course-code::pt-conjugation verbs::flag::pt::reflexos verbs::mood::pt::conjuntivo verbs::tense::pt::futuro-do-conjuntivo verbs::unit-code::pt-conjugation::futuro-do-conjuntivo
Entristecer-se + futuro do conjuntivo,Entristecer-se,"<b><span style=""color: rgb(85, 170, 0);"">futuro do conjuntivo</span></b>",me entristecer,te entristeceres,se entristecer,nos entristecermos,se entristecerem,,,,,,/ˈmɛ ẽtɾiʃtɨˈseɾ/,/ˈtɛ ẽtɾiʃtɨˈseɾɨʃ/,/sɨ ẽtɾiʃtɨˈseɾ/,/ˈnɔʃ ẽtɾiʃtɨˈseɾmuʃ/,/sɨ ẽtɾiʃtɨˈseɾɐ̃j̃/,,,,,,,course-code::pt-conjugation course-code::pt-conjugation verbs::flag::pt::reflexos verbs::mood::pt::conjuntivo verbs::tense::pt::futuro-do-conjuntivo verbs::unit-code::pt-conjugation::futuro-do-conjuntivo
Envaidecer-se + futuro do conjuntivo,Envaidecer-se,"<b><span style=""color: rgb(85, 170, 0);"">futuro do conjuntivo</span></b>",me envaidecer,te envaideceres,se envaidecer,nos envaidecermos,se envaidecerem,,,,,,/ˈmɛ ẽvɐjdɨˈseɾ/,/ˈtɛ ẽvɐjdɨˈseɾɨʃ/,/sɨ ẽvɐjdɨˈseɾ/,/ˈnɔʃ ẽvɐjdɨˈseɾmuʃ/,/sɨ ẽvɐjdɨˈseɾɐ̃j̃/,,,,,,,course-code::pt-conjugation course-code::pt-conjugation verbs::flag::pt::reflexos verbs::mood::pt::conjuntivo verbs::tense::pt::futuro-do-conjuntivo verbs::unit-code::pt-conjugation::futuro-do-conjuntivo
Esconder-se + futuro do conjuntivo,Esconder-se,"<b><span style=""color: rgb(85, 170, 0);"">futuro do conjuntivo</span></b>",me esconder,te esconderes,se esconder,nos escondermos,se esconderem,,,,,,/ˈmɛ ʃkõˈdeɾ/,/ˈtɛ ʃkõˈdɛɾɨʃ/,/sɨ ʃkõˈdeɾ/,/ˈnɔʃ ʃkõˈdɛɾmuʃ/,/sɨ ʃkõˈdɛɾɐ̃j̃/,,,,,,,course-code::pt-conjugation course-code::pt-conjugation verbs::flag::pt::reflexos verbs::mood::pt::conjuntivo verbs::tense::pt::futuro-do-conjuntivo verbs::unit-code::pt-conjugation::futuro-do-conjuntivo
Estender-se + futuro do conjuntivo,Estender-se,"<b><span style=""color: rgb(85, 170, 0);"">futuro do conjuntivo</span></b>",me estender,te estenderes,se estender,nos estendermos,se estenderem,,,,,,/ˈmɛ ʃtẽˈdeɾ/,/ˈtɛ ʃtẽˈdɛɾɨʃ/,/sɨ ʃtẽˈdeɾ/,/ˈnɔʃ ʃtẽˈdɛɾmuʃ/,/sɨ ʃtẽˈdɛɾɐ̃j̃/,,,,,,,course-code::pt-conjugation course-code::pt-conjugation verbs::flag::pt::reflexos verbs::mood::pt::conjuntivo verbs::tense::pt::futuro-do-conjuntivo verbs::unit-code::pt-conjugation::futuro-do-conjuntivo
Oferecer-se + futuro do conjuntivo,Oferecer-se,"<b><span style=""color: rgb(85, 170, 0);"">futuro do conjuntivo</span></b>",me oferecer,te ofereceres,se oferecer,nos oferecermos,se oferecerem,,,,,,/ˈmɛ ofɨɾɨˈseɾ/,/ˈtɛ ofɨɾɨˈseɾɨʃ/,/sɨ ofɨɾɨˈseɾ/,/ˈnɔz ofɨɾɨˈseɾmuʃ/,/sɨ ofɨɾɨˈseɾɐ̃j̃/,,,,,,,course-code::pt-conjugation course-code::pt-conjugation verbs::flag::pt::reflexos verbs::mood::pt::conjuntivo verbs::tense::pt::futuro-do-conjuntivo verbs::unit-code::pt-conjugation::futuro-do-conjuntivo
Opor-se + futuro do conjuntivo,Opor-se,"<b><span style=""color: rgb(85, 170, 0);"">futuro do conjuntivo</span></b>",me opuser,te opuseres,se opuser,nos opusermos,se opuserem,,,,,,/ˈmɛ opuˈzeɾ/,/ˈtɛ opuˈzeɾɨʃ/,/sɨ opuˈzeɾ/,/ˈnɔz opuˈzeɾmuʃ/,/sɨ opuˈzeɾɐ̃j̃/,,,,,,,course-code::pt-conjugation course-code::pt-conjugation verbs::flag::pt::reflexos verbs::mood::pt::conjuntivo verbs::tense::pt::futuro-do-conjuntivo verbs::unit-code::pt-conjugation::futuro-do-conjuntivo
Recompor-se + futuro do conjuntivo,Recompor-se,"<b><span style=""color: rgb(85, 170, 0);"">futuro do conjuntivo</span></b>",me recompuser,te recompuseres,se recompuser,nos recompusermos,se recompuserem,,,,,,/ˈmɛ ʁɨkõpuˈzeɾ/,/ˈtɛ ʁɨkõpuˈzeɾɨʃ/,/sɨ ʁɨkõpuˈzeɾ/,/ˈnɔʒ ʁɨkõpuˈzeɾmuʃ/,/sɨ ʁɨkõpuˈzeɾɐ̃j̃/,,,,,,,course-code::pt-conjugation course-code::pt-conjugation verbs::flag::pt::reflexos verbs::mood::pt::conjuntivo verbs::tense::pt::futuro-do-conjuntivo verbs::unit-code::pt-conjugation::futuro-do-conjuntivo
Sobrepor-se + futuro do conjuntivo,Sobrepor-se,"<b><span style=""color: rgb(85, 170, 0);"">futuro do conjuntivo</span></b>",me sobrepuser,te sobrepuseres,se sobrepuser,nos sobrepusermos,se sobrepuserem,,,,,,/ˈmɛ subɾɨpuˈzeɾ/,/ˈtɛ subɾɨpuˈzeɾɨʃ/,/sɨ subɾɨpuˈzeɾ/,/ˈnɔʃ subɾɨpuˈzeɾmuʃ/,/sɨ subɾɨpuˈzeɾɐ̃j̃/,,,,,,,course-code::pt-conjugation course-code::pt-conjugation verbs::flag::pt::reflexos verbs::mood::pt::conjuntivo verbs::tense::pt::futuro-do-conjuntivo verbs::unit-code::pt-conjugation::futuro-do-conjuntivo
Compor-se + futuro do conjuntivo,Compor-se,"<b><span style=""color: rgb(85, 170, 0);"">futuro do conjuntivo</span></b>",me compuser,te compuseres,se compuser,nos compusermos,se compuserem,,,,,,/ˈmɛ kõpuˈzeɾ/,/ˈtɛ kõpuˈzeɾɨʃ/,/sɨ kõpuˈzeɾ/,/ˈnɔʃ kõpuˈzeɾmuʃ/,/sɨ kõpuˈzeɾɐ̃j̃/,,,,,,,course-code::pt-conjugation course-code::pt-conjugation verbs::flag::pt::reflexos verbs::mood::pt::conjuntivo verbs::tense::pt::futuro-do-conjuntivo verbs::unit-code::pt-conjugation::futuro-do-conjuntivo
Vestir-se + futuro do conjuntivo,Vestir-se,"<b><span style=""color: rgb(85, 170, 0);"">futuro do conjuntivo</span></b>",me vestir,te vestires,se vestir,nos vestirmos,se vestirem,,,,,,/ˈmɛ vɨˈʃtiɾ/,/ˈtɛ vɨˈʃtiɾɨʃ/,/sɨ vɨˈʃtiɾ/,/ˈnɔʒ vɨˈʃtiɾmuʃ/,/sɨ vɨˈʃtiɾɐ̃j̃/,,,,,,,course-code::pt-conjugation course-code::pt-conjugation verbs::flag::pt::reflexos verbs::mood::pt::conjuntivo verbs::tense::pt::futuro-do-conjuntivo verbs::unit-code::pt-conjugation::futuro-do-conjuntivo
Despidir-se + futuro do conjuntivo,Despidir-se,"<b><span style=""color: rgb(85, 170, 0);"">futuro do conjuntivo</span></b>",me despedir,te despedires,se despedir,nos despedirmos,se despedirem,,,,,,/ˈmɛ dɨʃpɨˈdiɾ/,/ˈtɛ dɨʃpɨˈdiɾɨʃ/,/sɨ dɨʃpɨˈdiɾ/,/ˈnɔʒ dɨʃpɨˈdiɾmuʃ/,/sɨ dɨʃpɨˈdiɾɐ̃j̃/,,,,,,,course-code::pt-conjugation course-code::pt-conjugation verbs::flag::pt::reflexos verbs::mood::pt::conjuntivo verbs::tense::pt::futuro-do-conjuntivo verbs::unit-code::pt-conjugation::futuro-do-conjuntivo
Sentir-se + futuro do conjuntivo,Sentir-se,"<b><span style=""color: rgb(85, 170, 0);"">futuro do conjuntivo</span></b>",me sentir,te sentires,se sentir,nos sentirmos,se sentirem,,,,,,/ˈmɛ sẽˈtiɾ/,/ˈtɛ sẽˈtiɾɨʃ/,/sɨ sẽˈtiɾ/,/ˈnɔʃ sẽˈtiɾmuʃ/,/sɨ sẽˈtiɾɐ̃j̃/,,,,,,,course-code::pt-conjugation course-code::pt-conjugation verbs::flag::pt::reflexos verbs::mood::pt::conjuntivo verbs::tense::pt::futuro-do-conjuntivo verbs::unit-code::pt-conjugation::futuro-do-conjuntivo
Ter + futuro do conjuntivo,Ter,"<b><span style=""color: rgb(85, 170, 0);"">futuro do conjuntivo</span></b>",tiver,tiveres,tiver,tivermos,tiverem,,,,,,/tiˈveɾ/,/tiˈveɾɨʃ/,/tiˈveɾ/,/tiˈveɾmuʃ/,/tiˈveɾɐ̃j̃/,,,,,,,course-code::pt-conjugation course-code::pt-conjugation verbs::flag::pt::irregulares verbs::mood::pt::conjuntivo verbs::tense::pt::futuro-do-conjuntivo verbs::unit-code::pt-conjugation::futuro-do-conjuntivo
Poder + futuro do conjuntivo,Poder,"<b><span style=""color: rgb(85, 170, 0);"">futuro do conjuntivo</span></b>",puder,puderes,puder,pudermos,puderem,,,,,,/puˈdeɾ/,/puˈdeɾɨʃ/,/puˈdeɾ/,/puˈdeɾmuʃ/,/puˈdeɾɐ̃j̃/,,,,,,,course-code::pt-conjugation course-code::pt-conjugation verbs::flag::pt::irregulares verbs::mood::pt::conjuntivo verbs::tense::pt::futuro-do-conjuntivo verbs::unit-code::pt-conjugation::futuro-do-conjuntivo
Querer + futuro do conjuntivo,Querer,"<b><span style=""color: rgb(85, 170, 0);"">futuro do conjuntivo</span></b>",quiser,quiseres,quiser,quisermos,quiserem,,,,,,/kiˈzeɾ/,/kiˈzeɾɨʃ/,/kiˈzeɾ/,/kiˈzeɾmuʃ/,/kiˈzeɾɐ̃j̃/,,,,,,,course-code::pt-conjugation course-code::pt-conjugation verbs::flag::pt::irregulares verbs::mood::pt::conjuntivo verbs::tense::pt::futuro-do-conjuntivo verbs::unit-code::pt-conjugation::futuro-do-conjuntivo
Saber + futuro do conjuntivo,Saber,"<b><span style=""color: rgb(85, 170, 0);"">futuro do conjuntivo</span></b>",souber,souberes,souber,soubermos,souberem,,,,,,/soˈbeɾ/,/soˈbeɾɨʃ/,/soˈbeɾ/,/soˈbeɾmuʃ/,/soˈbeɾɐ̃j̃/,,,,,,,course-code::pt-conjugation course-code::pt-conjugation verbs::flag::pt::irregulares verbs::mood::pt::conjuntivo verbs::tense::pt::futuro-do-conjuntivo verbs::unit-code::pt-conjugation::futuro-do-conjuntivo
Trazer + futuro do conjuntivo,Trazer,"<b><span style=""color: rgb(85, 170, 0);"">futuro do conjuntivo</span></b>",trouxer,trouxeres,trouxer,trouxermos,trouxerem,,,,,,/tɾoˈʃeɾ/,/tɾoˈʃeɾɨʃ/,/tɾoˈʃeɾ/,/tɾoˈʃeɾmuʃ/,/tɾoˈʃeɾɐ̃j̃/,,,,,,,course-code::pt-conjugation course-code::pt-conjugation verbs::flag::pt::irregulares verbs::mood::pt::conjuntivo verbs::tense::pt::futuro-do-conjuntivo verbs::unit-code::pt-conjugation::futuro-do-conjuntivo
Dizer + futuro do conjuntivo,Dizer,"<b><span style=""color: rgb(85, 170, 0);"">futuro do conjuntivo</span></b>",disser,disseres,disser,dissermos,disserem,,,,,,/diˈseɾ/,/diˈseɾɨʃ/,/diˈseɾ/,/diˈseɾmuʃ/,/diˈseɾɐ̃j̃/,,,,,,,course-code::pt-conjugation course-code::pt-conjugation verbs::flag::pt::irregulares verbs::mood::pt::conjuntivo verbs::tense::pt::futuro-do-conjuntivo verbs::unit-code::pt-conjugation::futuro-do-conjuntivo
Fazer + futuro do conjuntivo,Fazer,"<b><span style=""color: rgb(85, 170, 0);"">futuro do conjuntivo</span></b>",fizer,fizeres,fizer,fizermos,fizerem,,,,,,/fiˈzeɾ/,/fiˈzeɾɨʃ/,/fiˈzeɾ/,/fiˈzeɾmuʃ/,/fiˈzeɾɐ̃j̃/,,,,,,,course-code::pt-conjugation course-code::pt-conjugation verbs::flag::pt::irregulares verbs::mood::pt::conjuntivo verbs::tense::pt::futuro-do-conjuntivo verbs::unit-code::pt-conjugation::futuro-do-conjuntivo
Ver + futuro do conjuntivo,Ver,"<b><span style=""color: rgb(85, 170, 0);"">futuro do conjuntivo</span></b>",vir,vires,vir,vermos,virem,,,,,,/ˈviɾ/,/ˈviɾɨʃ/,/ˈviɾ/,/ˈvɛɾmuʃ/,/ˈviɾɐ̃j̃/,,,,,,,course-code::pt-conjugation course-code::pt-conjugation verbs::flag::pt::irregulares verbs::mood::pt::conjuntivo verbs::tense::pt::futuro-do-conjuntivo verbs::unit-code::pt-conjugation::futuro-do-conjuntivo
Ser + futuro do conjuntivo,Ser,"<b><span style=""color: rgb(85, 170, 0);"">futuro do conjuntivo</span></b>",for,fores,for,formos,forem,,,,,,/ˈfɔɾ/,/ˈfɔɾɨʃ/,/ˈfɔɾ/,/ˈfɔɾmuʃ/,/ˈfɔɾɐ̃j̃/,,,,,,,course-code::pt-conjugation course-code::pt-conjugation verbs::flag::pt::irregulares verbs::mood::pt::conjuntivo verbs::tense::pt::futuro-do-conjuntivo verbs::unit-code::pt-conjugation::futuro-do-conjuntivo
Ir + futuro do conjuntivo,Ir,"<b><span style=""color: rgb(85, 170, 0);"">futuro do conjuntivo</span></b>",for,fores,for,formos,forem,,,,,,/ˈfɔɾ/,/ˈfɔɾɨʃ/,/ˈfɔɾ/,/ˈfɔɾmuʃ/,/ˈfɔɾɐ̃j̃/,,,,,,,course-code::pt-conjugation course-code::pt-conjugation verbs::flag::pt::irregulares verbs::mood::pt::conjuntivo verbs::tense::pt::futuro-do-conjuntivo verbs::unit-code::pt-conjugation::futuro-do-conjuntivo
Vir + futuro do conjuntivo,Vir,"<b><span style=""color: rgb(85, 170, 0);"">futuro do conjuntivo</span></b>",vier,vieres,vier,viermos,vierem,,,,,,/viˈeɾ/,/viˈeɾɨʃ/,/viˈeɾ/,/viˈeɾmuʃ/,/viˈeɾɐ̃j̃/,,,,,,,course-code::pt-conjugation course-code::pt-conjugation verbs::flag::pt::irregulares verbs::mood::pt::conjuntivo verbs::tense::pt::futuro-do-conjuntivo verbs::unit-code::pt-conjugation::futuro-do-conjuntivo
Ouvir + futuro do conjuntivo,Ouvir,"<b><span style=""color: rgb(85, 170, 0);"">futuro do conjuntivo</span></b>",ouvir,ouvires,ouvir,ouvirmos,ouvirem,,,,,,/oˈviɾ/,/oˈviɾɨʃ/,/oˈviɾ/,/oˈviɾmuʃ/,/oˈviɾɐ̃j̃/,,,,,,,course-code::pt-conjugation course-code::pt-conjugation verbs::flag::pt::irregulares verbs::mood::pt::conjuntivo verbs::tense::pt::futuro-do-conjuntivo verbs::unit-code::pt-conjugation::futuro-do-conjuntivo
Sentir + futuro do conjuntivo,Sentir,"<b><span style=""color: rgb(85, 170, 0);"">futuro do conjuntivo</span></b>",sentir,sentires,sentir,sentirmos,sentirem,,,,,,/sẽˈtiɾ/,/sẽˈtiɾɨʃ/,/sẽˈtiɾ/,/sẽˈtiɾmuʃ/,/sẽˈtiɾɐ̃j̃/,,,,,,,course-code::pt-conjugation course-code::pt-conjugation verbs::flag::pt::irregulares verbs::mood::pt::conjuntivo verbs::tense::pt::futuro-do-conjuntivo verbs::unit-code::pt-conjugation::futuro-do-conjuntivo
Dormir + futuro do conjuntivo,Dormir,"<b><span style=""color: rgb(85, 170, 0);"">futuro do conjuntivo</span></b>",dormir,dormires,dormir,dormirmos,dormirem,,,,,,/duɾˈmiɾ/,/duɾˈmiɾɨʃ/,/duɾˈmiɾ/,/duɾˈmiɾmuʃ/,/duɾˈmiɾɐ̃j̃/,,,,,,,course-code::pt-conjugation course-code::pt-conjugation verbs::flag::pt::irregulares verbs::mood::pt::conjuntivo verbs::tense::pt::futuro-do-conjuntivo verbs::unit-code::pt-conjugation::futuro-do-conjuntivo
Seguir + futuro do conjuntivo,Seguir,"<b><span style=""color: rgb(85, 170, 0);"">futuro do conjuntivo</span></b>",seguir,seguires,seguir,seguirmos,seguirem,,,,,,/sɨˈɡiɾ/,/sɨˈɡiɾɨʃ/,/sɨˈɡiɾ/,/sɨˈɡiɾmuʃ/,/sɨˈɡiɾɐ̃j̃/,,,,,,,course-code::pt-conjugation course-code::pt-conjugation verbs::flag::pt::irregulares verbs::mood::pt::conjuntivo verbs::tense::pt::futuro-do-conjuntivo verbs::unit-code::pt-conjugation::futuro-do-conjuntivo
Pôr + futuro do conjuntivo,Pôr,"<b><span style=""color: rgb(85, 170, 0);"">futuro do conjuntivo</span></b>",puser,puseres,puser,pusermos,puserem,,,,,,/puˈzeɾ/,/puˈzeɾɨʃ/,/puˈzeɾ/,/puˈzeɾmuʃ/,/puˈzeɾɐ̃j̃/,,,,,,,course-code::pt-conjugation course-code::pt-conjugation verbs::flag::pt::irregulares verbs::mood::pt::conjuntivo verbs::tense::pt::futuro-do-conjuntivo verbs::unit-code::pt-conjugation::futuro-do-conjuntivo
Acender + mais-que-perfeito + Estar,Acender,"<b><span style=""color: rgb(255, 85, 0);"">Mais-que-Perfeito</span> + <span style=""color: rgb(255, 0, 0);"">Estar</span></b>",estivera aceso,estiveras aceso,estivera aceso,estivéramos acesos,estiveram acesos,,,,,,/ʃtiˈveɾɐ ɐˈsɛzu/,/ʃtiˈveɾɐz ɐˈsɛzu/,/ʃtiˈveɾɐ ɐˈsɛzu/,/ʃtiˈvɛɾɐmuz ɐˈsɛzuʃ/,/ʃtiˈveɾɐ̃w̃ ɐˈsɛzuʃ/,,,,,,,course-code::pt-conjugation verbs::flag::pt::irregulares verbs::flag::pt::irregulares-ser-estar verbs verbs::mood::pt::indicativo verbs::tense::pt::mais-que-perfeito verbs::unit-code::pt-conjugation::mais-que-perfeito
Completar + mais-que-perfeito + Estar,Completar,"<b><span style=""color: rgb(255, 85, 0);"">Mais-que-Perfeito</span> + <span style=""color: rgb(255, 0, 0);"">Estar</span></b>",estivera completo,estiveras completo,estivera completo,estivéramos completos,estiveram completos,,,,,,/ʃtiˈveɾɐ kõˈplɛtu/,/ʃtiˈveɾɐʃ kõˈplɛtu/,/ʃtiˈveɾɐ kõˈplɛtu/,/ʃtiˈvɛɾɐmuʃ kõˈplɛtuʃ/,/ʃtiˈveɾɐ̃w̃ kõˈplɛtuʃ/,,,,,,,course-code::pt-conjugation verbs::flag::pt::irregulares verbs::flag::pt::irregulares-ser-estar verbs verbs::mood::pt::indicativo verbs::tense::pt::mais-que-perfeito verbs::unit-code::pt-conjugation::mais-que-perfeito
Escrever + mais-que-perfeito,Escrever,"<b><span style=""color: rgb(255, 85, 0);"">Mais-que-Perfeito</span></b>",tinha escrito,tinhas escrito,tinha escrito,tínhamos escrito,tinham escrito,,,,,,/ˈtiɲɐ ʃˈkɾitu/,/ˈtiɲɐʃ ʃˈkɾitu/,/ˈtiɲɐ ʃˈkɾitu/,/ˈtiɲɐmuʃ ʃˈkɾitu/,/ˈtiɲɐ̃w̃ ʃˈkɾitu/,,,,,,,course-code::pt-conjugation verbs verbs::mood::pt::indicativo verbs::tense::pt::mais-que-perfeito verbs::unit-code::pt-conjugation::mais-que-perfeito
Imergir + mais-que-perfeito + Estar,Imergir,"<b><span style=""color: rgb(255, 85, 0);"">Mais-que-Perfeito</span> + <span style=""color: rgb(255, 0, 0);"">Estar</span></b>",estivera imerso,estiveras imerso,estivera imerso,estivéramos imersos,estiveram imersos,,,,,,/ʃtiˈveɾɐ iˈmɛɾsu/,/ʃtiˈveɾɐz iˈmɛɾsu/,/ʃtiˈveɾɐ iˈmɛɾsu/,/ʃtiˈvɛɾɐmuz iˈmɛɾsuʃ/,/ʃtiˈveɾɐ̃w̃ iˈmɛɾsuʃ/,,,,,,,course-code::pt-conjugation verbs::flag::pt::irregulares verbs::flag::pt::irregulares-ser-estar verbs verbs::mood::pt::indicativo verbs::tense::pt::mais-que-perfeito verbs::unit-code::pt-conjugation::mais-que-perfeito
Libertar + mais-que-perfeito + Estar,Libertar,"<b><span style=""color: rgb(255, 85, 0);"">Mais-que-Perfeito</span> + <span style=""color: rgb(255, 0, 0);"">Estar</span></b>",estivera liberto,estiveras liberto,estivera liberto,estivéramos libertos,estiveram libertos,,,,,,/ʃtiˈveɾɐ liˈbɛɾtu/,/ʃtiˈveɾɐʒ liˈbɛɾtu/,/ʃtiˈveɾɐ liˈbɛɾtu/,/ʃtiˈvɛɾɐmuʒ liˈbɛɾtuʃ/,/ʃtiˈveɾɐ̃w̃ liˈbɛɾtuʃ/,,,,,,,course-code::pt-conjugation verbs::flag::pt::irregulares verbs::flag::pt::irregulares-ser-estar verbs verbs::mood::pt::indicativo verbs::tense::pt::mais-que-perfeito verbs::unit-code::pt-conjugation::mais-que-perfeito
Abrir + mais-que-perfeito,Abrir,"<b><span style=""color: rgb(255, 85, 0);"">Mais-que-Perfeito</span></b>",tinha aberto,tinhas aberto,tinha aberto,tínhamos aberto,tinham aberto,,,,,,/ˈtiɲɐ ɐˈbɛɾtu/,/ˈtiɲɐz ɐˈbɛɾtu/,/ˈtiɲɐ ɐˈbɛɾtu/,/ˈtiɲɐmuz ɐˈbɛɾtu/,/ˈtiɲɐ̃w̃ ɐˈbɛɾtu/,,,,,,,course-code::pt-conjugation verbs verbs::mood::pt::indicativo verbs::tense::pt::mais-que-perfeito verbs::unit-code::pt-conjugation::mais-que-perfeito
Absorver + mais-que-perfeito + Ser,Absorver,"<b><span style=""color: rgb(255, 85, 0);"">Mais-que-Perfeito</span> + <span style=""color: rgb(0, 85, 255);"">Ser</span></b>",fora absorvido,foras absorvido,fora absorvido,fôramos absorvidos,foram absorvidos,,,,,,/ˈfɔɾɐ ɐbsuɾˈvidu/,/ˈfɔɾɐz ɐbsuɾˈvidu/,/ˈfɔɾɐ ɐbsuɾˈvidu/,/ˈfoɾɐmuz ɐbsuɾˈviduʃ/,/ˈfɔɾɐ̃w̃ ɐbsuɾˈviduʃ/,,,,,,,course-code::pt-conjugation verbs::flag::pt::irregulares verbs::flag::pt::irregulares-ser-estar verbs verbs::mood::pt::indicativo verbs::tense::pt::mais-que-perfeito verbs::unit-code::pt-conjugation::mais-que-perfeito
Aceitar + mais-que-perfeito + Ser,Aceitar,"<b><span style=""color: rgb(255, 85, 0);"">Mais-que-Perfeito</span> + <span style=""color: rgb(0, 85, 255);"">Ser</span></b>",fora aceito,foras aceito,fora aceito,fôramos aceitos,foram aceitos,,,,,,/ˈfɔɾɐ ɐˈsɐjtu/,/ˈfɔɾɐz ɐˈsɐjtu/,/ˈfɔɾɐ ɐˈsɐjtu/,/ˈfoɾɐmuz ɐˈsɐjtuʃ/,/ˈfɔɾɐ̃w̃ ɐˈsɐjtuʃ/,,,,,,,course-code::pt-conjugation verbs::flag::pt::irregulares verbs::flag::pt::irregulares-ser-estar verbs verbs::mood::pt::indicativo verbs::tense::pt::mais-que-perfeito verbs::unit-code::pt-conjugation::mais-que-perfeito
Agradecer + mais-que-perfeito + Ser,Agradecer,"<b><span style=""color: rgb(255, 85, 0);"">Mais-que-Perfeito</span> + <span style=""color: rgb(0, 85, 255);"">Ser</span></b>",fora agradecido,foras agradecido,fora agradecido,fôramos agradecidos,foram agradecidos,,,,,,/ˈfɔɾɐ ɐɡɾɐdɨˈsidu/,/ˈfɔɾɐz ɐɡɾɐdɨˈsidu/,/ˈfɔɾɐ ɐɡɾɐdɨˈsidu/,/ˈfoɾɐmuz ɐɡɾɐdɨˈsiduʃ/,/ˈfɔɾɐ̃w̃ ɐɡɾɐdɨˈsiduʃ/,,,,,,,course-code::pt-conjugation verbs::flag::pt::irregulares verbs::flag::pt::irregulares-ser-estar verbs verbs::mood::pt::indicativo verbs::tense::pt::mais-que-perfeito verbs::unit-code::pt-conjugation::mais-que-perfeito
Cobrir + mais-que-perfeito + Ser,Cobrir,"<b><span style=""color: rgb(255, 85, 0);"">Mais-que-Perfeito</span> + <span style=""color: rgb(0, 85, 255);"">Ser</span></b>",fora coberto,foras coberto,fora coberto,fôramos cobertos,foram cobertos,,,,,,/ˈfɔɾɐ kuˈbɛɾtu/,/ˈfɔɾɐʃ kuˈbɛɾtu/,/ˈfɔɾɐ kuˈbɛɾtu/,/ˈfoɾɐmuʃ kuˈbɛɾtuʃ/,/ˈfɔɾɐ̃w̃ kuˈbɛɾtuʃ/,,,,,,,course-code::pt-conjugation verbs::flag::pt::irregulares verbs::flag::pt::irregulares-ser-estar verbs verbs::mood::pt::indicativo verbs::tense::pt::mais-que-perfeito verbs::unit-code::pt-conjugation::mais-que-perfeito
Dizer + mais-que-perfeito,Dizer,"<b><span style=""color: rgb(255, 85, 0);"">Mais-que-Perfeito</span></b>",tinha dito,tinhas dito,tinha dito,tínhamos dito,tinham dito,,,,,,/ˈtiɲɐ ˈditu/,/ˈtiɲɐʒ ˈditu/,/ˈtiɲɐ ˈditu/,/ˈtiɲɐmuʒ ˈditu/,/ˈtiɲɐ̃w̃ ˈditu/,,,,,,,course-code::pt-conjugation verbs verbs::mood::pt::indicativo verbs::tense::pt::mais-que-perfeito verbs::unit-code::pt-conjugation::mais-que-perfeito
Eleger + mais-que-perfeito + Ser,Eleger,"<b><span style=""color: rgb(255, 85, 0);"">Mais-que-Perfeito</span> + <span style=""color: rgb(0, 85, 255);"">Ser</span></b>",fora eleito,foras eleito,fora eleito,fôramos eleitos,foram eleitos,,,,,,/ˈfɔɾɐ iˈlɐjtu/,/ˈfɔɾɐz iˈlɐjtu/,/ˈfɔɾɐ iˈlɐjtu/,/ˈfoɾɐmuz iˈlɐjtuʃ/,/ˈfɔɾɐ̃w̃ iˈlɐjtuʃ/,,,,,,,course-code::pt-conjugation verbs::flag::pt::irregulares verbs::flag::pt::irregulares-ser-estar verbs verbs::mood::pt::indicativo verbs::tense::pt::mais-que-perfeito verbs::unit-code::pt-conjugation::mais-que-perfeito
Exprimir + mais-que-perfeito + Ser,Exprimir,"<b><span style=""color: rgb(255, 85, 0);"">Mais-que-Perfeito</span> + <span style=""color: rgb(0, 85, 255);"">Ser</span></b>",fora expresso,foras expresso,fora expresso,fôramos expressos,foram expressos,,,,,,/ˈfɔɾɐ iʃˈpɾɛsu/,/ˈfɔɾɐz iʃˈpɾɛsu/,/ˈfɔɾɐ iʃˈpɾɛsu/,/ˈfoɾɐmuz iʃˈpɾɛsuʃ/,/ˈfɔɾɐ̃w̃ iʃˈpɾɛsuʃ/,,,,,,,course-code::pt-conjugation verbs::flag::pt::irregulares verbs::flag::pt::irregulares-ser-estar verbs verbs::mood::pt::indicativo verbs::tense::pt::mais-que-perfeito verbs::unit-code::pt-conjugation::mais-que-perfeito
Expulsar + mais-que-perfeito + Ser,Expulsar,"<b><span style=""color: rgb(255, 85, 0);"">Mais-que-Perfeito</span> + <span style=""color: rgb(0, 85, 255);"">Ser</span></b>",fora expulso,foras expulso,fora expulso,fôramos expulsos,foram expulsos,,,,,,/ˈfɔɾɐ iˈʃpuɫsu/,/ˈfɔɾɐz iˈʃpuɫsu/,/ˈfɔɾɐ iˈʃpuɫsu/,/ˈfoɾɐmuz iˈʃpuɫsuʃ/,/ˈfɔɾɐ̃w̃ iˈʃpuɫsuʃ/,,,,,,,course-code::pt-conjugation verbs::flag::pt::irregulares verbs::flag::pt::irregulares-ser-estar verbs verbs::mood::pt::indicativo verbs::tense::pt::mais-que-perfeito verbs::unit-code::pt-conjugation::mais-que-perfeito
Extinguir + mais-que-perfeito + Ser,Extinguir,"<b><span style=""color: rgb(255, 85, 0);"">Mais-que-Perfeito</span> + <span style=""color: rgb(0, 85, 255);"">Ser</span></b>",fora extinto,foras extinto,fora extinto,fôramos extintos,foram extintos,,,,,,/ˈfɔɾɐ iˈʃtĩtu/,/ˈfɔɾɐz iˈʃtĩtu/,/ˈfɔɾɐ iˈʃtĩtu/,/ˈfoɾɐmuz iˈʃtĩtuʃ/,/ˈfɔɾɐ̃w̃ iˈʃtĩtuʃ/,,,,,,,course-code::pt-conjugation verbs::flag::pt::irregulares verbs::flag::pt::irregulares-ser-estar verbs verbs::mood::pt::indicativo verbs::tense::pt::mais-que-perfeito verbs::unit-code::pt-conjugation::mais-que-perfeito
Fazer + mais-que-perfeito,Fazer,"<b><span style=""color: rgb(255, 85, 0);"">Mais-que-Perfeito</span></b>",tinha feito,tinhas feito,tinha feito,tínhamos feito,tinham feito,,,,,,/ˈtiɲɐ ˈfɐjtu/,/ˈtiɲɐʃ ˈfɐjtu/,/ˈtiɲɐ ˈfɐjtu/,/ˈtiɲɐmuʃ ˈfɐjtu/,/ˈtiɲɐ̃w̃ ˈfɐjtu/,,,,,,,course-code::pt-conjugation verbs verbs::mood::pt::indicativo verbs::tense::pt::mais-que-perfeito verbs::unit-code::pt-conjugation::mais-que-perfeito
Ganhar + mais-que-perfeito,Ganhar,"<b><span style=""color: rgb(255, 85, 0);"">Mais-que-Perfeito</span></b>",tinha ganhado,tinhas ganhado,tinha ganhado,tínhamos ganhado,tinham ganhado,,,,,,/ˈtiɲɐ ɡɐˈɲadu/,/ˈtiɲɐʒ ɡɐˈɲadu/,/ˈtiɲɐ ɡɐˈɲadu/,/ˈtiɲɐmuʒ ɡɐˈɲadu/,/ˈtiɲɐ̃w̃ ɡɐˈɲadu/,,,,,,,course-code::pt-conjugation verbs verbs::mood::pt::indicativo verbs::tense::pt::mais-que-perfeito verbs::unit-code::pt-conjugation::mais-que-perfeito
Gastar + mais-que-perfeito,Gastar,"<b><span style=""color: rgb(255, 85, 0);"">Mais-que-Perfeito</span></b>",tinha <s>gastado</s> gasto,tinhas <s>gastado</s> gasto,tinha <s>gastado</s> gasto,tínhamos <s>gastado</s> gasto,tinham <s>gastado</s> gasto,,,,,,/ˈtiɲɐ ɡɐˈʃtadu/,/ˈtiɲɐʒ ɡɐˈʃtadu/,/ˈtiɲɐ ɡɐˈʃtadu/,/ˈtiɲɐmuʒ ɡɐˈʃtadu/,/ˈtiɲɐ̃w̃ ɡɐˈʃtadu/,,,,,,,arreglar course-code::pt-conjugation verbs verbs::mood::pt::indicativo verbs::tense::pt::mais-que-perfeito verbs::unit-code::pt-conjugation::mais-que-perfeito
Imprimir + mais-que-perfeito + Ser,Imprimir,"<b><span style=""color: rgb(255, 85, 0);"">Mais-que-Perfeito</span> + <span style=""color: rgb(0, 85, 255);"">Ser</span></b>",fora impresso,foras impresso,fora impresso,fôramos impressos,foram impressos,,,,,,/ˈfɔɾɐ ĩˈpɾɛsu/,/ˈfɔɾɐʃ ĩˈpɾɛsu/,/ˈfɔɾɐ ĩˈpɾɛsu/,/ˈfoɾɐmuʃ ĩˈpɾɛsuʃ/,/ˈfɔɾɐ̃w̃ ĩˈpɾɛsuʃ/,,,,,,,course-code::pt-conjugation verbs::flag::pt::irregulares verbs::flag::pt::irregulares-ser-estar verbs verbs::mood::pt::indicativo verbs::tense::pt::mais-que-perfeito verbs::unit-code::pt-conjugation::mais-que-perfeito
Matar + mais-que-perfeito + Ser,Matar,"<b><span style=""color: rgb(255, 85, 0);"">Mais-que-Perfeito</span> + <span style=""color: rgb(0, 85, 255);"">Ser</span></b>",fora morto,foras morto,fora morto,fôramos mortos,foram mortos,,,,,,/ˈfɔɾɐ ˈmɔɾtu/,/ˈfɔɾɐʒ ˈmɔɾtu/,/ˈfɔɾɐ ˈmɔɾtu/,/ˈfoɾɐmuʒ ˈmɔɾtuʃ/,/ˈfɔɾɐ̃w̃ ˈmɔɾtuʃ/,,,,,,,course-code::pt-conjugation verbs::flag::pt::irregulares verbs::flag::pt::irregulares-ser-estar verbs verbs::mood::pt::indicativo verbs::tense::pt::mais-que-perfeito verbs::unit-code::pt-conjugation::mais-que-perfeito
Morrer + mais-que-perfeito + Ser,Morrer,"<b><span style=""color: rgb(255, 85, 0);"">Mais-que-Perfeito</span> + <span style=""color: rgb(0, 85, 255);"">Ser</span></b>",fora morto,foras morto,fora morto,fôramos mortos,foram mortos,,,,,,/ˈfɔɾɐ ˈmɔɾtu/,/ˈfɔɾɐʒ ˈmɔɾtu/,/ˈfɔɾɐ ˈmɔɾtu/,/ˈfoɾɐmuʒ ˈmɔɾtuʃ/,/ˈfɔɾɐ̃w̃ ˈmɔɾtuʃ/,,,,,,,course-code::pt-conjugation verbs::flag::pt::irregulares verbs::flag::pt::irregulares-ser-estar verbs verbs::mood::pt::indicativo verbs::tense::pt::mais-que-perfeito verbs::unit-code::pt-conjugation::mais-que-perfeito
Omitir + mais-que-perfeito + Ser,Omitir,"<b><span style=""color: rgb(255, 85, 0);"">Mais-que-Perfeito</span> + <span style=""color: rgb(0, 85, 255);"">Ser</span></b>",fora omitido,foras omitido,fora omitido,fôramos omitidos,foram omitidos,,,,,,/ˈfɔɾɐ omiˈtidu/,/ˈfɔɾɐz omiˈtidu/,/ˈfɔɾɐ omiˈtidu/,/ˈfoɾɐmuz omiˈtiduʃ/,/ˈfɔɾɐ̃w̃ omiˈtiduʃ/,,,,,,,course-code::pt-conjugation verbs::flag::pt::irregulares verbs::flag::pt::irregulares-ser-estar verbs verbs::mood::pt::indicativo verbs::tense::pt::mais-que-perfeito verbs::unit-code::pt-conjugation::mais-que-perfeito
Pôr + mais-que-perfeito + Ser,Pôr,"<b><span style=""color: rgb(255, 85, 0);"">Mais-que-Perfeito</span> + <span style=""color: rgb(0, 85, 255);"">Ser</span></b>",fora posto,foras posto,fora posto,fôramos postos,foram postos,,,,,,/ˈfɔɾɐ ˈpɔʃtu/,/ˈfɔɾɐʃ ˈpɔʃtu/,/ˈfɔɾɐ ˈpɔʃtu/,/ˈfoɾɐmuʃ ˈpɔʃtuʃ/,/ˈfɔɾɐ̃w̃ ˈpɔʃtuʃ/,,,,,,,course-code::pt-conjugation verbs::flag::pt::irregulares verbs::flag::pt::irregulares-ser-estar verbs verbs::mood::pt::indicativo verbs::tense::pt::mais-que-perfeito verbs::unit-code::pt-conjugation::mais-que-perfeito
Prender + mais-que-perfeito + Ser,Prender,"<b><span style=""color: rgb(255, 85, 0);"">Mais-que-Perfeito</span> + <span style=""color: rgb(0, 85, 255);"">Ser</span></b>",fora preso,foras preso,fora preso,fôramos presos,foram presos,,,,,,/ˈfɔɾɐ ˈpɾɛzu/,/ˈfɔɾɐʃ ˈpɾɛzu/,/ˈfɔɾɐ ˈpɾɛzu/,/ˈfoɾɐmuʃ ˈpɾɛzuʃ/,/ˈfɔɾɐ̃w̃ ˈpɾɛzuʃ/,,,,,,,course-code::pt-conjugation verbs::flag::pt::irregulares verbs::flag::pt::irregulares-ser-estar verbs verbs::mood::pt::indicativo verbs::tense::pt::mais-que-perfeito verbs::unit-code::pt-conjugation::mais-que-perfeito
Soltar + mais-que-perfeito + SER,Soltar,"<b><span style=""color: rgb(255, 85, 0);"">Mais-que-Perfeito</span> + <span style=""color: rgb(0, 85, 255);"">Ser</span></b>",fora solto,foras solto,fora solto,fôramos soltos,foram soltos,,,,,,/ˈfɔɾɐ ˈsɔɫtu/,/ˈfɔɾɐʃ ˈsɔɫtu/,/ˈfɔɾɐ ˈsɔɫtu/,/ˈfoɾɐmuʃ ˈsɔɫtuʃ/,/ˈfɔɾɐ̃w̃ ˈsɔɫtuʃ/,,,,,,,course-code::pt-conjugation verbs::flag::pt::irregulares verbs::flag::pt::irregulares-ser-estar verbs verbs::mood::pt::indicativo verbs::tense::pt::mais-que-perfeito verbs::unit-code::pt-conjugation::mais-que-perfeito
Vir + mais-que-perfeito,Vir,"<b><span style=""color: rgb(255, 85, 0);"">Mais-que-Perfeito</span></b>",tinha vindo,tinhas vindo,tinha vindo,tínhamos vindo,tinham vindo,,,,,,/ˈtiɲɐ ˈvĩdu/,/ˈtiɲɐʒ ˈvĩdu/,/ˈtiɲɐ ˈvĩdu/,/ˈtiɲɐmuʒ ˈvĩdu/,/ˈtiɲɐ̃w̃ ˈvĩdu/,,,,,,,course-code::pt-conjugation verbs verbs::mood::pt::indicativo verbs::tense::pt::mais-que-perfeito verbs::unit-code::pt-conjugation::mais-que-perfeito
Ver + mais-que-perfeito + Ser,Ver,"<b><span style=""color: rgb(255, 85, 0);"">Mais-que-Perfeito</span> + <span style=""color: rgb(0, 85, 255);"">Ser</span></b>",fora visto,foras visto,fora visto,fôramos vistos,foram vistos,,,,,,/ˈfɔɾɐ ˈviʃtu/,/ˈfɔɾɐʒ ˈviʃtu/,/ˈfɔɾɐ ˈviʃtu/,/ˈfoɾɐmuʒ ˈviʃtuʃ/,/ˈfɔɾɐ̃w̃ ˈviʃtuʃ/,,,,,,,course-code::pt-conjugation verbs::flag::pt::irregulares verbs::flag::pt::irregulares-ser-estar verbs verbs::mood::pt::indicativo verbs::tense::pt::mais-que-perfeito verbs::unit-code::pt-conjugation::mais-que-perfeito
Atuar + mais-que-perfeito,Atuar,"<b><span style=""color: rgb(255, 85, 0);"">Mais-que-Perfeito</span></b>",tinha atuado,tinhas atuado,tinha atuado,tínhamos atuado,tinham atuado,,,,,,/ˈtiɲɐ ɐtuˈadu/,/ˈtiɲɐz ɐtuˈadu/,/ˈtiɲɐ ɐtuˈadu/,/ˈtiɲɐmuz ɐtuˈadu/,/ˈtiɲɐ̃w̃ ɐtuˈadu/,,,,,,,course-code::pt-conjugation verbs::ending::pt::ar verbs verbs::ending::pt::ar verbs::mood::pt::indicativo verbs::tense::pt::mais-que-perfeito verbs::unit-code::pt-conjugation::mais-que-perfeito
Chegar + mais-que-perfeito,Chegar,"<b><span style=""color: rgb(255, 85, 0);"">Mais-que-Perfeito</span></b>",tinha chegado,tinhas chegado,tinha chegado,tínhamos chegado,tinham chegado,,,,,,/ˈtiɲɐ ʃɨˈɡadu/,/ˈtiɲɐʃ ʃɨˈɡadu/,/ˈtiɲɐ ʃɨˈɡadu/,/ˈtiɲɐmuʃ ʃɨˈɡadu/,/ˈtiɲɐ̃w̃ ʃɨˈɡadu/,,,,,,,course-code::pt-conjugation verbs::ending::pt::ar verbs verbs::ending::pt::ar verbs::mood::pt::indicativo verbs::tense::pt::mais-que-perfeito verbs::unit-code::pt-conjugation::mais-que-perfeito
Combinar + mais-que-perfeito,Combinar,"<b><span style=""color: rgb(255, 85, 0);"">Mais-que-Perfeito</span></b>",tinha combinado,tinhas combinado,tinha combinado,tínhamos combinado,tinham combinado,,,,,,/ˈtiɲɐ kõbiˈnadu/,/ˈtiɲɐʃ kõbiˈnadu/,/ˈtiɲɐ kõbiˈnadu/,/ˈtiɲɐmuʃ kõbiˈnadu/,/ˈtiɲɐ̃w̃ kõbiˈnadu/,,,,,,,course-code::pt-conjugation verbs::ending::pt::ar verbs verbs::ending::pt::ar verbs::mood::pt::indicativo verbs::tense::pt::mais-que-perfeito verbs::unit-code::pt-conjugation::mais-que-perfeito
Comprar + mais-que-perfeito,Comprar,"<b><span style=""color: rgb(255, 85, 0);"">Mais-que-Perfeito</span></b>",tinha comprado,tinhas comprado,tinha comprado,tínhamos comprado,tinham comprado,,,,,,/ˈtiɲɐ kõˈpɾadu/,/ˈtiɲɐʃ kõˈpɾadu/,/ˈtiɲɐ kõˈpɾadu/,/ˈtiɲɐmuʃ kõˈpɾadu/,/ˈtiɲɐ̃w̃ kõˈpɾadu/,,,,,,,course-code::pt-conjugation verbs::ending::pt::ar verbs verbs::ending::pt::ar verbs::mood::pt::indicativo verbs::tense::pt::mais-que-perfeito verbs::unit-code::pt-conjugation::mais-que-perfeito
Dançar + mais-que-perfeito,Dançar,"<b><span style=""color: rgb(255, 85, 0);"">Mais-que-Perfeito</span></b>",tinha dançado,tinhas dançado,tinha dançado,tínhamos dançado,tinham dançado,,,,,,/ˈtiɲɐ dɐ̃ˈsadu/,/ˈtiɲɐʒ dɐ̃ˈsadu/,/ˈtiɲɐ dɐ̃ˈsadu/,/ˈtiɲɐmuʒ dɐ̃ˈsadu/,/ˈtiɲɐ̃w̃ dɐ̃ˈsadu/,,,,,,,course-code::pt-conjugation verbs::ending::pt::ar verbs verbs::ending::pt::ar verbs::mood::pt::indicativo verbs::tense::pt::mais-que-perfeito verbs::unit-code::pt-conjugation::mais-que-perfeito
Esgotar + mais-que-perfeito,Esgotar,"<b><span style=""color: rgb(255, 85, 0);"">Mais-que-Perfeito</span></b>",tinha esgotado,tinhas esgotado,tinha esgotado,tínhamos esgotado,tinham esgotado,,,,,,/ˈtiɲɐ ʒɡuˈtadu/,/ˈtiɲɐʒ ʒɡuˈtadu/,/ˈtiɲɐ ʒɡuˈtadu/,/ˈtiɲɐmuʒ ʒɡuˈtadu/,/ˈtiɲɐ̃w̃ ʒɡuˈtadu/,,,,,,,course-code::pt-conjugation verbs::ending::pt::ar verbs verbs::ending::pt::ar verbs::mood::pt::indicativo verbs::tense::pt::mais-que-perfeito verbs::unit-code::pt-conjugation::mais-que-perfeito
Estar + mais-que-perfeito,Estar,"<b><span style=""color: rgb(255, 85, 0);"">Mais-que-Perfeito</span></b>",tinha estado,tinhas estado,tinha estado,tínhamos estado,tinham estado,,,,,,/ˈtiɲɐ ˈʃtadu/,/ˈtiɲɐʃ ˈʃtadu/,/ˈtiɲɐ ˈʃtadu/,/ˈtiɲɐmuʃ ˈʃtadu/,/ˈtiɲɐ̃w̃ ˈʃtadu/,,,,,,,course-code::pt-conjugation verbs::ending::pt::ar verbs verbs::ending::pt::ar verbs::mood::pt::indicativo verbs::tense::pt::mais-que-perfeito verbs::unit-code::pt-conjugation::mais-que-perfeito
Falar + mais-que-perfeito,Falar,"<b><span style=""color: rgb(255, 85, 0);"">Mais-que-Perfeito</span></b>",tinha falado,tinhas falado,tinha falado,tínhamos falado,tinham falado,,,,,,/ˈtiɲɐ fɐˈladu/,/ˈtiɲɐʃ fɐˈladu/,/ˈtiɲɐ fɐˈladu/,/ˈtiɲɐmuʃ fɐˈladu/,/ˈtiɲɐ̃w̃ fɐˈladu/,,,,,,,course-code::pt-conjugation verbs::ending::pt::ar verbs verbs::ending::pt::ar verbs::mood::pt::indicativo verbs::tense::pt::mais-que-perfeito verbs::unit-code::pt-conjugation::mais-que-perfeito
Gostar + mais-que-perfeito,Gostar,"<b><span style=""color: rgb(255, 85, 0);"">Mais-que-Perfeito</span></b>",tinha gostado,tinhas gostado,tinha gostado,tínhamos gostado,tinham gostado,,,,,,/ˈtiɲɐ ɡuˈʃtadu/,/ˈtiɲɐʒ ɡuˈʃtadu/,/ˈtiɲɐ ɡuˈʃtadu/,/ˈtiɲɐmuʒ ɡuˈʃtadu/,/ˈtiɲɐ̃w̃ ɡuˈʃtadu/,,,,,,,course-code::pt-conjugation verbs::ending::pt::ar verbs verbs::ending::pt::ar verbs::mood::pt::indicativo verbs::tense::pt::mais-que-perfeito verbs::unit-code::pt-conjugation::mais-que-perfeito
Interpretar + mais-que-perfeito,Interpretar,"<b><span style=""color: rgb(255, 85, 0);"">Mais-que-Perfeito</span></b>",tinha interpretado,tinhas interpretado,tinha interpretado,tínhamos interpretado,tinham interpretado,,,,,,/ˈtiɲɐ ĩtɨɾpɾɨˈtadu/,/ˈtiɲɐʃ ĩtɨɾpɾɨˈtadu/,/ˈtiɲɐ ĩtɨɾpɾɨˈtadu/,/ˈtiɲɐmuʃ ĩtɨɾpɾɨˈtadu/,/ˈtiɲɐ̃w̃ ĩtɨɾpɾɨˈtadu/,,,,,,,course-code::pt-conjugation verbs::ending::pt::ar verbs verbs::ending::pt::ar verbs::mood::pt::indicativo verbs::tense::pt::mais-que-perfeito verbs::unit-code::pt-conjugation::mais-que-perfeito
Levar + mais-que-perfeito,Levar,"<b><span style=""color: rgb(255, 85, 0);"">Mais-que-Perfeito</span></b>",tinha levado,tinhas levado,tinha levado,tínhamos levado,tinham levado,,,,,,/ˈtiɲɐ lɨˈvadu/,/ˈtiɲɐʒ lɨˈvadu/,/ˈtiɲɐ lɨˈvadu/,/ˈtiɲɐmuʒ lɨˈvadu/,/ˈtiɲɐ̃w̃ lɨˈvadu/,,,,,,,course-code::pt-conjugation verbs::ending::pt::ar verbs verbs::ending::pt::ar verbs::mood::pt::indicativo verbs::tense::pt::mais-que-perfeito verbs::unit-code::pt-conjugation::mais-que-perfeito
Limpar + mais-que-perfeito,Limpar,"<b><span style=""color: rgb(255, 85, 0);"">Mais-que-Perfeito</span></b>",tinha limpado,tinhas limpado,tinha limpado,tínhamos limpado,tinham limpado,,,,,,/ˈtiɲɐ lĩˈpadu/,/ˈtiɲɐʒ lĩˈpadu/,/ˈtiɲɐ lĩˈpadu/,/ˈtiɲɐmuʒ lĩˈpadu/,/ˈtiɲɐ̃w̃ lĩˈpadu/,,,,,,,course-code::pt-conjugation verbs::ending::pt::ar verbs verbs::ending::pt::ar verbs::mood::pt::indicativo verbs::tense::pt::mais-que-perfeito verbs::unit-code::pt-conjugation::mais-que-perfeito
Mudar + mais-que-perfeito,Mudar,"<b><span style=""color: rgb(255, 85, 0);"">Mais-que-Perfeito</span></b>",tinha mudado,tinhas mudado,tinha mudado,tínhamos mudado,tinham mudado,,,,,,/ˈtiɲɐ muˈdadu/,/ˈtiɲɐʒ muˈdadu/,/ˈtiɲɐ muˈdadu/,/ˈtiɲɐmuʒ muˈdadu/,/ˈtiɲɐ̃w̃ muˈdadu/,,,,,,,course-code::pt-conjugation verbs::ending::pt::ar verbs verbs::ending::pt::ar verbs::mood::pt::indicativo verbs::tense::pt::mais-que-perfeito verbs::unit-code::pt-conjugation::mais-que-perfeito
Pagar + mais-que-perfeito,Pagar,"<b><span style=""color: rgb(255, 85, 0);"">Mais-que-Perfeito</span></b>",tinha <s>pagado</s> pago,tinhas <s>pagado</s> pago,tinha <s>pagado</s> pago,tínhamos <s>pagado</s> pago,tinham <s>pagado</s> pago,,,,,,/ˈtiɲɐ pɐˈɡadu/,/ˈtiɲɐʃ pɐˈɡadu/,/ˈtiɲɐ pɐˈɡadu/,/ˈtiɲɐmuʃ pɐˈɡadu/,/ˈtiɲɐ̃w̃ pɐˈɡadu/,,,,,,,arreglar course-code::pt-conjugation verbs::ending::pt::ar verbs verbs::ending::pt::ar verbs::mood::pt::indicativo verbs::tense::pt::mais-que-perfeito verbs::unit-code::pt-conjugation::mais-que-perfeito
Pesquisar + mais-que-perfeito,Pesquisar,"<b><span style=""color: rgb(255, 85, 0);"">Mais-que-Perfeito</span></b>",tinha pesquisado,tinhas pesquisado,tinha pesquisado,tínhamos pesquisado,tinham pesquisado,,,,,,/ˈtiɲɐ pɨskiˈzadu/,/ˈtiɲɐʃ pɨskiˈzadu/,/ˈtiɲɐ pɨskiˈzadu/,/ˈtiɲɐmuʃ pɨskiˈzadu/,/ˈtiɲɐ̃w̃ pɨskiˈzadu/,,,,,,,course-code::pt-conjugation verbs::ending::pt::ar verbs verbs::ending::pt::ar verbs::mood::pt::indicativo verbs::tense::pt::mais-que-perfeito verbs::unit-code::pt-conjugation::mais-que-perfeito
Preparar + mais-que-perfeito,Preparar,"<b><span style=""color: rgb(255, 85, 0);"">Mais-que-Perfeito</span></b>",tinha preparado,tinhas preparado,tinha preparado,tínhamos preparado,tinham preparado,,,,,,/ˈtiɲɐ pɾɨpɐˈɾadu/,/ˈtiɲɐʃ pɾɨpɐˈɾadu/,/ˈtiɲɐ pɾɨpɐˈɾadu/,/ˈtiɲɐmuʃ pɾɨpɐˈɾadu/,/ˈtiɲɐ̃w̃ pɾɨpɐˈɾadu/,,,,,,,course-code::pt-conjugation verbs::ending::pt::ar verbs verbs::ending::pt::ar verbs::mood::pt::indicativo verbs::tense::pt::mais-que-perfeito verbs::unit-code::pt-conjugation::mais-que-perfeito
Telefonar + mais-que-perfeito,Telefonar,"<b><span style=""color: rgb(255, 85, 0);"">Mais-que-Perfeito</span></b>",tinha telefonado,tinhas telefonado,tinha telefonado,tínhamos telefonado,tinham telefonado,,,,,,/ˈtiɲɐ tɨlɨfuˈnadu/,/ˈtiɲɐʃ tɨlɨfuˈnadu/,/ˈtiɲɐ tɨlɨfuˈnadu/,/ˈtiɲɐmuʃ tɨlɨfuˈnadu/,/ˈtiɲɐ̃w̃ tɨlɨfuˈnadu/,,,,,,,course-code::pt-conjugation verbs::ending::pt::ar verbs verbs::ending::pt::ar verbs::mood::pt::indicativo verbs::tense::pt::mais-que-perfeito verbs::unit-code::pt-conjugation::mais-que-perfeito
Viajar + mais-que-perfeito,Viajar,"<b><span style=""color: rgb(255, 85, 0);"">Mais-que-Perfeito</span></b>",tinha viajado,tinhas viajado,tinha viajado,tínhamos viajado,tinham viajado,,,,,,/ˈtiɲɐ viɐˈʒadu/,/ˈtiɲɐʒ viɐˈʒadu/,/ˈtiɲɐ viɐˈʒadu/,/ˈtiɲɐmuʒ viɐˈʒadu/,/ˈtiɲɐ̃w̃ viɐˈʒadu/,,,,,,,course-code::pt-conjugation verbs::ending::pt::ar verbs verbs::ending::pt::ar verbs::mood::pt::indicativo verbs::tense::pt::mais-que-perfeito verbs::unit-code::pt-conjugation::mais-que-perfeito
Comer + mais-que-perfeito,Comer,"<b><span style=""color: rgb(255, 85, 0);"">Mais-que-Perfeito</span></b>",tinha comido,tinhas comido,tinha comido,tínhamos comido,tinham comido,,,,,,/ˈtiɲɐ kuˈmidu/,/ˈtiɲɐʃ kuˈmidu/,/ˈtiɲɐ kuˈmidu/,/ˈtiɲɐmuʃ kuˈmidu/,/ˈtiɲɐ̃w̃ kuˈmidu/,,,,,,,course-code::pt-conjugation verbs::ending::pt::er verbs verbs::ending::pt::er verbs::mood::pt::indicativo verbs::tense::pt::mais-que-perfeito verbs::unit-code::pt-conjugation::mais-que-perfeito
Compreender + mais-que-perfeito,Compreender,"<b><span style=""color: rgb(255, 85, 0);"">Mais-que-Perfeito</span></b>",tinha compreendido,tinhas compreendido,tinha compreendido,tínhamos compreendido,tinham compreendido,,,,,,/ˈtiɲɐ kõpɾɨẽˈdidu/,/ˈtiɲɐʃ kõpɾɨẽˈdidu/,/ˈtiɲɐ kõpɾɨẽˈdidu/,/ˈtiɲɐmuʃ kõpɾɨẽˈdidu/,/ˈtiɲɐ̃w̃ kõpɾɨẽˈdidu/,,,,,,,course-code::pt-conjugation verbs::ending::pt::er verbs verbs::ending::pt::er verbs::mood::pt::indicativo verbs::tense::pt::mais-que-perfeito verbs::unit-code::pt-conjugation::mais-que-perfeito
Conhecer + mais-que-perfeito,Conhecer,"<b><span style=""color: rgb(255, 85, 0);"">Mais-que-Perfeito</span></b>",tinha conhecido,tinhas conhecido,tinha conhecido,tínhamos conhecido,tinham conhecido,,,,,,/ˈtiɲɐ kuɲɨˈsidu/,/ˈtiɲɐʃ kuɲɨˈsidu/,/ˈtiɲɐ kuɲɨˈsidu/,/ˈtiɲɐmuʃ kuɲɨˈsidu/,/ˈtiɲɐ̃w̃ kuɲɨˈsidu/,,,,,,,course-code::pt-conjugation verbs::ending::pt::er verbs verbs::ending::pt::er verbs::mood::pt::indicativo verbs::tense::pt::mais-que-perfeito verbs::unit-code::pt-conjugation::mais-que-perfeito
Escolher + mais-que-perfeito,Escolher,"<b><span style=""color: rgb(255, 85, 0);"">Mais-que-Perfeito</span></b>",tinha escolhido,tinhas escolhido,tinha escolhido,tínhamos escolhido,tinham escolhido,,,,,,/ˈtiɲɐ ʃkuˈʎidu/,/ˈtiɲɐʃ ʃkuˈʎidu/,/ˈtiɲɐ ʃkuˈʎidu/,/ˈtiɲɐmuʃ ʃkuˈʎidu/,/ˈtiɲɐ̃w̃ ʃkuˈʎidu/,,,,,,,course-code::pt-conjugation verbs::ending::pt::er verbs verbs::ending::pt::er verbs::mood::pt::indicativo verbs::tense::pt::mais-que-perfeito verbs::unit-code::pt-conjugation::mais-que-perfeito
Ler + mais-que-perfeito,Ler,"<b><span style=""color: rgb(255, 85, 0);"">Mais-que-Perfeito</span></b>",tinha lido,tinhas lido,tinha lido,tínhamos lido,tinham lido,,,,,,/ˈtiɲɐ ˈlidu/,/ˈtiɲɐʒ ˈlidu/,/ˈtiɲɐ ˈlidu/,/ˈtiɲɐmuʒ ˈlidu/,/ˈtiɲɐ̃w̃ ˈlidu/,,,,,,,course-code::pt-conjugation verbs::ending::pt::er verbs verbs::ending::pt::er verbs::mood::pt::indicativo verbs::tense::pt::mais-que-perfeito verbs::unit-code::pt-conjugation::mais-que-perfeito
Obter + mais-que-perfeito,Obter,"<b><span style=""color: rgb(255, 85, 0);"">Mais-que-Perfeito</span></b>",tinha obtido,tinhas obtido,tinha obtido,tínhamos obtido,tinham obtido,,,,,,/ˈtiɲɐ oˈbtidu/,/ˈtiɲɐz oˈbtidu/,/ˈtiɲɐ oˈbtidu/,/ˈtiɲɐmuz oˈbtidu/,/ˈtiɲɐ̃w̃ oˈbtidu/,,,,,,,course-code::pt-conjugation verbs::ending::pt::er verbs verbs::ending::pt::er verbs::mood::pt::indicativo verbs::tense::pt::mais-que-perfeito verbs::unit-code::pt-conjugation::mais-que-perfeito
Perder + mais-que-perfeito,Perder,"<b><span style=""color: rgb(255, 85, 0);"">Mais-que-Perfeito</span></b>",tinha perdido,tinhas perdido,tinha perdido,tínhamos perdido,tinham perdido,,,,,,/ˈtiɲɐ pɨɾˈdidu/,/ˈtiɲɐʃ pɨɾˈdidu/,/ˈtiɲɐ pɨɾˈdidu/,/ˈtiɲɐmuʃ pɨɾˈdidu/,/ˈtiɲɐ̃w̃ pɨɾˈdidu/,,,,,,,course-code::pt-conjugation verbs::ending::pt::er verbs verbs::ending::pt::er verbs::mood::pt::indicativo verbs::tense::pt::mais-que-perfeito verbs::unit-code::pt-conjugation::mais-que-perfeito
Querer + mais-que-perfeito,Querer,"<b><span style=""color: rgb(255, 85, 0);"">Mais-que-Perfeito</span></b>",tinha querido,tinhas querido,tinha querido,tínhamos querido,tinham querido,,,,,,/ˈtiɲɐ kɨˈɾidu/,/ˈtiɲɐʃ kɨˈɾidu/,/ˈtiɲɐ kɨˈɾidu/,/ˈtiɲɐmuʃ kɨˈɾidu/,/ˈtiɲɐ̃w̃ kɨˈɾidu/,,,,,,,course-code::pt-conjugation verbs::ending::pt::er verbs verbs::ending::pt::er verbs::mood::pt::indicativo verbs::tense::pt::mais-que-perfeito verbs::unit-code::pt-conjugation::mais-que-perfeito
Vender + mais-que-perfeito,Vender,"<b><span style=""color: rgb(255, 85, 0);"">Mais-que-Perfeito</span></b>",tinha vendido,tinhas vendido,tinha vendido,tínhamos vendido,tinham vendido,,,,,,/ˈtiɲɐ vẽˈdidu/,/ˈtiɲɐʒ vẽˈdidu/,/ˈtiɲɐ vẽˈdidu/,/ˈtiɲɐmuʒ vẽˈdidu/,/ˈtiɲɐ̃w̃ vẽˈdidu/,,,,,,,course-code::pt-conjugation verbs::ending::pt::er verbs verbs::ending::pt::er verbs::mood::pt::indicativo verbs::tense::pt::mais-que-perfeito verbs::unit-code::pt-conjugation::mais-que-perfeito
Ver + mais-que-perfeito,Ver,"<b><span style=""color: rgb(255, 85, 0);"">Mais-que-Perfeito</span></b>",tinha visto,tinhas visto,tinha visto,tínhamos visto,tinham visto,,,,,,/ˈtiɲɐ ˈviʃtu/,/ˈtiɲɐʒ ˈviʃtu/,/ˈtiɲɐ ˈviʃtu/,/ˈtiɲɐmuʒ ˈviʃtu/,/ˈtiɲɐ̃w̃ ˈviʃtu/,,,,,,,course-code::pt-conjugation verbs::ending::pt::er verbs verbs::ending::pt::er verbs::mood::pt::indicativo verbs::tense::pt::mais-que-perfeito verbs::unit-code::pt-conjugation::mais-que-perfeito
Assistir + mais-que-perfeito,Assistir,"<b><span style=""color: rgb(255, 85, 0);"">Mais-que-Perfeito</span></b>",tinha assistido,tinhas assistido,tinha assistido,tínhamos assistido,tinham assistido,,,,,,/ˈtiɲɐ ɐsiˈʃtidu/,/ˈtiɲɐz ɐsiˈʃtidu/,/ˈtiɲɐ ɐsiˈʃtidu/,/ˈtiɲɐmuz ɐsiˈʃtidu/,/ˈtiɲɐ̃w̃ ɐsiˈʃtidu/,,,,,,,course-code::pt-conjugation verbs::ending::pt::ir verbs verbs::ending::pt::ir verbs::mood::pt::indicativo verbs::tense::pt::mais-que-perfeito verbs::unit-code::pt-conjugation::mais-que-perfeito
Divertir + mais-que-perfeito,Divertir,"<b><span style=""color: rgb(255, 85, 0);"">Mais-que-Perfeito</span></b>",tinha divertido,tinhas divertido,tinha divertido,tínhamos divertido,tinham divertido,,,,,,/ˈtiɲɐ divɨɾˈtidu/,/ˈtiɲɐʒ divɨɾˈtidu/,/ˈtiɲɐ divɨɾˈtidu/,/ˈtiɲɐmuʒ divɨɾˈtidu/,/ˈtiɲɐ̃w̃ divɨɾˈtidu/,,,,,,,course-code::pt-conjugation verbs::ending::pt::ir verbs verbs::ending::pt::ir verbs::mood::pt::indicativo verbs::tense::pt::mais-que-perfeito verbs::unit-code::pt-conjugation::mais-que-perfeito
Fugir + mais-que-perfeito,Fugir,"<b><span style=""color: rgb(255, 85, 0);"">Mais-que-Perfeito</span></b>",tinha fugido,tinhas fugido,tinha fugido,tínhamos fugido,tinham fugido,,,,,,/ˈtiɲɐ fuˈʒidu/,/ˈtiɲɐʃ fuˈʒidu/,/ˈtiɲɐ fuˈʒidu/,/ˈtiɲɐmuʃ fuˈʒidu/,/ˈtiɲɐ̃w̃ fuˈʒidu/,,,,,,,course-code::pt-conjugation verbs::ending::pt::ir verbs verbs::ending::pt::ir verbs::mood::pt::indicativo verbs::tense::pt::mais-que-perfeito verbs::unit-code::pt-conjugation::mais-que-perfeito
Ouvir + mais-que-perfeito,Ouvir,"<b><span style=""color: rgb(255, 85, 0);"">Mais-que-Perfeito</span></b>",tinha ouvido,tinhas ouvido,tinha ouvido,tínhamos ouvido,tinham ouvido,,,,,,/ˈtiɲɐ oˈvidu/,/ˈtiɲɐz oˈvidu/,/ˈtiɲɐ oˈvidu/,/ˈtiɲɐmuz oˈvidu/,/ˈtiɲɐ̃w̃ oˈvidu/,,,,,,,course-code::pt-conjugation verbs::ending::pt::ir verbs verbs::ending::pt::ir verbs::mood::pt::indicativo verbs::tense::pt::mais-que-perfeito verbs::unit-code::pt-conjugation::mais-que-perfeito
Pedir + mais-que-perfeito,Pedir,"<b><span style=""color: rgb(255, 85, 0);"">Mais-que-Perfeito</span></b>",tinha pedido,tinhas pedido,tinha pedido,tínhamos pedido,tinham pedido,,,,,,/ˈtiɲɐ pɨˈdidu/,/ˈtiɲɐʃ pɨˈdidu/,/ˈtiɲɐ pɨˈdidu/,/ˈtiɲɐmuʃ pɨˈdidu/,/ˈtiɲɐ̃w̃ pɨˈdidu/,,,,,,,course-code::pt-conjugation verbs::ending::pt::ir verbs verbs::ending::pt::ir verbs::mood::pt::indicativo verbs::tense::pt::mais-que-perfeito verbs::unit-code::pt-conjugation::mais-que-perfeito
Referir + mais-que-perfeito,Referir,"<b><span style=""color: rgb(255, 85, 0);"">Mais-que-Perfeito</span></b>",tinha referido,tinhas referido,tinha referido,tínhamos referido,tinham referido,,,,,,/ˈtiɲɐ ʁɨfɨˈɾidu/,/ˈtiɲɐʒ ʁɨfɨˈɾidu/,/ˈtiɲɐ ʁɨfɨˈɾidu/,/ˈtiɲɐmuʒ ʁɨfɨˈɾidu/,/ˈtiɲɐ̃w̃ ʁɨfɨˈɾidu/,,,,,,,course-code::pt-conjugation verbs::ending::pt::ir verbs verbs::ending::pt::ir verbs::mood::pt::indicativo verbs::tense::pt::mais-que-perfeito verbs::unit-code::pt-conjugation::mais-que-perfeito
Sentir + mais-que-perfeito,Sentir,"<b><span style=""color: rgb(255, 85, 0);"">Mais-que-Perfeito</span></b>",tinha sentido,tinhas sentido,tinha sentido,tínhamos sentido,tinham sentido,,,,,,/ˈtiɲɐ sẽˈtidu/,/ˈtiɲɐʃ sẽˈtidu/,/ˈtiɲɐ sẽˈtidu/,/ˈtiɲɐmuʃ sẽˈtidu/,/ˈtiɲɐ̃w̃ sẽˈtidu/,,,,,,,course-code::pt-conjugation verbs::ending::pt::ir verbs verbs::ending::pt::ir verbs::mood::pt::indicativo verbs::tense::pt::mais-que-perfeito verbs::unit-code::pt-conjugation::mais-que-perfeito
Vestir + mais-que-perfeito,Vestir,"<b><span style=""color: rgb(255, 85, 0);"">Mais-que-Perfeito</span></b>",tinha vestido,tinhas vestido,tinha vestido,tínhamos vestido,tinham vestido,,,,,,/ˈtiɲɐ vɨˈʃtidu/,/ˈtiɲɐʒ vɨˈʃtidu/,/ˈtiɲɐ vɨˈʃtidu/,/ˈtiɲɐmuʒ vɨˈʃtidu/,/ˈtiɲɐ̃w̃ vɨˈʃtidu/,,,,,,,course-code::pt-conjugation verbs::ending::pt::ir verbs verbs::ending::pt::ir verbs::mood::pt::indicativo verbs::tense::pt::mais-que-perfeito verbs::unit-code::pt-conjugation::mais-que-perfeito
Ir + mais-que-perfeito,Ir,"<b><span style=""color: rgb(255, 85, 0);"">Mais-que-Perfeito</span></b>",tinha ido,tinhas ido,tinha ido,tínhamos ido,tinham ido,,,,,,/ˈtiɲɐ ˈidu/,/ˈtiɲɐz ˈidu/,/ˈtiɲɐ ˈidu/,/ˈtiɲɐmuz ˈidu/,/ˈtiɲɐ̃w̃ ˈidu/,,,,,,,course-code::pt-conjugation verbs::ending::pt::ir verbs verbs::ending::pt::ir verbs::mood::pt::indicativo verbs::tense::pt::mais-que-perfeito verbs::unit-code::pt-conjugation::mais-que-perfeito
Pôr + mais-que-perfeito,Pôr,"<b><span style=""color: rgb(255, 85, 0);"">Mais-que-Perfeito</span></b>",tinha posto,tinhas posto,tinha posto,tínhamos posto,tinham posto,,,,,,/ˈtiɲɐ ˈpɔʃtu/,/ˈtiɲɐʃ ˈpɔʃtu/,/ˈtiɲɐ ˈpɔʃtu/,/ˈtiɲɐmuʃ ˈpɔʃtu/,/ˈtiɲɐ̃w̃ ˈpɔʃtu/,,,,,,,course-code::pt-conjugation verbs::ending::pt::or verbs verbs::ending::pt::or verbs::mood::pt::indicativo verbs::tense::pt::mais-que-perfeito verbs::unit-code::pt-conjugation::mais-que-perfeito
Ser + mais-que-perfeito,Ser,"<b><span style=""color: rgb(255, 85, 0);"">Mais-que-Perfeito</span></b>",tinha sido,tinhas sido,tinha sido,tínhamos sido,tinham sido,,,,,,/ˈtiɲɐ ˈsidu/,/ˈtiɲɐʃ ˈsidu/,/ˈtiɲɐ ˈsidu/,/ˈtiɲɐmuʃ ˈsidu/,/ˈtiɲɐ̃w̃ ˈsidu/,,,,,,,course-code::pt-conjugation verbs::ending::pt::er verbs verbs::ending::pt::er verbs::mood::pt::indicativo verbs::tense::pt::mais-que-perfeito verbs::unit-code::pt-conjugation::mais-que-perfeito
Ter + mais-que-perfeito,Ter,"<b><span style=""color: rgb(255, 85, 0);"">Mais-que-Perfeito</span></b>",tinha tido,tinhas tido,tinha tido,tínhamos tido,tinham tido,,,,,,/ˈtiɲɐ ˈtidu/,/ˈtiɲɐʃ ˈtidu/,/ˈtiɲɐ ˈtidu/,/ˈtiɲɐmuʃ ˈtidu/,/ˈtiɲɐ̃w̃ ˈtidu/,,,,,,,course-code::pt-conjugation verbs::ending::pt::er verbs verbs::ending::pt::er verbs::mood::pt::indicativo verbs::tense::pt::mais-que-perfeito verbs::unit-code::pt-conjugation::mais-que-perfeito
Trazer + mais-que-perfeito,Trazer,"<b><span style=""color: rgb(255, 85, 0);"">Mais-que-Perfeito</span></b>",tinha trazido,tinhas trazido,tinha trazido,tínhamos trazido,tinham trazido,,,,,,/ˈtiɲɐ tɾɐˈzidu/,/ˈtiɲɐʃ tɾɐˈzidu/,/ˈtiɲɐ tɾɐˈzidu/,/ˈtiɲɐmuʃ tɾɐˈzidu/,/ˈtiɲɐ̃w̃ tɾɐˈzidu/,,,,,,,course-code::pt-conjugation verbs::ending::pt::er verbs verbs::ending::pt::er verbs::mood::pt::indicativo verbs::tense::pt::mais-que-perfeito verbs::unit-code::pt-conjugation::mais-que-perfeito
baralhar-se + Presente do Indicativo,baralhar-se,"<span style=""color: rgb(0, 85, 255);""><b>presente</b></span>",baralho-me,baralhas-te,baralha-se,baralhamo-nos,baralham-se,não me baralho,não te baralhas,não se baralha,não nos baralhamos,não se baralham,bɐɾɐˈʎɔmɨ,bɐɾɐˈʎastɨ,bɐɾɐˈʎasɨ,bɐɾɐʎɐˈmɔnuʃ,bɐɾɐˈʎɐ̃sɨ,ˈnɐ̃w̃ ˈmɛ bɐˈɾaʎu,ˈnɐ̃w̃ ˈtɛ bɐˈɾaʎɐʃ,ˈnɐ̃w̃ sɨ bɐˈɾaʎɐ,ˈnɐ̃w̃ ˈnɔʒ bɐɾɐˈʎɐmuʃ,ˈnɐ̃w̃ sɨ bɐˈɾaʎɐ̃w̃,,course-code::pt-conjugation verbs::ending::pt::ar verbs::flag::pt::reflexos verbs::mood::pt::indicativo verbs::tense::pt::presente verbs::unit-code::pt-conjugation::present verbs::unit-code::pt-conjugation::presente
tropeçar + Presente,tropeçar,"<span style=""color: rgb(0, 85, 255);""><b>presente</b></span>",tropeço,tropeças,tropeça,tropeçamos,tropeçam,,,,,,tɾuˈpɛsu,tɾuˈpɛsɐʃ,tɾuˈpɛsɐ,tɾupɨˈsɐmuʃ,tɾuˈpɛsɐ̃w̃,,,,,,,course-code::pt-conjugation verbs::ending::pt::ar verbs::mood::pt::indicativo verbs::tense::pt::presente verbs::unit-code::pt-conjugation::present verbs::unit-code::pt-conjugation::presente
sobreviver + Presente,sobreviver,"<span style=""color: rgb(0, 85, 255);""><b>presente</b></span>",sobrevivo,sobrevives,sobrevive,sobrevivemos,sobrevivem,,,,,,subɾɨˈvivu,subɾɨˈvivɨʃ,subɾɨˈvivɨ,subɾɨviˈvemuʃ,subɾɨˈvivɐ̃j̃,,,,,,,course-code::pt-conjugation verbs verbs::ending::pt::er verbs::mood::pt::indicativo verbs::tense::pt::presente verbs::unit-code::pt-conjugation::present verbs::unit-code::pt-conjugation::presente
abandonar + Presente,abandonar,"<span style=""color: rgb(0, 85, 255);""><b>presente</b></span>",abandono,abandonas,abandona,abandonamos,abandonam,,,,,,ɐbɐ̃ˈdɔnu,ɐbɐ̃ˈdɔnɐʃ,ɐbɐ̃ˈdonɐ,ɐbɐ̃duˈnɐmuʃ,ɐbɐ̃ˈdɔnɐ̃w̃,,,,,,,course-code::pt-conjugation verbs::ending::pt::ar verbs::mood::pt::indicativo verbs::tense::pt::presente verbs::unit-code::pt-conjugation::present verbs::unit-code::pt-conjugation::presente
tropeçar + Pretérito Perfeito,tropeçar,"<span style=""color: rgb(255, 0, 0);""><b>passado (PPS)</b></span>",tropecei,tropeçaste,tropeçou,tropeçamos,tropeçaram,,,,,,tɾupɨˈsɐj,tɾupɨˈsaʃtɨ,tɾupɨˈso,tɾupɨˈsɐmuʃ,tɾupɨˈsaɾɐ̃w̃,,,,,,,course-code::pt-conjugation verbs verbs::ending::pt::ar verbs::mood::pt::indicativo verbs::tense::pt::preterito-perfeito-simples-pps verbs::unit-code::pt-conjugation::preterito-perfeito-simples-pps
sobreviver + Pretérito Perfeito,sobreviver,"<span style=""color: rgb(255, 0, 0);""><b>passado (PPS)</b></span>",sobrevivi,sobreviveste,sobreviveu,sobrevivemos,sobreviveram,,,,,,subɾɨviˈvi,subɾɨviˈveʃtɨ,subɾɨviˈvew,subɾɨviˈvemuʃ,subɾɨviˈveɾɐ̃w̃,,,,,,,course-code::pt-conjugation verbs verbs::ending::pt::er verbs::mood::pt::indicativo verbs::tense::pt::preterito-perfeito-simples-pps verbs::unit-code::pt-conjugation::preterito-perfeito-simples-pps
abandonar + passado (PPS),abandonar,"<span style=""color: rgb(255, 0, 0);""><b>passado (PPS)</b></span>",abandonei,abandonaste,abandonou,abandonamos,abandonaram,,,,,,ɐbɐ̃duˈnɐj,ɐbɐ̃duˈnaʃtɨ,ɐbɐ̃duˈno,ɐbɐ̃duˈnɐmuʃ,ɐbɐ̃duˈnaɾɐ̃w̃,,,,,,,course-code::pt-conjugation verbs verbs::ending::pt::ar verbs::mood::pt::indicativo verbs::tense::pt::preterito-perfeito-simples-pps verbs::unit-code::pt-conjugation::preterito-perfeito-simples-pps
divertir + presente,divertir,presente,divirto,divertes,diverte,divertimos,divertem,,,,,,diˈviɾtu,diˈvɛɾtɨʃ,diˈvɛɾtɨ,divɨɾˈtimuʃ,diˈvɛɾtɐ̃j̃,,,,,,,course-code::pt-b2.1 course-code::pt-b2.1::00-repaso course-code::pt-conjugation pt verbs::ending::pt::ir verbs::flag::pt::tricky verbs::mood::pt::indicativo verbs::tense::pt::presente verbs::unit-code::pt-conjugation::present verbs::unit-code::pt-conjugation::presente
cobrir + presente,cobrir,presente,cubro,cobres,cobre,cobrimos,cobrem,,,,,,ˈkubɾu,ˈkɔbɾɨʃ,ˈkɔbɾɨ,kuˈbɾimuʃ,ˈkɔbɾɐ̃j̃,,,,,,,course-code::pt-b2.1 course-code::pt-b2.1::00-repaso course-code::pt-conjugation pt verbs::ending::pt::ir verbs::flag::pt::tricky verbs::mood::pt::indicativo verbs::tense::pt::presente verbs::unit-code::pt-conjugation::present verbs::unit-code::pt-conjugation::presente
descobrir + presente,descobrir,presente,descubro,descobres,descobre,descobrimos,descobrem,,,,,,dɨˈʃkubɾu,dɨˈʃkɔbɾɨʃ,dɨˈʃkɔbɾɨ,dɨʃkuˈbɾimuʃ,dɨˈʃkɔbɾɐ̃j̃,,,,,,,course-code::pt-b2.1 course-code::pt-b2.1::00-repaso course-code::pt-conjugation pt verbs::ending::pt::ir verbs::flag::pt::tricky verbs::mood::pt::indicativo verbs::tense::pt::presente verbs::unit-code::pt-conjugation::present verbs::unit-code::pt-conjugation::presente
decorar + presente,decorar (memorizar &amp;amp; decorar),presente,decoro,decoras,decora,decoramos,decoram,,,,,,dɨˈkɔɾu,dɨˈkɔɾɐʃ,dɨˈkɔɾɐ,dɨkuˈɾɐmuʃ,dɨˈkɔɾɐ̃w̃,,,,,,,course-code::pt-b2.1 course-code::pt-b2.1::00-repaso course-code::pt-conjugation pt verbs::ending::pt::ar verbs::flag::pt::tricky verbs::mood::pt::indicativo verbs::tense::pt::presente verbs::unit-code::pt-conjugation::present verbs::unit-code::pt-conjugation::presente
sofrer + presente,sofrer,presente,sofro,sofres,sofre,sofremos,sofrem,,,,,,ˈsɔfɾu,ˈsɔfɾɨʃ,ˈsɔfɾɨ,suˈfɾemuʃ,ˈsɔfɾɐ̃j̃,,,,,,,course-code::pt-b2.1 course-code::pt-b2.1::00-repaso course-code::pt-conjugation pt verbs::ending::pt::er verbs::flag::pt::tricky verbs::mood::pt::indicativo verbs::tense::pt::presente verbs::unit-code::pt-conjugation::present verbs::unit-code::pt-conjugation::presente
duvidar + presente,duvidar (dudar ),presente,duvido,duvidas,duvida,duvidamos,duvidam,,,,,,duˈvidu,duˈvidɐʃ,duˈvidɐ,duviˈdɐmuʃ,duˈvidɐ̃w̃,,,,,,,course-code::pt-b2.1 course-code::pt-b2.1::00-repaso course-code::pt-conjugation pt verbs::ending::pt::ar verbs::mood::pt::indicativo verbs::tense::pt::presente verbs::unit-code::pt-conjugation::present verbs::unit-code::pt-conjugation::presente